#
# There is insufficient memory for the Java Runtime Environment to continue.
# Native memory allocation (malloc) failed to allocate 384928 bytes. Error detail: Chunk::new
# Possible reasons:
#   The system is out of physical RAM or swap space
#   This process is running with CompressedOops enabled, and the Java Heap may be blocking the growth of the native heap
# Possible solutions:
#   Reduce memory load on the system
#   Increase physical memory or swap space
#   Check if swap backing store is full
#   Decrease Java heap size (-Xmx/-Xms)
#   Decrease number of Java threads
#   Decrease Java thread stack sizes (-Xss)
#   Set larger code cache with -XX:ReservedCodeCacheSize=
#   JVM is running with Unscaled Compressed Oops mode in which the Java heap is
#     placed in the first 4GB address space. The Java Heap base address is the
#     maximum limit for the native heap growth. Please use -XX:HeapBaseMinAddress
#     to set the Java Heap base and to place the Java Heap above 4GB virtual address.
# This output file may be truncated or incomplete.
#
#  Out of Memory Error (arena.cpp:168), pid=26100, tid=41012
#
# JRE version: OpenJDK Runtime Environment (21.0.9) (build 21.0.9+-14649483-b1163.86)
# Java VM: OpenJDK 64-Bit Server VM (21.0.9+-14649483-b1163.86, mixed mode, tiered, compressed oops, compressed class ptrs, g1 gc, windows-amd64)
# No core dump will be written. Minidumps are not enabled by default on client versions of Windows
#

---------------  S U M M A R Y ------------

Command Line: --add-opens=java.base/java.util=ALL-UNNAMED --add-opens=java.base/java.lang=ALL-UNNAMED --add-opens=java.base/java.lang.invoke=ALL-UNNAMED --add-opens=java.prefs/java.util.prefs=ALL-UNNAMED --add-opens=java.base/java.nio.charset=ALL-UNNAMED --add-opens=java.base/java.net=ALL-UNNAMED --add-opens=java.base/java.util.concurrent.atomic=ALL-UNNAMED -Xmx2048m -Dfile.encoding=UTF-8 -Duser.country=CN -Duser.language=zh -Duser.variant -javaagent:C:\Users\11201\.gradle\wrapper\dists\gradle-8.7-all\549ctztx5g5jixmk70l9ykwir\gradle-8.7\lib\agents\gradle-instrumentation-agent-8.7.jar org.gradle.launcher.daemon.bootstrap.GradleDaemon 8.7

Host: 13th Gen Intel(R) Core(TM) i7-13700H, 20 cores, 15G,  Windows 11 , 64 bit Build 22621 (10.0.22621.5415)
Time: Thu May  7 17:35:00 2026 elapsed time: 11.896187 seconds (0d 0h 0m 11s)

---------------  T H R E A D  ---------------

Current thread (0x0000027114748b80):  JavaThread "C2 CompilerThread1" daemon [_thread_in_native, id=41012, stack(0x00000076d4400000,0x00000076d4500000) (1024K)]


Current CompileTask:
C2:11896 16848       4       java.lang.String::split (242 bytes)

Stack: [0x00000076d4400000,0x00000076d4500000]
Native frames: (J=compiled Java code, j=interpreted, Vv=VM code, C=native code)
V  [jvm.dll+0x6d6c99]
V  [jvm.dll+0x866b83]
V  [jvm.dll+0x86919e]
V  [jvm.dll+0x869883]
V  [jvm.dll+0x280776]
V  [jvm.dll+0xc07cd]
V  [jvm.dll+0xc0d03]
V  [jvm.dll+0x3b986b]
V  [jvm.dll+0x1dfcb2]
V  [jvm.dll+0x2495b4]
V  [jvm.dll+0x248a31]
V  [jvm.dll+0x1c7344]
V  [jvm.dll+0x2581ae]
V  [jvm.dll+0x2566f6]
V  [jvm.dll+0x3f48a6]
V  [jvm.dll+0x80f118]
V  [jvm.dll+0x6d54ed]
C  [ucrtbase.dll+0x29333]
C  [KERNEL32.DLL+0x1259d]
C  [ntdll.dll+0x5af78]


---------------  P R O C E S S  ---------------

Threads class SMR info:
_java_thread_list=0x000002717e8d6560, length=276, elements={
0x0000027173e5bff0, 0x000002717e258750, 0x000002717e259fa0, 0x000002717e2871a0,
0x000002717e2992c0, 0x000002717e2be2f0, 0x000002717e2c0500, 0x000002717e2c5c10,
0x000002717e2c69a0, 0x000002717e2c7be0, 0x000002717e475260, 0x000002717e475910,
0x000002717e79c620, 0x000002717f44f500, 0x00000271138b6ba0, 0x0000027113907a90,
0x00000271138d90b0, 0x00000271138d7d00, 0x00000271138d7670, 0x00000271138da460,
0x00000271138d8390, 0x00000271138d9740, 0x00000271138d8a20, 0x00000271138d6fe0,
0x000002711431cf30, 0x000002711431b4f0, 0x0000027114319ab0, 0x000002711431ae60,
0x000002711431e2e0, 0x000002711431e970, 0x000002711431f000, 0x0000027114318070,
0x000002711431a140, 0x0000027114319420, 0x000002711431f690, 0x0000027114318700,
0x0000027114318d90, 0x000002711431c210, 0x000002711431c8a0, 0x000002711807a200,
0x000002711807cff0, 0x00000271180794e0, 0x0000027118076060, 0x0000027118079b70,
0x000002711807c2d0, 0x000002711807b5b0, 0x0000027118076d80, 0x00000271180787c0,
0x000002711807a890, 0x0000027118077aa0, 0x0000027118077410, 0x00000271180766f0,
0x000002711807c960, 0x0000027116e120e0, 0x0000027116e141b0, 0x0000027116e14ed0,
0x0000027116e14840, 0x0000027116e15560, 0x0000027116e15bf0, 0x0000027116e16280,
0x0000027116e16fa0, 0x0000027116e13490, 0x0000027116e16910, 0x0000027116e17cc0,
0x0000027116e13b20, 0x0000027116e18350, 0x0000027116e17630, 0x0000027116e189e0,
0x0000027116e11a50, 0x0000027116e19070, 0x0000027116e12e00, 0x0000027117d7e1d0,
0x0000027117d7e860, 0x0000027117d7ad50, 0x0000027117d80930, 0x0000027117d7eef0,
0x0000027117d7db40, 0x0000027117d7d4b0, 0x0000027117d7ce20, 0x0000027117d80fc0,
0x0000027117d7f580, 0x0000027117d81650, 0x0000027117d7b3e0, 0x0000027117d7a6c0,
0x0000027117d7fc10, 0x0000027117d81ce0, 0x0000027117d7ba70, 0x0000027117d7c790,
0x0000027117d7c100, 0x0000027116a2f1d0, 0x0000027116a312a0, 0x0000027116a2f860,
0x0000027116a31fc0, 0x0000027116a34090, 0x000002711576caa0, 0x000002711576b060,
0x000002711576bd80, 0x000002711576b6f0, 0x00000271157705b0, 0x000002711576d130,
0x00000271157712d0, 0x000002711576f200, 0x000002711576f890, 0x000002711576ff20,
0x0000027115770c40, 0x000002711576d7c0, 0x000002711576c410, 0x0000027115771960,
0x000002711576e4e0, 0x0000027115771ff0, 0x0000027115772680, 0x000002711576de50,
0x000002711576eb70, 0x00000271164c15c0, 0x00000271164c3000, 0x00000271164c3690,
0x00000271164c2970, 0x00000271164c08a0, 0x00000271164c3d20, 0x00000271164c43b0,
0x00000271164c1c50, 0x00000271164c22e0, 0x00000271164c4a40, 0x00000271164bdab0,
0x00000271164c50d0, 0x00000271164be140, 0x00000271164bf4f0, 0x00000271164bee60,
0x00000271164be7d0, 0x00000271164bfb80, 0x00000271164c0210, 0x0000027116f4e860,
0x0000027116f4e1d0, 0x0000027116f4d4b0, 0x0000027116f4c100, 0x0000027116f4c790,
0x0000027116f4ba70, 0x0000027116f4ce20, 0x0000027116f48c80, 0x0000027116f4ad50,
0x0000027116f499a0, 0x0000027116f4eef0, 0x0000027116f4a030, 0x0000027116f4f580,
0x0000027116f4b3e0, 0x0000027116f4fc10, 0x0000027116f502a0, 0x0000027116f49310,
0x0000027116f557f0, 0x0000027116f55160, 0x0000027116f53720, 0x0000027116f52a00,
0x0000027116f50fc0, 0x0000027116f50930, 0x0000027116f51650, 0x0000027116f4a6c0,
0x0000027116f55e80, 0x0000027116f53db0, 0x0000027116f54440, 0x0000027116f56510,
0x0000027116f56ba0, 0x0000027116f57230, 0x0000027116f578c0, 0x0000027116f57f50,
0x0000027116f52370, 0x0000027116f51ce0, 0x0000027118c63c40, 0x0000027118c62890,
0x0000027118c5faa0, 0x0000027118c64960, 0x0000027118c62f20, 0x0000027118c64ff0,
0x0000027118c614e0, 0x0000027118c635b0, 0x0000027118c61b70, 0x0000027118c60130,
0x0000027118c5e6f0, 0x0000027118c62200, 0x0000027118c607c0, 0x0000027115627ee0,
0x0000027115629290, 0x0000027115629920, 0x000002711562e150, 0x000002711562b360,
0x000002711562d430, 0x0000027115629fb0, 0x000002711562b9f0, 0x000002711562c080,
0x000002711562c710, 0x000002711562cda0, 0x00000271148d6650, 0x00000271148d4580,
0x00000271148d5fc0, 0x00000271148d5930, 0x00000271148d6ce0, 0x00000271148d3860,
0x00000271148d3ef0, 0x00000271148d1100, 0x0000027114748b80, 0x00000271148cfd50,
0x00000271148d1790, 0x00000271148d0a70, 0x00000271148d52a0, 0x00000271148d03e0,
0x00000271148d8090, 0x00000271148d24b0, 0x00000271148d2b40, 0x00000271148d1e20,
0x00000271148d9ad0, 0x00000271148d9440, 0x00000271148da160, 0x00000271148d7a00,
0x00000271148d8db0, 0x00000271148d7370, 0x00000271148d8720, 0x00000271148d31d0,
0x00000271148da7f0, 0x00000271148dae80, 0x00000271148db510, 0x00000271148de300,
0x00000271148dc8c0, 0x00000271148de990, 0x00000271148ddc70, 0x00000271148dbba0,
0x00000271148dc230, 0x00000271148dcf50, 0x00000271148dd5e0, 0x0000027115623d40,
0x000002711561fba0, 0x0000027115622300, 0x0000027115622990, 0x0000027115623020,
0x00000271156236b0, 0x00000271156243d0, 0x0000027115624a60, 0x00000271156250f0,
0x0000027115625780, 0x0000027115625e10, 0x00000271156264a0, 0x000002711561f510,
0x0000027115620f50, 0x0000027115626b30, 0x0000027115620230, 0x000002711562dac0,
0x0000027115628c00, 0x0000027115627850, 0x000002711561ee80, 0x0000027115628570,
0x000002711562acd0, 0x0000027118c642d0, 0x0000027118c60e50, 0x0000027118c5e060,
0x0000027118c65680, 0x0000027118c5ed80, 0x00000271148df020, 0x00000271164c0f30,
0x0000027117f786a0, 0x0000027117f7ae00, 0x0000027117f75f40, 0x0000027117f7b490,
0x0000027117f765d0, 0x0000027117f78d30, 0x0000027117f793c0, 0x0000027117f76c60,
0x0000027117f7c840, 0x0000027117f79a50, 0x0000027117f7bb20, 0x0000027117f77980,
0x0000027117f7a0e0, 0x0000027117f7dbf0, 0x0000027117f7ced0, 0x0000027117f7d560,
0x0000027117f7c1b0, 0x0000027117f7a770, 0x0000027117f7e280, 0x0000027117f78010
}

Java Threads: ( => current thread )
  0x0000027173e5bff0 JavaThread "main"                              [_thread_blocked, id=39296, stack(0x00000076c6600000,0x00000076c6700000) (1024K)]
  0x000002717e258750 JavaThread "Common-Cleaner"             daemon [_thread_blocked, id=35396, stack(0x00000076c6e00000,0x00000076c6f00000) (1024K)]
  0x000002717e259fa0 JavaThread "Reference Handler"          daemon [_thread_blocked, id=29136, stack(0x00000076c6f00000,0x00000076c7000000) (1024K)]
  0x000002717e2871a0 JavaThread "Finalizer"                  daemon [_thread_blocked, id=12820, stack(0x00000076c7000000,0x00000076c7100000) (1024K)]
  0x000002717e2992c0 JavaThread "Signal Dispatcher"          daemon [_thread_blocked, id=37388, stack(0x00000076c7100000,0x00000076c7200000) (1024K)]
  0x000002717e2be2f0 JavaThread "Attach Listener"            daemon [_thread_blocked, id=3704, stack(0x00000076c7200000,0x00000076c7300000) (1024K)]
  0x000002717e2c0500 JavaThread "Service Thread"             daemon [_thread_blocked, id=7492, stack(0x00000076c7300000,0x00000076c7400000) (1024K)]
  0x000002717e2c5c10 JavaThread "Monitor Deflation Thread"   daemon [_thread_blocked, id=16184, stack(0x00000076c7400000,0x00000076c7500000) (1024K)]
  0x000002717e2c69a0 JavaThread "C2 CompilerThread0"         daemon [_thread_in_native, id=2728, stack(0x00000076c7500000,0x00000076c7600000) (1024K)]
  0x000002717e2c7be0 JavaThread "C1 CompilerThread0"         daemon [_thread_blocked, id=31064, stack(0x00000076c7600000,0x00000076c7700000) (1024K)]
  0x000002717e475260 JavaThread "C1 CompilerThread1"         daemon [_thread_blocked, id=39464, stack(0x00000076c7700000,0x00000076c7800000) (1024K)]
  0x000002717e475910 JavaThread "C1 CompilerThread2"         daemon [_thread_blocked, id=15696, stack(0x00000076c7800000,0x00000076c7900000) (1024K)]
  0x000002717e79c620 JavaThread "Notification Thread"        daemon [_thread_blocked, id=36008, stack(0x00000076c7900000,0x00000076c7a00000) (1024K)]
  0x000002717f44f500 JavaThread "C1 CompilerThread3"         daemon [_thread_blocked, id=28992, stack(0x00000076c8100000,0x00000076c8200000) (1024K)]
  0x00000271138b6ba0 JavaThread "Daemon health stats"               [_thread_blocked, id=19464, stack(0x00000076c8200000,0x00000076c8300000) (1024K)]
  0x0000027113907a90 JavaThread "Incoming local TCP Connector on port 65336"        [_thread_in_native, id=37472, stack(0x00000076c8300000,0x00000076c8400000) (1024K)]
  0x00000271138d90b0 JavaThread "Daemon periodic checks"            [_thread_blocked, id=38216, stack(0x00000076c8400000,0x00000076c8500000) (1024K)]
  0x00000271138d7d00 JavaThread "Daemon"                            [_thread_blocked, id=38292, stack(0x00000076c8500000,0x00000076c8600000) (1024K)]
  0x00000271138d7670 JavaThread "Handler for socket connection from /127.0.0.1:65336 to /127.0.0.1:65337"        [_thread_in_native, id=22488, stack(0x00000076c8600000,0x00000076c8700000) (1024K)]
  0x00000271138da460 JavaThread "Cancel handler"                    [_thread_blocked, id=21188, stack(0x00000076c8700000,0x00000076c8800000) (1024K)]
  0x00000271138d8390 JavaThread "Daemon worker"                     [_thread_blocked, id=15716, stack(0x00000076c8800000,0x00000076c8900000) (1024K)]
  0x00000271138d9740 JavaThread "Asynchronous log dispatcher for DefaultDaemonConnection: socket connection from /127.0.0.1:65336 to /127.0.0.1:65337"        [_thread_blocked, id=34528, stack(0x00000076c8900000,0x00000076c8a00000) (1024K)]
  0x00000271138d8a20 JavaThread "Stdin handler"                     [_thread_blocked, id=6616, stack(0x00000076c8a00000,0x00000076c8b00000) (1024K)]
  0x00000271138d6fe0 JavaThread "Daemon client event forwarder"        [_thread_blocked, id=34212, stack(0x00000076c8b00000,0x00000076c8c00000) (1024K)]
  0x000002711431cf30 JavaThread "Cache worker for journal cache (C:\Users\11201\.gradle\caches\journal-1)"        [_thread_blocked, id=38144, stack(0x00000076c9800000,0x00000076c9900000) (1024K)]
  0x000002711431b4f0 JavaThread "File lock request listener"        [_thread_in_native, id=31616, stack(0x00000076c9900000,0x00000076c9a00000) (1024K)]
  0x0000027114319ab0 JavaThread "Cache worker for file hash cache (C:\Users\11201\.gradle\caches\8.7\fileHashes)"        [_thread_blocked, id=27396, stack(0x00000076c9a00000,0x00000076c9b00000) (1024K)]
  0x000002711431ae60 JavaThread "Cache worker for file hash cache (D:\学科作业\软件开发\poetry-promotion-system\.gradle\8.7\fileHashes)"        [_thread_blocked, id=9780, stack(0x00000076c9b00000,0x00000076c9c00000) (1024K)]
  0x000002711431e2e0 JavaThread "File watcher server"        daemon [_thread_in_native, id=36360, stack(0x00000076c9c00000,0x00000076c9d00000) (1024K)]
  0x000002711431e970 JavaThread "File watcher consumer"      daemon [_thread_in_Java, id=36328, stack(0x00000076c9d00000,0x00000076c9e00000) (1024K)]
  0x000002711431f000 JavaThread "Cache worker for checksums cache (D:\学科作业\软件开发\poetry-promotion-system\.gradle\8.7\checksums)"        [_thread_blocked, id=18192, stack(0x00000076c9e00000,0x00000076c9f00000) (1024K)]
  0x0000027114318070 JavaThread "Cache worker for cache directory md-supplier (C:\Users\11201\.gradle\caches\8.7\md-supplier)"        [_thread_blocked, id=39060, stack(0x00000076c9f00000,0x00000076ca000000) (1024K)]
  0x000002711431a140 JavaThread "Cache worker for cache directory md-rule (C:\Users\11201\.gradle\caches\8.7\md-rule)"        [_thread_blocked, id=24916, stack(0x00000076ca000000,0x00000076ca100000) (1024K)]
  0x0000027114319420 JavaThread "Cache worker for file content cache (C:\Users\11201\.gradle\caches\8.7\fileContent)"        [_thread_blocked, id=33096, stack(0x00000076ca100000,0x00000076ca200000) (1024K)]
  0x000002711431f690 JavaThread "jar transforms"                    [_thread_blocked, id=29112, stack(0x00000076ca200000,0x00000076ca300000) (1024K)]
  0x0000027114318700 JavaThread "jar transforms Thread 2"           [_thread_blocked, id=14528, stack(0x00000076ca300000,0x00000076ca400000) (1024K)]
  0x0000027114318d90 JavaThread "jar transforms Thread 3"           [_thread_blocked, id=1200, stack(0x00000076ca400000,0x00000076ca500000) (1024K)]
  0x000002711431c210 JavaThread "Unconstrained build operations"        [_thread_blocked, id=35876, stack(0x00000076ca500000,0x00000076ca600000) (1024K)]
  0x000002711431c8a0 JavaThread "Unconstrained build operations Thread 2"        [_thread_blocked, id=38772, stack(0x00000076ca600000,0x00000076ca700000) (1024K)]
  0x000002711807a200 JavaThread "Unconstrained build operations Thread 3"        [_thread_blocked, id=35628, stack(0x00000076ca700000,0x00000076ca800000) (1024K)]
  0x000002711807cff0 JavaThread "Unconstrained build operations Thread 4"        [_thread_blocked, id=33776, stack(0x00000076ca800000,0x00000076ca900000) (1024K)]
  0x00000271180794e0 JavaThread "Unconstrained build operations Thread 5"        [_thread_blocked, id=41264, stack(0x00000076ca900000,0x00000076caa00000) (1024K)]
  0x0000027118076060 JavaThread "Unconstrained build operations Thread 6"        [_thread_blocked, id=41376, stack(0x00000076caa00000,0x00000076cab00000) (1024K)]
  0x0000027118079b70 JavaThread "Unconstrained build operations Thread 7"        [_thread_blocked, id=18844, stack(0x00000076cab00000,0x00000076cac00000) (1024K)]
  0x000002711807c2d0 JavaThread "Unconstrained build operations Thread 8"        [_thread_blocked, id=36560, stack(0x00000076cac00000,0x00000076cad00000) (1024K)]
  0x000002711807b5b0 JavaThread "Unconstrained build operations Thread 9"        [_thread_blocked, id=31588, stack(0x00000076cad00000,0x00000076cae00000) (1024K)]
  0x0000027118076d80 JavaThread "Unconstrained build operations Thread 10"        [_thread_blocked, id=30396, stack(0x00000076cae00000,0x00000076caf00000) (1024K)]
  0x00000271180787c0 JavaThread "jar transforms Thread 4"           [_thread_blocked, id=5052, stack(0x00000076caf00000,0x00000076cb000000) (1024K)]
  0x000002711807a890 JavaThread "jar transforms Thread 5"           [_thread_blocked, id=30672, stack(0x00000076cb000000,0x00000076cb100000) (1024K)]
  0x0000027118077aa0 JavaThread "jar transforms Thread 6"           [_thread_blocked, id=33356, stack(0x00000076cb100000,0x00000076cb200000) (1024K)]
  0x0000027118077410 JavaThread "jar transforms Thread 7"           [_thread_blocked, id=37428, stack(0x00000076cb200000,0x00000076cb300000) (1024K)]
  0x00000271180766f0 JavaThread "jar transforms Thread 8"           [_thread_blocked, id=25228, stack(0x00000076cb300000,0x00000076cb400000) (1024K)]
  0x000002711807c960 JavaThread "Cache worker for Build Output Cleanup Cache (D:\学科作业\软件开发\poetry-promotion-system\.gradle\buildOutputCleanup)"        [_thread_blocked, id=9160, stack(0x00000076cb400000,0x00000076cb500000) (1024K)]
  0x0000027116e120e0 JavaThread "Unconstrained build operations Thread 11"        [_thread_blocked, id=28520, stack(0x00000076cb500000,0x00000076cb600000) (1024K)]
  0x0000027116e141b0 JavaThread "Unconstrained build operations Thread 12"        [_thread_blocked, id=38308, stack(0x00000076cb600000,0x00000076cb700000) (1024K)]
  0x0000027116e14ed0 JavaThread "Unconstrained build operations Thread 13"        [_thread_blocked, id=17644, stack(0x00000076cb700000,0x00000076cb800000) (1024K)]
  0x0000027116e14840 JavaThread "Unconstrained build operations Thread 14"        [_thread_blocked, id=35932, stack(0x00000076cb800000,0x00000076cb900000) (1024K)]
  0x0000027116e15560 JavaThread "Unconstrained build operations Thread 15"        [_thread_blocked, id=11076, stack(0x00000076cb900000,0x00000076cba00000) (1024K)]
  0x0000027116e15bf0 JavaThread "Unconstrained build operations Thread 16"        [_thread_blocked, id=20876, stack(0x00000076cba00000,0x00000076cbb00000) (1024K)]
  0x0000027116e16280 JavaThread "Unconstrained build operations Thread 17"        [_thread_blocked, id=26772, stack(0x00000076cbb00000,0x00000076cbc00000) (1024K)]
  0x0000027116e16fa0 JavaThread "Unconstrained build operations Thread 18"        [_thread_blocked, id=19108, stack(0x00000076cbc00000,0x00000076cbd00000) (1024K)]
  0x0000027116e13490 JavaThread "Unconstrained build operations Thread 19"        [_thread_blocked, id=40740, stack(0x00000076cbd00000,0x00000076cbe00000) (1024K)]
  0x0000027116e16910 JavaThread "Unconstrained build operations Thread 20"        [_thread_blocked, id=20408, stack(0x00000076cbe00000,0x00000076cbf00000) (1024K)]
  0x0000027116e17cc0 JavaThread "Unconstrained build operations Thread 21"        [_thread_blocked, id=38656, stack(0x00000076cbf00000,0x00000076cc000000) (1024K)]
  0x0000027116e13b20 JavaThread "Unconstrained build operations Thread 22"        [_thread_blocked, id=19408, stack(0x00000076cc000000,0x00000076cc100000) (1024K)]
  0x0000027116e18350 JavaThread "Unconstrained build operations Thread 23"        [_thread_blocked, id=27784, stack(0x00000076cc100000,0x00000076cc200000) (1024K)]
  0x0000027116e17630 JavaThread "Unconstrained build operations Thread 24"        [_thread_blocked, id=22420, stack(0x00000076cc200000,0x00000076cc300000) (1024K)]
  0x0000027116e189e0 JavaThread "Unconstrained build operations Thread 25"        [_thread_blocked, id=3976, stack(0x00000076cc300000,0x00000076cc400000) (1024K)]
  0x0000027116e11a50 JavaThread "Unconstrained build operations Thread 26"        [_thread_blocked, id=35124, stack(0x00000076cc400000,0x00000076cc500000) (1024K)]
  0x0000027116e19070 JavaThread "Unconstrained build operations Thread 27"        [_thread_blocked, id=25740, stack(0x00000076cc500000,0x00000076cc600000) (1024K)]
  0x0000027116e12e00 JavaThread "Unconstrained build operations Thread 28"        [_thread_blocked, id=13672, stack(0x00000076cc600000,0x00000076cc700000) (1024K)]
  0x0000027117d7e1d0 JavaThread "Unconstrained build operations Thread 29"        [_thread_blocked, id=32128, stack(0x00000076cc700000,0x00000076cc800000) (1024K)]
  0x0000027117d7e860 JavaThread "Unconstrained build operations Thread 30"        [_thread_blocked, id=18508, stack(0x00000076cc800000,0x00000076cc900000) (1024K)]
  0x0000027117d7ad50 JavaThread "Unconstrained build operations Thread 31"        [_thread_blocked, id=39516, stack(0x00000076cc900000,0x00000076cca00000) (1024K)]
  0x0000027117d80930 JavaThread "Unconstrained build operations Thread 32"        [_thread_blocked, id=22172, stack(0x00000076cca00000,0x00000076ccb00000) (1024K)]
  0x0000027117d7eef0 JavaThread "Unconstrained build operations Thread 33"        [_thread_blocked, id=33968, stack(0x00000076ccb00000,0x00000076ccc00000) (1024K)]
  0x0000027117d7db40 JavaThread "Unconstrained build operations Thread 34"        [_thread_blocked, id=40372, stack(0x00000076ccc00000,0x00000076ccd00000) (1024K)]
  0x0000027117d7d4b0 JavaThread "Unconstrained build operations Thread 35"        [_thread_blocked, id=18920, stack(0x00000076ccd00000,0x00000076cce00000) (1024K)]
  0x0000027117d7ce20 JavaThread "Unconstrained build operations Thread 36"        [_thread_blocked, id=36480, stack(0x00000076cce00000,0x00000076ccf00000) (1024K)]
  0x0000027117d80fc0 JavaThread "Unconstrained build operations Thread 37"        [_thread_blocked, id=37700, stack(0x00000076ccf00000,0x00000076cd000000) (1024K)]
  0x0000027117d7f580 JavaThread "Unconstrained build operations Thread 38"        [_thread_blocked, id=27440, stack(0x00000076cd000000,0x00000076cd100000) (1024K)]
  0x0000027117d81650 JavaThread "Unconstrained build operations Thread 39"        [_thread_blocked, id=7960, stack(0x00000076cd100000,0x00000076cd200000) (1024K)]
  0x0000027117d7b3e0 JavaThread "Unconstrained build operations Thread 40"        [_thread_blocked, id=41356, stack(0x00000076cd200000,0x00000076cd300000) (1024K)]
  0x0000027117d7a6c0 JavaThread "Unconstrained build operations Thread 41"        [_thread_blocked, id=2364, stack(0x00000076cd300000,0x00000076cd400000) (1024K)]
  0x0000027117d7fc10 JavaThread "Unconstrained build operations Thread 42"        [_thread_blocked, id=40684, stack(0x00000076cd400000,0x00000076cd500000) (1024K)]
  0x0000027117d81ce0 JavaThread "Unconstrained build operations Thread 43"        [_thread_blocked, id=12168, stack(0x00000076cd500000,0x00000076cd600000) (1024K)]
  0x0000027117d7ba70 JavaThread "Unconstrained build operations Thread 44"        [_thread_blocked, id=31868, stack(0x00000076cd600000,0x00000076cd700000) (1024K)]
  0x0000027117d7c790 JavaThread "Unconstrained build operations Thread 45"        [_thread_blocked, id=11572, stack(0x00000076cd700000,0x00000076cd800000) (1024K)]
  0x0000027117d7c100 JavaThread "Unconstrained build operations Thread 46"        [_thread_blocked, id=30168, stack(0x00000076cd800000,0x00000076cd900000) (1024K)]
  0x0000027116a2f1d0 JavaThread "Unconstrained build operations Thread 47"        [_thread_blocked, id=39204, stack(0x00000076cd900000,0x00000076cda00000) (1024K)]
  0x0000027116a312a0 JavaThread "Unconstrained build operations Thread 48"        [_thread_blocked, id=34572, stack(0x00000076cda00000,0x00000076cdb00000) (1024K)]
  0x0000027116a2f860 JavaThread "build event listener"              [_thread_blocked, id=38704, stack(0x00000076cdb00000,0x00000076cdc00000) (1024K)]
  0x0000027116a31fc0 JavaThread "Memory manager"                    [_thread_blocked, id=32096, stack(0x00000076cdc00000,0x00000076cdd00000) (1024K)]
  0x0000027116a34090 JavaThread "build event listener"              [_thread_blocked, id=39324, stack(0x00000076cdd00000,0x00000076cde00000) (1024K)]
  0x000002711576caa0 JavaThread "Unconstrained build operations Thread 49"        [_thread_blocked, id=11228, stack(0x00000076c7a00000,0x00000076c7b00000) (1024K)]
  0x000002711576b060 JavaThread "Unconstrained build operations Thread 50"        [_thread_blocked, id=984, stack(0x00000076c7b00000,0x00000076c7c00000) (1024K)]
  0x000002711576bd80 JavaThread "Unconstrained build operations Thread 51"        [_thread_blocked, id=4572, stack(0x00000076cde00000,0x00000076cdf00000) (1024K)]
  0x000002711576b6f0 JavaThread "Unconstrained build operations Thread 52"        [_thread_blocked, id=6432, stack(0x00000076cdf00000,0x00000076ce000000) (1024K)]
  0x00000271157705b0 JavaThread "Unconstrained build operations Thread 53"        [_thread_blocked, id=1548, stack(0x00000076ce000000,0x00000076ce100000) (1024K)]
  0x000002711576d130 JavaThread "Unconstrained build operations Thread 54"        [_thread_blocked, id=34004, stack(0x00000076ce100000,0x00000076ce200000) (1024K)]
  0x00000271157712d0 JavaThread "Unconstrained build operations Thread 55"        [_thread_blocked, id=31228, stack(0x00000076ce200000,0x00000076ce300000) (1024K)]
  0x000002711576f200 JavaThread "Unconstrained build operations Thread 56"        [_thread_blocked, id=38340, stack(0x00000076ce300000,0x00000076ce400000) (1024K)]
  0x000002711576f890 JavaThread "Unconstrained build operations Thread 57"        [_thread_blocked, id=22308, stack(0x00000076ce400000,0x00000076ce500000) (1024K)]
  0x000002711576ff20 JavaThread "Unconstrained build operations Thread 58"        [_thread_blocked, id=34136, stack(0x00000076ce500000,0x00000076ce600000) (1024K)]
  0x0000027115770c40 JavaThread "Unconstrained build operations Thread 59"        [_thread_blocked, id=41704, stack(0x00000076ce600000,0x00000076ce700000) (1024K)]
  0x000002711576d7c0 JavaThread "Unconstrained build operations Thread 60"        [_thread_blocked, id=39044, stack(0x00000076ce700000,0x00000076ce800000) (1024K)]
  0x000002711576c410 JavaThread "Unconstrained build operations Thread 61"        [_thread_blocked, id=14484, stack(0x00000076ce800000,0x00000076ce900000) (1024K)]
  0x0000027115771960 JavaThread "Unconstrained build operations Thread 62"        [_thread_blocked, id=17376, stack(0x00000076ce900000,0x00000076cea00000) (1024K)]
  0x000002711576e4e0 JavaThread "Unconstrained build operations Thread 63"        [_thread_blocked, id=21324, stack(0x00000076cea00000,0x00000076ceb00000) (1024K)]
  0x0000027115771ff0 JavaThread "Unconstrained build operations Thread 64"        [_thread_blocked, id=4148, stack(0x00000076ceb00000,0x00000076cec00000) (1024K)]
  0x0000027115772680 JavaThread "Unconstrained build operations Thread 65"        [_thread_blocked, id=444, stack(0x00000076cec00000,0x00000076ced00000) (1024K)]
  0x000002711576de50 JavaThread "Unconstrained build operations Thread 66"        [_thread_blocked, id=28332, stack(0x00000076ced00000,0x00000076cee00000) (1024K)]
  0x000002711576eb70 JavaThread "Unconstrained build operations Thread 67"        [_thread_blocked, id=26916, stack(0x00000076cee00000,0x00000076cef00000) (1024K)]
  0x00000271164c15c0 JavaThread "Unconstrained build operations Thread 68"        [_thread_blocked, id=24464, stack(0x00000076cef00000,0x00000076cf000000) (1024K)]
  0x00000271164c3000 JavaThread "Unconstrained build operations Thread 69"        [_thread_blocked, id=11276, stack(0x00000076cf000000,0x00000076cf100000) (1024K)]
  0x00000271164c3690 JavaThread "Unconstrained build operations Thread 70"        [_thread_blocked, id=12924, stack(0x00000076cf100000,0x00000076cf200000) (1024K)]
  0x00000271164c2970 JavaThread "Unconstrained build operations Thread 71"        [_thread_blocked, id=33396, stack(0x00000076cf200000,0x00000076cf300000) (1024K)]
  0x00000271164c08a0 JavaThread "Unconstrained build operations Thread 72"        [_thread_blocked, id=3136, stack(0x00000076cf300000,0x00000076cf400000) (1024K)]
  0x00000271164c3d20 JavaThread "Unconstrained build operations Thread 73"        [_thread_blocked, id=27368, stack(0x00000076cf400000,0x00000076cf500000) (1024K)]
  0x00000271164c43b0 JavaThread "Unconstrained build operations Thread 74"        [_thread_blocked, id=34968, stack(0x00000076cf500000,0x00000076cf600000) (1024K)]
  0x00000271164c1c50 JavaThread "Unconstrained build operations Thread 75"        [_thread_blocked, id=18244, stack(0x00000076cf600000,0x00000076cf700000) (1024K)]
  0x00000271164c22e0 JavaThread "Unconstrained build operations Thread 76"        [_thread_blocked, id=4116, stack(0x00000076cf700000,0x00000076cf800000) (1024K)]
  0x00000271164c4a40 JavaThread "Unconstrained build operations Thread 77"        [_thread_blocked, id=40692, stack(0x00000076cf800000,0x00000076cf900000) (1024K)]
  0x00000271164bdab0 JavaThread "Unconstrained build operations Thread 78"        [_thread_blocked, id=21080, stack(0x00000076cf900000,0x00000076cfa00000) (1024K)]
  0x00000271164c50d0 JavaThread "Unconstrained build operations Thread 79"        [_thread_blocked, id=26448, stack(0x00000076cfa00000,0x00000076cfb00000) (1024K)]
  0x00000271164be140 JavaThread "Unconstrained build operations Thread 80"        [_thread_blocked, id=36644, stack(0x00000076cfb00000,0x00000076cfc00000) (1024K)]
  0x00000271164bf4f0 JavaThread "Unconstrained build operations Thread 81"        [_thread_blocked, id=14684, stack(0x00000076cfc00000,0x00000076cfd00000) (1024K)]
  0x00000271164bee60 JavaThread "Unconstrained build operations Thread 82"        [_thread_blocked, id=28960, stack(0x00000076cfd00000,0x00000076cfe00000) (1024K)]
  0x00000271164be7d0 JavaThread "Unconstrained build operations Thread 83"        [_thread_blocked, id=35908, stack(0x00000076cfe00000,0x00000076cff00000) (1024K)]
  0x00000271164bfb80 JavaThread "Unconstrained build operations Thread 84"        [_thread_blocked, id=39680, stack(0x00000076cff00000,0x00000076d0000000) (1024K)]
  0x00000271164c0210 JavaThread "Unconstrained build operations Thread 85"        [_thread_blocked, id=34656, stack(0x00000076d0000000,0x00000076d0100000) (1024K)]
  0x0000027116f4e860 JavaThread "included builds"                   [_thread_blocked, id=5536, stack(0x00000076d0100000,0x00000076d0200000) (1024K)]
  0x0000027116f4e1d0 JavaThread "Execution worker"                  [_thread_blocked, id=37088, stack(0x00000076d0200000,0x00000076d0300000) (1024K)]
  0x0000027116f4d4b0 JavaThread "Execution worker Thread 2"         [_thread_in_native, id=29064, stack(0x00000076d0300000,0x00000076d0400000) (1024K)]
  0x0000027116f4c100 JavaThread "Execution worker Thread 3"         [_thread_blocked, id=36936, stack(0x00000076d0400000,0x00000076d0500000) (1024K)]
  0x0000027116f4c790 JavaThread "Execution worker Thread 4"         [_thread_blocked, id=14880, stack(0x00000076d0500000,0x00000076d0600000) (1024K)]
  0x0000027116f4ba70 JavaThread "Execution worker Thread 5"         [_thread_blocked, id=6516, stack(0x00000076d0600000,0x00000076d0700000) (1024K)]
  0x0000027116f4ce20 JavaThread "Execution worker Thread 6"         [_thread_blocked, id=1032, stack(0x00000076d0700000,0x00000076d0800000) (1024K)]
  0x0000027116f48c80 JavaThread "Execution worker Thread 7"         [_thread_blocked, id=26720, stack(0x00000076d0800000,0x00000076d0900000) (1024K)]
  0x0000027116f4ad50 JavaThread "Execution worker Thread 8"         [_thread_blocked, id=28352, stack(0x00000076d0900000,0x00000076d0a00000) (1024K)]
  0x0000027116f499a0 JavaThread "Execution worker Thread 9"         [_thread_blocked, id=38128, stack(0x00000076d0a00000,0x00000076d0b00000) (1024K)]
  0x0000027116f4eef0 JavaThread "Execution worker Thread 10"        [_thread_blocked, id=28412, stack(0x00000076d0b00000,0x00000076d0c00000) (1024K)]
  0x0000027116f4a030 JavaThread "Execution worker Thread 11"        [_thread_blocked, id=28312, stack(0x00000076d0c00000,0x00000076d0d00000) (1024K)]
  0x0000027116f4f580 JavaThread "Execution worker Thread 12"        [_thread_blocked, id=31636, stack(0x00000076d0d00000,0x00000076d0e00000) (1024K)]
  0x0000027116f4b3e0 JavaThread "Execution worker Thread 13"        [_thread_blocked, id=39644, stack(0x00000076d0e00000,0x00000076d0f00000) (1024K)]
  0x0000027116f4fc10 JavaThread "Execution worker Thread 14"        [_thread_blocked, id=26756, stack(0x00000076d0f00000,0x00000076d1000000) (1024K)]
  0x0000027116f502a0 JavaThread "Execution worker Thread 15"        [_thread_blocked, id=37944, stack(0x00000076d1000000,0x00000076d1100000) (1024K)]
  0x0000027116f49310 JavaThread "Execution worker Thread 16"        [_thread_blocked, id=22216, stack(0x00000076d1100000,0x00000076d1200000) (1024K)]
  0x0000027116f557f0 JavaThread "Execution worker Thread 17"        [_thread_blocked, id=13296, stack(0x00000076d1200000,0x00000076d1300000) (1024K)]
  0x0000027116f55160 JavaThread "Execution worker Thread 18"        [_thread_blocked, id=28380, stack(0x00000076d1300000,0x00000076d1400000) (1024K)]
  0x0000027116f53720 JavaThread "Execution worker Thread 19"        [_thread_blocked, id=29164, stack(0x00000076d1400000,0x00000076d1500000) (1024K)]
  0x0000027116f52a00 JavaThread "Cache worker for execution history cache (D:\学科作业\软件开发\poetry-promotion-system\.gradle\8.7\executionHistory)"        [_thread_blocked, id=26180, stack(0x00000076d1500000,0x00000076d1600000) (1024K)]
  0x0000027116f50fc0 JavaThread "Unconstrained build operations Thread 86"        [_thread_blocked, id=26236, stack(0x00000076d1600000,0x00000076d1700000) (1024K)]
  0x0000027116f50930 JavaThread "Unconstrained build operations Thread 87"        [_thread_blocked, id=13604, stack(0x00000076d1700000,0x00000076d1800000) (1024K)]
  0x0000027116f51650 JavaThread "Unconstrained build operations Thread 88"        [_thread_blocked, id=40104, stack(0x00000076d1800000,0x00000076d1900000) (1024K)]
  0x0000027116f4a6c0 JavaThread "Unconstrained build operations Thread 89"        [_thread_blocked, id=26144, stack(0x00000076d1900000,0x00000076d1a00000) (1024K)]
  0x0000027116f55e80 JavaThread "Unconstrained build operations Thread 90"        [_thread_blocked, id=26752, stack(0x00000076d1a00000,0x00000076d1b00000) (1024K)]
  0x0000027116f53db0 JavaThread "Unconstrained build operations Thread 91"        [_thread_blocked, id=37776, stack(0x00000076d1b00000,0x00000076d1c00000) (1024K)]
  0x0000027116f54440 JavaThread "Unconstrained build operations Thread 92"        [_thread_blocked, id=24188, stack(0x00000076d1c00000,0x00000076d1d00000) (1024K)]
  0x0000027116f56510 JavaThread "Unconstrained build operations Thread 93"        [_thread_blocked, id=38332, stack(0x00000076d1d00000,0x00000076d1e00000) (1024K)]
  0x0000027116f56ba0 JavaThread "Unconstrained build operations Thread 94"        [_thread_blocked, id=40052, stack(0x00000076d1e00000,0x00000076d1f00000) (1024K)]
  0x0000027116f57230 JavaThread "Unconstrained build operations Thread 95"        [_thread_blocked, id=32184, stack(0x00000076d1f00000,0x00000076d2000000) (1024K)]
  0x0000027116f578c0 JavaThread "Unconstrained build operations Thread 96"        [_thread_blocked, id=33936, stack(0x00000076d2000000,0x00000076d2100000) (1024K)]
  0x0000027116f57f50 JavaThread "Unconstrained build operations Thread 97"        [_thread_blocked, id=37716, stack(0x00000076d2100000,0x00000076d2200000) (1024K)]
  0x0000027116f52370 JavaThread "Unconstrained build operations Thread 98"        [_thread_blocked, id=25536, stack(0x00000076d2200000,0x00000076d2300000) (1024K)]
  0x0000027116f51ce0 JavaThread "Unconstrained build operations Thread 99"        [_thread_blocked, id=36748, stack(0x00000076d2300000,0x00000076d2400000) (1024K)]
  0x0000027118c63c40 JavaThread "Unconstrained build operations Thread 100"        [_thread_blocked, id=15648, stack(0x00000076d2400000,0x00000076d2500000) (1024K)]
  0x0000027118c62890 JavaThread "Unconstrained build operations Thread 101"        [_thread_blocked, id=26644, stack(0x00000076d2500000,0x00000076d2600000) (1024K)]
  0x0000027118c5faa0 JavaThread "Unconstrained build operations Thread 102"        [_thread_blocked, id=34944, stack(0x00000076d2600000,0x00000076d2700000) (1024K)]
  0x0000027118c64960 JavaThread "Unconstrained build operations Thread 103"        [_thread_blocked, id=3492, stack(0x00000076d2700000,0x00000076d2800000) (1024K)]
  0x0000027118c62f20 JavaThread "Unconstrained build operations Thread 104"        [_thread_blocked, id=29524, stack(0x00000076d2800000,0x00000076d2900000) (1024K)]
  0x0000027118c64ff0 JavaThread "Unconstrained build operations Thread 105"        [_thread_blocked, id=25896, stack(0x00000076d2900000,0x00000076d2a00000) (1024K)]
  0x0000027118c614e0 JavaThread "Unconstrained build operations Thread 106"        [_thread_blocked, id=40472, stack(0x00000076d2a00000,0x00000076d2b00000) (1024K)]
  0x0000027118c635b0 JavaThread "Unconstrained build operations Thread 107"        [_thread_blocked, id=33988, stack(0x00000076d2b00000,0x00000076d2c00000) (1024K)]
  0x0000027118c61b70 JavaThread "Unconstrained build operations Thread 108"        [_thread_blocked, id=41708, stack(0x00000076d2c00000,0x00000076d2d00000) (1024K)]
  0x0000027118c60130 JavaThread "Unconstrained build operations Thread 109"        [_thread_blocked, id=21432, stack(0x00000076d2d00000,0x00000076d2e00000) (1024K)]
  0x0000027118c5e6f0 JavaThread "Unconstrained build operations Thread 110"        [_thread_blocked, id=26112, stack(0x00000076d2e00000,0x00000076d2f00000) (1024K)]
  0x0000027118c62200 JavaThread "Unconstrained build operations Thread 111"        [_thread_blocked, id=37660, stack(0x00000076d2f00000,0x00000076d3000000) (1024K)]
  0x0000027118c607c0 JavaThread "Unconstrained build operations Thread 112"        [_thread_blocked, id=16884, stack(0x00000076d3000000,0x00000076d3100000) (1024K)]
  0x0000027115627ee0 JavaThread "Unconstrained build operations Thread 113"        [_thread_blocked, id=22352, stack(0x00000076d3100000,0x00000076d3200000) (1024K)]
  0x0000027115629290 JavaThread "Unconstrained build operations Thread 114"        [_thread_blocked, id=40512, stack(0x00000076d3200000,0x00000076d3300000) (1024K)]
  0x0000027115629920 JavaThread "Unconstrained build operations Thread 115"        [_thread_blocked, id=34368, stack(0x00000076d3300000,0x00000076d3400000) (1024K)]
  0x000002711562e150 JavaThread "Unconstrained build operations Thread 116"        [_thread_blocked, id=28708, stack(0x00000076d3400000,0x00000076d3500000) (1024K)]
  0x000002711562b360 JavaThread "Unconstrained build operations Thread 117"        [_thread_blocked, id=35980, stack(0x00000076d3500000,0x00000076d3600000) (1024K)]
  0x000002711562d430 JavaThread "Unconstrained build operations Thread 118"        [_thread_blocked, id=37448, stack(0x00000076d3600000,0x00000076d3700000) (1024K)]
  0x0000027115629fb0 JavaThread "Unconstrained build operations Thread 119"        [_thread_blocked, id=35648, stack(0x00000076d3700000,0x00000076d3800000) (1024K)]
  0x000002711562b9f0 JavaThread "Unconstrained build operations Thread 120"        [_thread_blocked, id=21036, stack(0x00000076d3800000,0x00000076d3900000) (1024K)]
  0x000002711562c080 JavaThread "Unconstrained build operations Thread 121"        [_thread_blocked, id=11792, stack(0x00000076d3900000,0x00000076d3a00000) (1024K)]
  0x000002711562c710 JavaThread "Unconstrained build operations Thread 122"        [_thread_blocked, id=39764, stack(0x00000076d3a00000,0x00000076d3b00000) (1024K)]
  0x000002711562cda0 JavaThread "Unconstrained build operations Thread 123"        [_thread_blocked, id=41260, stack(0x00000076d3b00000,0x00000076d3c00000) (1024K)]
  0x00000271148d6650 JavaThread "Unconstrained build operations Thread 124"        [_thread_blocked, id=41552, stack(0x00000076d3c00000,0x00000076d3d00000) (1024K)]
  0x00000271148d4580 JavaThread "Unconstrained build operations Thread 125"        [_thread_blocked, id=35960, stack(0x00000076d3d00000,0x00000076d3e00000) (1024K)]
  0x00000271148d5fc0 JavaThread "Unconstrained build operations Thread 126"        [_thread_blocked, id=11404, stack(0x00000076d3e00000,0x00000076d3f00000) (1024K)]
  0x00000271148d5930 JavaThread "Unconstrained build operations Thread 127"        [_thread_blocked, id=17144, stack(0x00000076d3f00000,0x00000076d4000000) (1024K)]
  0x00000271148d6ce0 JavaThread "Unconstrained build operations Thread 128"        [_thread_blocked, id=34844, stack(0x00000076d4000000,0x00000076d4100000) (1024K)]
  0x00000271148d3860 JavaThread "Unconstrained build operations Thread 129"        [_thread_blocked, id=34828, stack(0x00000076d4100000,0x00000076d4200000) (1024K)]
  0x00000271148d3ef0 JavaThread "Unconstrained build operations Thread 130"        [_thread_blocked, id=3584, stack(0x00000076d4200000,0x00000076d4300000) (1024K)]
  0x00000271148d1100 JavaThread "Unconstrained build operations Thread 131"        [_thread_blocked, id=7796, stack(0x00000076d4300000,0x00000076d4400000) (1024K)]
=>0x0000027114748b80 JavaThread "C2 CompilerThread1"         daemon [_thread_in_native, id=41012, stack(0x00000076d4400000,0x00000076d4500000) (1024K)]
  0x00000271148cfd50 JavaThread "WorkerExecutor Queue"              [_thread_blocked, id=2912, stack(0x00000076d4500000,0x00000076d4600000) (1024K)]
  0x00000271148d1790 JavaThread "WorkerExecutor Queue Thread 2"        [_thread_blocked, id=29408, stack(0x00000076d4600000,0x00000076d4700000) (1024K)]
  0x00000271148d0a70 JavaThread "WorkerExecutor Queue Thread 3"        [_thread_blocked, id=30000, stack(0x00000076d4700000,0x00000076d4800000) (1024K)]
  0x00000271148d52a0 JavaThread "WorkerExecutor Queue Thread 4"        [_thread_blocked, id=15320, stack(0x00000076d4800000,0x00000076d4900000) (1024K)]
  0x00000271148d03e0 JavaThread "WorkerExecutor Queue Thread 5"        [_thread_blocked, id=34500, stack(0x00000076d4900000,0x00000076d4a00000) (1024K)]
  0x00000271148d8090 JavaThread "WorkerExecutor Queue Thread 6"        [_thread_blocked, id=37988, stack(0x00000076d4a00000,0x00000076d4b00000) (1024K)]
  0x00000271148d24b0 JavaThread "WorkerExecutor Queue Thread 7"        [_thread_blocked, id=28044, stack(0x00000076d4b00000,0x00000076d4c00000) (1024K)]
  0x00000271148d2b40 JavaThread "Unconstrained build operations Thread 132"        [_thread_blocked, id=35556, stack(0x00000076d4c00000,0x00000076d4d00000) (1024K)]
  0x00000271148d1e20 JavaThread "WorkerExecutor Queue Thread 8"        [_thread_blocked, id=19052, stack(0x00000076d4d00000,0x00000076d4e00000) (1024K)]
  0x00000271148d9ad0 JavaThread "Unconstrained build operations Thread 133"        [_thread_blocked, id=13992, stack(0x00000076d4e00000,0x00000076d4f00000) (1024K)]
  0x00000271148d9440 JavaThread "Unconstrained build operations Thread 134"        [_thread_blocked, id=3496, stack(0x00000076d4f00000,0x00000076d5000000) (1024K)]
  0x00000271148da160 JavaThread "Unconstrained build operations Thread 135"        [_thread_blocked, id=38132, stack(0x00000076d5000000,0x00000076d5100000) (1024K)]
  0x00000271148d7a00 JavaThread "Unconstrained build operations Thread 136"        [_thread_blocked, id=33116, stack(0x00000076d5100000,0x00000076d5200000) (1024K)]
  0x00000271148d8db0 JavaThread "Unconstrained build operations Thread 137"        [_thread_blocked, id=25852, stack(0x00000076d5200000,0x00000076d5300000) (1024K)]
  0x00000271148d7370 JavaThread "Unconstrained build operations Thread 138"        [_thread_blocked, id=25532, stack(0x00000076d5300000,0x00000076d5400000) (1024K)]
  0x00000271148d8720 JavaThread "Unconstrained build operations Thread 139"        [_thread_blocked, id=36256, stack(0x00000076d5400000,0x00000076d5500000) (1024K)]
  0x00000271148d31d0 JavaThread "Unconstrained build operations Thread 140"        [_thread_blocked, id=11680, stack(0x00000076d5500000,0x00000076d5600000) (1024K)]
  0x00000271148da7f0 JavaThread "Unconstrained build operations Thread 141"        [_thread_blocked, id=37948, stack(0x00000076d5600000,0x00000076d5700000) (1024K)]
  0x00000271148dae80 JavaThread "Unconstrained build operations Thread 142"        [_thread_blocked, id=25768, stack(0x00000076d5700000,0x00000076d5800000) (1024K)]
  0x00000271148db510 JavaThread "Unconstrained build operations Thread 143"        [_thread_blocked, id=37176, stack(0x00000076d5800000,0x00000076d5900000) (1024K)]
  0x00000271148de300 JavaThread "Unconstrained build operations Thread 144"        [_thread_blocked, id=21192, stack(0x00000076d5900000,0x00000076d5a00000) (1024K)]
  0x00000271148dc8c0 JavaThread "Unconstrained build operations Thread 145"        [_thread_blocked, id=34716, stack(0x00000076d5a00000,0x00000076d5b00000) (1024K)]
  0x00000271148de990 JavaThread "Unconstrained build operations Thread 146"        [_thread_blocked, id=9832, stack(0x00000076d5b00000,0x00000076d5c00000) (1024K)]
  0x00000271148ddc70 JavaThread "Unconstrained build operations Thread 147"        [_thread_blocked, id=36852, stack(0x00000076d5c00000,0x00000076d5d00000) (1024K)]
  0x00000271148dbba0 JavaThread "Unconstrained build operations Thread 148"        [_thread_blocked, id=27612, stack(0x00000076d5d00000,0x00000076d5e00000) (1024K)]
  0x00000271148dc230 JavaThread "Unconstrained build operations Thread 149"        [_thread_blocked, id=32540, stack(0x00000076d5e00000,0x00000076d5f00000) (1024K)]
  0x00000271148dcf50 JavaThread "Unconstrained build operations Thread 150"        [_thread_blocked, id=41844, stack(0x00000076d5f00000,0x00000076d6000000) (1024K)]
  0x00000271148dd5e0 JavaThread "Unconstrained build operations Thread 151"        [_thread_blocked, id=28440, stack(0x00000076d6000000,0x00000076d6100000) (1024K)]
  0x0000027115623d40 JavaThread "Unconstrained build operations Thread 152"        [_thread_blocked, id=31000, stack(0x00000076d6100000,0x00000076d6200000) (1024K)]
  0x000002711561fba0 JavaThread "Unconstrained build operations Thread 153"        [_thread_blocked, id=40920, stack(0x00000076d6400000,0x00000076d6500000) (1024K)]
  0x0000027115622300 JavaThread "Unconstrained build operations Thread 154"        [_thread_blocked, id=39172, stack(0x00000076d6500000,0x00000076d6600000) (1024K)]
  0x0000027115622990 JavaThread "Unconstrained build operations Thread 155"        [_thread_blocked, id=4188, stack(0x00000076d6600000,0x00000076d6700000) (1024K)]
  0x0000027115623020 JavaThread "Unconstrained build operations Thread 156"        [_thread_blocked, id=15064, stack(0x00000076d6700000,0x00000076d6800000) (1024K)]
  0x00000271156236b0 JavaThread "Unconstrained build operations Thread 157"        [_thread_blocked, id=29760, stack(0x00000076d6800000,0x00000076d6900000) (1024K)]
  0x00000271156243d0 JavaThread "Unconstrained build operations Thread 158"        [_thread_blocked, id=31764, stack(0x00000076d6900000,0x00000076d6a00000) (1024K)]
  0x0000027115624a60 JavaThread "Unconstrained build operations Thread 159"        [_thread_blocked, id=15760, stack(0x00000076d6a00000,0x00000076d6b00000) (1024K)]
  0x00000271156250f0 JavaThread "Unconstrained build operations Thread 160"        [_thread_blocked, id=11000, stack(0x00000076d6b00000,0x00000076d6c00000) (1024K)]
  0x0000027115625780 JavaThread "Unconstrained build operations Thread 161"        [_thread_blocked, id=38028, stack(0x00000076d6c00000,0x00000076d6d00000) (1024K)]
  0x0000027115625e10 JavaThread "Unconstrained build operations Thread 162"        [_thread_blocked, id=35012, stack(0x00000076d6d00000,0x00000076d6e00000) (1024K)]
  0x00000271156264a0 JavaThread "Unconstrained build operations Thread 163"        [_thread_blocked, id=10492, stack(0x00000076d6e00000,0x00000076d6f00000) (1024K)]
  0x000002711561f510 JavaThread "Unconstrained build operations Thread 164"        [_thread_blocked, id=4056, stack(0x00000076d6f00000,0x00000076d7000000) (1024K)]
  0x0000027115620f50 JavaThread "Unconstrained build operations Thread 165"        [_thread_blocked, id=31624, stack(0x00000076d7000000,0x00000076d7100000) (1024K)]
  0x0000027115626b30 JavaThread "Unconstrained build operations Thread 166"        [_thread_blocked, id=22140, stack(0x00000076d7100000,0x00000076d7200000) (1024K)]
  0x0000027115620230 JavaThread "Unconstrained build operations Thread 167"        [_thread_blocked, id=9504, stack(0x00000076d7200000,0x00000076d7300000) (1024K)]
  0x000002711562dac0 JavaThread "Unconstrained build operations Thread 168"        [_thread_blocked, id=24896, stack(0x00000076d7300000,0x00000076d7400000) (1024K)]
  0x0000027115628c00 JavaThread "Unconstrained build operations Thread 169"        [_thread_blocked, id=32100, stack(0x00000076d7400000,0x00000076d7500000) (1024K)]
  0x0000027115627850 JavaThread "Unconstrained build operations Thread 170"        [_thread_blocked, id=40012, stack(0x00000076d7500000,0x00000076d7600000) (1024K)]
  0x000002711561ee80 JavaThread "Unconstrained build operations Thread 171"        [_thread_blocked, id=40548, stack(0x00000076d7600000,0x00000076d7700000) (1024K)]
  0x0000027115628570 JavaThread "Unconstrained build operations Thread 172"        [_thread_blocked, id=38436, stack(0x00000076d7700000,0x00000076d7800000) (1024K)]
  0x000002711562acd0 JavaThread "Unconstrained build operations Thread 173"        [_thread_blocked, id=31012, stack(0x00000076d7800000,0x00000076d7900000) (1024K)]
  0x0000027118c642d0 JavaThread "Unconstrained build operations Thread 174"        [_thread_blocked, id=41912, stack(0x00000076d7900000,0x00000076d7a00000) (1024K)]
  0x0000027118c60e50 JavaThread "Unconstrained build operations Thread 175"        [_thread_blocked, id=11352, stack(0x00000076d7a00000,0x00000076d7b00000) (1024K)]
  0x0000027118c5e060 JavaThread "Unconstrained build operations Thread 176"        [_thread_blocked, id=34640, stack(0x00000076d7b00000,0x00000076d7c00000) (1024K)]
  0x0000027118c65680 JavaThread "Unconstrained build operations Thread 177"        [_thread_blocked, id=34836, stack(0x00000076d7c00000,0x00000076d7d00000) (1024K)]
  0x0000027118c5ed80 JavaThread "Unconstrained build operations Thread 178"        [_thread_blocked, id=23136, stack(0x00000076d7d00000,0x00000076d7e00000) (1024K)]
  0x00000271148df020 JavaThread "Unconstrained build operations Thread 179"        [_thread_blocked, id=8252, stack(0x00000076d7e00000,0x00000076d7f00000) (1024K)]
  0x00000271164c0f30 JavaThread "Unconstrained build operations Thread 180"        [_thread_blocked, id=35292, stack(0x00000076d7f00000,0x00000076d8000000) (1024K)]
  0x0000027117f786a0 JavaThread "Unconstrained build operations Thread 181"        [_thread_blocked, id=37688, stack(0x00000076d8000000,0x00000076d8100000) (1024K)]
  0x0000027117f7ae00 JavaThread "Unconstrained build operations Thread 182"        [_thread_blocked, id=33812, stack(0x00000076d8100000,0x00000076d8200000) (1024K)]
  0x0000027117f75f40 JavaThread "Unconstrained build operations Thread 183"        [_thread_blocked, id=9944, stack(0x00000076d8200000,0x00000076d8300000) (1024K)]
  0x0000027117f7b490 JavaThread "Unconstrained build operations Thread 184"        [_thread_blocked, id=7140, stack(0x00000076d8300000,0x00000076d8400000) (1024K)]
  0x0000027117f765d0 JavaThread "Unconstrained build operations Thread 185"        [_thread_blocked, id=14916, stack(0x00000076d8400000,0x00000076d8500000) (1024K)]
  0x0000027117f78d30 JavaThread "Unconstrained build operations Thread 186"        [_thread_blocked, id=29272, stack(0x00000076d8500000,0x00000076d8600000) (1024K)]
  0x0000027117f793c0 JavaThread "Unconstrained build operations Thread 187"        [_thread_blocked, id=12228, stack(0x00000076d8600000,0x00000076d8700000) (1024K)]
  0x0000027117f76c60 JavaThread "Unconstrained build operations Thread 188"        [_thread_blocked, id=3940, stack(0x00000076d8700000,0x00000076d8800000) (1024K)]
  0x0000027117f7c840 JavaThread "Unconstrained build operations Thread 189"        [_thread_blocked, id=31516, stack(0x00000076d8800000,0x00000076d8900000) (1024K)]
  0x0000027117f79a50 JavaThread "Unconstrained build operations Thread 190"        [_thread_blocked, id=39552, stack(0x00000076d8900000,0x00000076d8a00000) (1024K)]
  0x0000027117f7bb20 JavaThread "Unconstrained build operations Thread 191"        [_thread_blocked, id=20920, stack(0x00000076d8a00000,0x00000076d8b00000) (1024K)]
  0x0000027117f77980 JavaThread "Unconstrained build operations Thread 192"        [_thread_blocked, id=36108, stack(0x00000076d8b00000,0x00000076d8c00000) (1024K)]
  0x0000027117f7a0e0 JavaThread "Unconstrained build operations Thread 193"        [_thread_blocked, id=37752, stack(0x00000076d8c00000,0x00000076d8d00000) (1024K)]
  0x0000027117f7dbf0 JavaThread "Unconstrained build operations Thread 194"        [_thread_blocked, id=7260, stack(0x00000076d8d00000,0x00000076d8e00000) (1024K)]
  0x0000027117f7ced0 JavaThread "Unconstrained build operations Thread 195"        [_thread_blocked, id=14952, stack(0x00000076d8e00000,0x00000076d8f00000) (1024K)]
  0x0000027117f7d560 JavaThread "Unconstrained build operations Thread 196"        [_thread_blocked, id=26200, stack(0x00000076d8f00000,0x00000076d9000000) (1024K)]
  0x0000027117f7c1b0 JavaThread "Unconstrained build operations Thread 197"        [_thread_blocked, id=16156, stack(0x00000076d9000000,0x00000076d9100000) (1024K)]
  0x0000027117f7a770 JavaThread "Unconstrained build operations Thread 198"        [_thread_blocked, id=35904, stack(0x00000076d9100000,0x00000076d9200000) (1024K)]
  0x0000027117f7e280 JavaThread "Unconstrained build operations Thread 199"        [_thread_blocked, id=34876, stack(0x00000076d9200000,0x00000076d9300000) (1024K)]
  0x0000027117f78010 JavaThread "Unconstrained build operations Thread 200"        [_thread_blocked, id=40100, stack(0x00000076d9300000,0x00000076d9400000) (1024K)]
Total: 276

Other Threads:
  0x000002717d97b290 VMThread "VM Thread"                           [id=30436, stack(0x00000076c6d00000,0x00000076c6e00000) (1024K)]
  0x000002717e1dca00 WatcherThread "VM Periodic Task Thread"        [id=38952, stack(0x00000076c6c00000,0x00000076c6d00000) (1024K)]
  0x0000027173eb3bf0 WorkerThread "GC Thread#0"                     [id=41860, stack(0x00000076c6700000,0x00000076c6800000) (1024K)]
  0x000002717ee380d0 WorkerThread "GC Thread#1"                     [id=25916, stack(0x00000076c7c00000,0x00000076c7d00000) (1024K)]
  0x000002717ee38470 WorkerThread "GC Thread#2"                     [id=34752, stack(0x00000076c7d00000,0x00000076c7e00000) (1024K)]
  0x000002717ed35dc0 WorkerThread "GC Thread#3"                     [id=24148, stack(0x00000076c7e00000,0x00000076c7f00000) (1024K)]
  0x000002717ea639b0 WorkerThread "GC Thread#4"                     [id=41352, stack(0x00000076c7f00000,0x00000076c8000000) (1024K)]
  0x000002717ee03250 WorkerThread "GC Thread#5"                     [id=15788, stack(0x00000076c8000000,0x00000076c8100000) (1024K)]
  0x00000271139476a0 WorkerThread "GC Thread#6"                     [id=14200, stack(0x00000076c8c00000,0x00000076c8d00000) (1024K)]
  0x0000027113947a40 WorkerThread "GC Thread#7"                     [id=14904, stack(0x00000076c8d00000,0x00000076c8e00000) (1024K)]
  0x000002711394c0b0 WorkerThread "GC Thread#8"                     [id=32004, stack(0x00000076c8e00000,0x00000076c8f00000) (1024K)]
  0x000002711394c450 WorkerThread "GC Thread#9"                     [id=34208, stack(0x00000076c8f00000,0x00000076c9000000) (1024K)]
  0x000002711394cc00 WorkerThread "GC Thread#10"                    [id=34168, stack(0x00000076c9000000,0x00000076c9100000) (1024K)]
  0x0000027113be3b40 WorkerThread "GC Thread#11"                    [id=10520, stack(0x00000076c9100000,0x00000076c9200000) (1024K)]
  0x0000027113be4d60 WorkerThread "GC Thread#12"                    [id=34128, stack(0x00000076c9200000,0x00000076c9300000) (1024K)]
  0x0000027113be3ee0 WorkerThread "GC Thread#13"                    [id=28164, stack(0x00000076c9300000,0x00000076c9400000) (1024K)]
  0x0000027113be49c0 WorkerThread "GC Thread#14"                    [id=41232, stack(0x00000076c9400000,0x00000076c9500000) (1024K)]
  0x0000027173ec4ae0 ConcurrentGCThread "G1 Main Marker"            [id=19852, stack(0x00000076c6800000,0x00000076c6900000) (1024K)]
  0x0000027173ec5660 WorkerThread "G1 Conc#0"                       [id=39420, stack(0x00000076c6900000,0x00000076c6a00000) (1024K)]
  0x0000027113be5100 WorkerThread "G1 Conc#1"                       [id=33892, stack(0x00000076c9500000,0x00000076c9600000) (1024K)]
  0x0000027113be54a0 WorkerThread "G1 Conc#2"                       [id=41664, stack(0x00000076c9600000,0x00000076c9700000) (1024K)]
  0x0000027113be4280 WorkerThread "G1 Conc#3"                       [id=19352, stack(0x00000076c9700000,0x00000076c9800000) (1024K)]
  0x000002717d8e3590 ConcurrentGCThread "G1 Refine#0"               [id=33152, stack(0x00000076c6a00000,0x00000076c6b00000) (1024K)]
  0x000002717d8e4010 ConcurrentGCThread "G1 Service"                [id=11724, stack(0x00000076c6b00000,0x00000076c6c00000) (1024K)]
Total: 24

Threads with active compile tasks:
C2 CompilerThread0  11947 16804       4       java.lang.String::split (148 bytes)
C2 CompilerThread1  11947 16848       4       java.lang.String::split (242 bytes)
Total: 2

VM state: not at safepoint (normal execution)

VM Mutex/Monitor currently owned by a thread: None

Heap address: 0x0000000080000000, size: 2048 MB, Compressed Oops mode: 32-bit

CDS archive(s) not mapped
Compressed class space mapped at: 0x0000000100000000-0x0000000140000000, reserved size: 1073741824
Narrow klass base: 0x0000000000000000, Narrow klass shift: 3, Narrow klass range: 0x140000000

GC Precious Log:
 CardTable entry size: 512
 Card Set container configuration: InlinePtr #cards 5 size 8 Array Of Cards #cards 12 size 40 Howl #buckets 4 coarsen threshold 1843 Howl Bitmap #cards 512 size 80 coarsen threshold 460 Card regions per heap region 1 cards per card region 2048
 CPUs: 20 total, 20 available
 Memory: 16108M
 Large Page Support: Disabled
 NUMA Support: Disabled
 Compressed Oops: Enabled (32-bit)
 Heap Region Size: 1M
 Heap Min Capacity: 8M
 Heap Initial Capacity: 252M
 Heap Max Capacity: 2G
 Pre-touch: Disabled
 Parallel Workers: 15
 Concurrent Workers: 4
 Concurrent Refinement Workers: 15
 Periodic GC: Disabled

Heap:
 garbage-first heap   total 261120K, used 175486K [0x0000000080000000, 0x0000000100000000)
  region size 1024K, 27 young (27648K), 7 survivors (7168K)
 Metaspace       used 124107K, committed 126272K, reserved 1179648K
  class space    used 17169K, committed 18176K, reserved 1048576K

Heap Regions: E=young(eden), S=young(survivor), O=old, HS=humongous(starts), HC=humongous(continues), CS=collection set, F=free, TAMS=top-at-mark-start, PB=parsable bottom
|   0|0x0000000080000000, 0x0000000080100000, 0x0000000080100000|100%| O|  |TAMS 0x0000000080000000| PB 0x0000000080000000| Untracked 
|   1|0x0000000080100000, 0x0000000080200000, 0x0000000080200000|100%|HS|  |TAMS 0x0000000080100000| PB 0x0000000080100000| Complete 
|   2|0x0000000080200000, 0x0000000080300000, 0x0000000080300000|100%|HC|  |TAMS 0x0000000080200000| PB 0x0000000080200000| Complete 
|   3|0x0000000080300000, 0x0000000080400000, 0x0000000080400000|100%|HC|  |TAMS 0x0000000080300000| PB 0x0000000080300000| Complete 
|   4|0x0000000080400000, 0x0000000080500000, 0x0000000080500000|100%|HC|  |TAMS 0x0000000080400000| PB 0x0000000080400000| Complete 
|   5|0x0000000080500000, 0x0000000080600000, 0x0000000080600000|100%| O|  |TAMS 0x0000000080500000| PB 0x0000000080500000| Untracked 
|   6|0x0000000080600000, 0x0000000080700000, 0x0000000080700000|100%| O|  |TAMS 0x0000000080600000| PB 0x0000000080600000| Untracked 
|   7|0x0000000080700000, 0x0000000080800000, 0x0000000080800000|100%| O|  |TAMS 0x0000000080700000| PB 0x0000000080700000| Untracked 
|   8|0x0000000080800000, 0x0000000080900000, 0x0000000080900000|100%| O|  |TAMS 0x0000000080800000| PB 0x0000000080800000| Untracked 
|   9|0x0000000080900000, 0x0000000080a00000, 0x0000000080a00000|100%| O|  |TAMS 0x0000000080900000| PB 0x0000000080900000| Untracked 
|  10|0x0000000080a00000, 0x0000000080b00000, 0x0000000080b00000|100%| O|  |TAMS 0x0000000080a00000| PB 0x0000000080a00000| Untracked 
|  11|0x0000000080b00000, 0x0000000080c00000, 0x0000000080c00000|100%| O|  |TAMS 0x0000000080b00000| PB 0x0000000080b00000| Untracked 
|  12|0x0000000080c00000, 0x0000000080d00000, 0x0000000080d00000|100%| O|  |TAMS 0x0000000080c00000| PB 0x0000000080c00000| Untracked 
|  13|0x0000000080d00000, 0x0000000080e00000, 0x0000000080e00000|100%| O|  |TAMS 0x0000000080d00000| PB 0x0000000080d00000| Untracked 
|  14|0x0000000080e00000, 0x0000000080f00000, 0x0000000080f00000|100%| O|  |TAMS 0x0000000080e00000| PB 0x0000000080e00000| Untracked 
|  15|0x0000000080f00000, 0x0000000081000000, 0x0000000081000000|100%| O|  |TAMS 0x0000000080f00000| PB 0x0000000080f00000| Untracked 
|  16|0x0000000081000000, 0x0000000081100000, 0x0000000081100000|100%| O|  |TAMS 0x0000000081000000| PB 0x0000000081000000| Untracked 
|  17|0x0000000081100000, 0x0000000081200000, 0x0000000081200000|100%| O|  |TAMS 0x0000000081100000| PB 0x0000000081100000| Untracked 
|  18|0x0000000081200000, 0x0000000081300000, 0x0000000081300000|100%| O|  |TAMS 0x0000000081200000| PB 0x0000000081200000| Untracked 
|  19|0x0000000081300000, 0x0000000081400000, 0x0000000081400000|100%|HS|  |TAMS 0x0000000081300000| PB 0x0000000081300000| Complete 
|  20|0x0000000081400000, 0x0000000081500000, 0x0000000081500000|100%|HC|  |TAMS 0x0000000081400000| PB 0x0000000081400000| Complete 
|  21|0x0000000081500000, 0x0000000081600000, 0x0000000081600000|100%| O|  |TAMS 0x0000000081500000| PB 0x0000000081500000| Untracked 
|  22|0x0000000081600000, 0x0000000081700000, 0x0000000081700000|100%| O|  |TAMS 0x0000000081600000| PB 0x0000000081600000| Untracked 
|  23|0x0000000081700000, 0x0000000081800000, 0x0000000081800000|100%| O|  |TAMS 0x0000000081700000| PB 0x0000000081700000| Untracked 
|  24|0x0000000081800000, 0x0000000081900000, 0x0000000081900000|100%| O|  |TAMS 0x0000000081800000| PB 0x0000000081800000| Untracked 
|  25|0x0000000081900000, 0x0000000081a00000, 0x0000000081a00000|100%| O|  |TAMS 0x0000000081900000| PB 0x0000000081900000| Untracked 
|  26|0x0000000081a00000, 0x0000000081b00000, 0x0000000081b00000|100%| O|  |TAMS 0x0000000081a00000| PB 0x0000000081a00000| Untracked 
|  27|0x0000000081b00000, 0x0000000081c00000, 0x0000000081c00000|100%| O|  |TAMS 0x0000000081b00000| PB 0x0000000081b00000| Untracked 
|  28|0x0000000081c00000, 0x0000000081d00000, 0x0000000081d00000|100%| O|  |TAMS 0x0000000081c00000| PB 0x0000000081c00000| Untracked 
|  29|0x0000000081d00000, 0x0000000081e00000, 0x0000000081e00000|100%| O|  |TAMS 0x0000000081d00000| PB 0x0000000081d00000| Untracked 
|  30|0x0000000081e00000, 0x0000000081f00000, 0x0000000081f00000|100%| O|  |TAMS 0x0000000081e00000| PB 0x0000000081e00000| Untracked 
|  31|0x0000000081f00000, 0x0000000082000000, 0x0000000082000000|100%| O|  |TAMS 0x0000000081f00000| PB 0x0000000081f00000| Untracked 
|  32|0x0000000082000000, 0x0000000082100000, 0x0000000082100000|100%| O|  |TAMS 0x0000000082000000| PB 0x0000000082000000| Untracked 
|  33|0x0000000082100000, 0x0000000082200000, 0x0000000082200000|100%| O|  |TAMS 0x0000000082100000| PB 0x0000000082100000| Untracked 
|  34|0x0000000082200000, 0x0000000082300000, 0x0000000082300000|100%| O|  |TAMS 0x0000000082200000| PB 0x0000000082200000| Untracked 
|  35|0x0000000082300000, 0x0000000082400000, 0x0000000082400000|100%| O|  |TAMS 0x0000000082300000| PB 0x0000000082300000| Untracked 
|  36|0x0000000082400000, 0x0000000082500000, 0x0000000082500000|100%| O|  |TAMS 0x0000000082400000| PB 0x0000000082400000| Untracked 
|  37|0x0000000082500000, 0x0000000082600000, 0x0000000082600000|100%| O|  |TAMS 0x0000000082500000| PB 0x0000000082500000| Untracked 
|  38|0x0000000082600000, 0x0000000082700000, 0x0000000082700000|100%| O|  |TAMS 0x0000000082600000| PB 0x0000000082600000| Untracked 
|  39|0x0000000082700000, 0x0000000082800000, 0x0000000082800000|100%| O|  |TAMS 0x0000000082700000| PB 0x0000000082700000| Untracked 
|  40|0x0000000082800000, 0x0000000082900000, 0x0000000082900000|100%| O|  |TAMS 0x0000000082800000| PB 0x0000000082800000| Untracked 
|  41|0x0000000082900000, 0x0000000082a00000, 0x0000000082a00000|100%| O|  |TAMS 0x0000000082900000| PB 0x0000000082900000| Untracked 
|  42|0x0000000082a00000, 0x0000000082b00000, 0x0000000082b00000|100%| O|  |TAMS 0x0000000082a00000| PB 0x0000000082a00000| Untracked 
|  43|0x0000000082b00000, 0x0000000082c00000, 0x0000000082c00000|100%| O|  |TAMS 0x0000000082b00000| PB 0x0000000082b00000| Untracked 
|  44|0x0000000082c00000, 0x0000000082d00000, 0x0000000082d00000|100%|HS|  |TAMS 0x0000000082c00000| PB 0x0000000082c00000| Complete 
|  45|0x0000000082d00000, 0x0000000082e00000, 0x0000000082e00000|100%|HS|  |TAMS 0x0000000082d00000| PB 0x0000000082d00000| Complete 
|  46|0x0000000082e00000, 0x0000000082f00000, 0x0000000082f00000|100%|HS|  |TAMS 0x0000000082e00000| PB 0x0000000082e00000| Complete 
|  47|0x0000000082f00000, 0x0000000083000000, 0x0000000083000000|100%|HC|  |TAMS 0x0000000082f00000| PB 0x0000000082f00000| Complete 
|  48|0x0000000083000000, 0x0000000083100000, 0x0000000083100000|100%|HS|  |TAMS 0x0000000083000000| PB 0x0000000083000000| Complete 
|  49|0x0000000083100000, 0x0000000083200000, 0x0000000083200000|100%|HC|  |TAMS 0x0000000083100000| PB 0x0000000083100000| Complete 
|  50|0x0000000083200000, 0x0000000083300000, 0x0000000083300000|100%|HS|  |TAMS 0x0000000083200000| PB 0x0000000083200000| Complete 
|  51|0x0000000083300000, 0x0000000083400000, 0x0000000083400000|100%| O|  |TAMS 0x0000000083300000| PB 0x0000000083300000| Untracked 
|  52|0x0000000083400000, 0x0000000083500000, 0x0000000083500000|100%|HS|  |TAMS 0x0000000083400000| PB 0x0000000083400000| Complete 
|  53|0x0000000083500000, 0x0000000083600000, 0x0000000083600000|100%|HC|  |TAMS 0x0000000083500000| PB 0x0000000083500000| Complete 
|  54|0x0000000083600000, 0x0000000083700000, 0x0000000083700000|100%|HC|  |TAMS 0x0000000083600000| PB 0x0000000083600000| Complete 
|  55|0x0000000083700000, 0x0000000083800000, 0x0000000083800000|100%|HC|  |TAMS 0x0000000083700000| PB 0x0000000083700000| Complete 
|  56|0x0000000083800000, 0x0000000083900000, 0x0000000083900000|100%|HS|  |TAMS 0x0000000083800000| PB 0x0000000083800000| Complete 
|  57|0x0000000083900000, 0x0000000083a00000, 0x0000000083a00000|100%| O|  |TAMS 0x0000000083900000| PB 0x0000000083900000| Untracked 
|  58|0x0000000083a00000, 0x0000000083b00000, 0x0000000083b00000|100%|HS|  |TAMS 0x0000000083a00000| PB 0x0000000083a00000| Complete 
|  59|0x0000000083b00000, 0x0000000083c00000, 0x0000000083c00000|100%|HS|  |TAMS 0x0000000083b00000| PB 0x0000000083b00000| Complete 
|  60|0x0000000083c00000, 0x0000000083d00000, 0x0000000083d00000|100%| O|  |TAMS 0x0000000083c00000| PB 0x0000000083c00000| Untracked 
|  61|0x0000000083d00000, 0x0000000083e00000, 0x0000000083e00000|100%| O|  |TAMS 0x0000000083d00000| PB 0x0000000083d00000| Untracked 
|  62|0x0000000083e00000, 0x0000000083f00000, 0x0000000083f00000|100%| O|  |TAMS 0x0000000083e00000| PB 0x0000000083e00000| Untracked 
|  63|0x0000000083f00000, 0x0000000084000000, 0x0000000084000000|100%| O|  |TAMS 0x0000000083f00000| PB 0x0000000083f00000| Untracked 
|  64|0x0000000084000000, 0x0000000084100000, 0x0000000084100000|100%| O|  |TAMS 0x0000000084000000| PB 0x0000000084000000| Untracked 
|  65|0x0000000084100000, 0x0000000084200000, 0x0000000084200000|100%| O|  |TAMS 0x0000000084100000| PB 0x0000000084100000| Untracked 
|  66|0x0000000084200000, 0x0000000084300000, 0x0000000084300000|100%| O|  |TAMS 0x0000000084200000| PB 0x0000000084200000| Untracked 
|  67|0x0000000084300000, 0x0000000084400000, 0x0000000084400000|100%|HS|  |TAMS 0x0000000084300000| PB 0x0000000084300000| Complete 
|  68|0x0000000084400000, 0x0000000084500000, 0x0000000084500000|100%| O|  |TAMS 0x0000000084400000| PB 0x0000000084400000| Untracked 
|  69|0x0000000084500000, 0x0000000084600000, 0x0000000084600000|100%| O|  |TAMS 0x0000000084500000| PB 0x0000000084500000| Untracked 
|  70|0x0000000084600000, 0x0000000084700000, 0x0000000084700000|100%| O|  |TAMS 0x0000000084600000| PB 0x0000000084600000| Untracked 
|  71|0x0000000084700000, 0x0000000084800000, 0x0000000084800000|100%|HS|  |TAMS 0x0000000084700000| PB 0x0000000084700000| Complete 
|  72|0x0000000084800000, 0x0000000084900000, 0x0000000084900000|100%|HC|  |TAMS 0x0000000084800000| PB 0x0000000084800000| Complete 
|  73|0x0000000084900000, 0x0000000084a00000, 0x0000000084a00000|100%|HC|  |TAMS 0x0000000084900000| PB 0x0000000084900000| Complete 
|  74|0x0000000084a00000, 0x0000000084b00000, 0x0000000084b00000|100%|HC|  |TAMS 0x0000000084a00000| PB 0x0000000084a00000| Complete 
|  75|0x0000000084b00000, 0x0000000084c00000, 0x0000000084c00000|100%| O|  |TAMS 0x0000000084b00000| PB 0x0000000084b00000| Untracked 
|  76|0x0000000084c00000, 0x0000000084d00000, 0x0000000084d00000|100%| O|  |TAMS 0x0000000084c00000| PB 0x0000000084c00000| Untracked 
|  77|0x0000000084d00000, 0x0000000084e00000, 0x0000000084e00000|100%| O|  |TAMS 0x0000000084d00000| PB 0x0000000084d00000| Untracked 
|  78|0x0000000084e00000, 0x0000000084f00000, 0x0000000084f00000|100%| O|  |TAMS 0x0000000084e00000| PB 0x0000000084e00000| Untracked 
|  79|0x0000000084f00000, 0x0000000085000000, 0x0000000085000000|100%| O|  |TAMS 0x0000000084f00000| PB 0x0000000084f00000| Untracked 
|  80|0x0000000085000000, 0x0000000085100000, 0x0000000085100000|100%| O|  |TAMS 0x0000000085000000| PB 0x0000000085000000| Untracked 
|  81|0x0000000085100000, 0x0000000085200000, 0x0000000085200000|100%| O|  |TAMS 0x0000000085100000| PB 0x0000000085100000| Untracked 
|  82|0x0000000085200000, 0x0000000085300000, 0x0000000085300000|100%| O|  |TAMS 0x0000000085200000| PB 0x0000000085200000| Untracked 
|  83|0x0000000085300000, 0x0000000085400000, 0x0000000085400000|100%| O|  |TAMS 0x0000000085300000| PB 0x0000000085300000| Untracked 
|  84|0x0000000085400000, 0x0000000085500000, 0x0000000085500000|100%| O|  |TAMS 0x0000000085400000| PB 0x0000000085400000| Untracked 
|  85|0x0000000085500000, 0x0000000085600000, 0x0000000085600000|100%| O|  |TAMS 0x0000000085500000| PB 0x0000000085500000| Untracked 
|  86|0x0000000085600000, 0x0000000085700000, 0x0000000085700000|100%| O|  |TAMS 0x0000000085600000| PB 0x0000000085600000| Untracked 
|  87|0x0000000085700000, 0x0000000085800000, 0x0000000085800000|100%| O|  |TAMS 0x0000000085700000| PB 0x0000000085700000| Untracked 
|  88|0x0000000085800000, 0x0000000085900000, 0x0000000085900000|100%| O|  |TAMS 0x0000000085800000| PB 0x0000000085800000| Untracked 
|  89|0x0000000085900000, 0x0000000085a00000, 0x0000000085a00000|100%| O|  |TAMS 0x0000000085900000| PB 0x0000000085900000| Untracked 
|  90|0x0000000085a00000, 0x0000000085b00000, 0x0000000085b00000|100%| O|  |TAMS 0x0000000085a00000| PB 0x0000000085a00000| Untracked 
|  91|0x0000000085b00000, 0x0000000085c00000, 0x0000000085c00000|100%| O|  |TAMS 0x0000000085b00000| PB 0x0000000085b00000| Untracked 
|  92|0x0000000085c00000, 0x0000000085d00000, 0x0000000085d00000|100%| O|  |TAMS 0x0000000085c00000| PB 0x0000000085c00000| Untracked 
|  93|0x0000000085d00000, 0x0000000085e00000, 0x0000000085e00000|100%| O|  |TAMS 0x0000000085d00000| PB 0x0000000085d00000| Untracked 
|  94|0x0000000085e00000, 0x0000000085f00000, 0x0000000085f00000|100%| O|  |TAMS 0x0000000085e00000| PB 0x0000000085e00000| Untracked 
|  95|0x0000000085f00000, 0x0000000086000000, 0x0000000086000000|100%| O|  |TAMS 0x0000000085f00000| PB 0x0000000085f00000| Untracked 
|  96|0x0000000086000000, 0x0000000086100000, 0x0000000086100000|100%| O|  |TAMS 0x0000000086000000| PB 0x0000000086000000| Untracked 
|  97|0x0000000086100000, 0x0000000086200000, 0x0000000086200000|100%| O|  |TAMS 0x0000000086100000| PB 0x0000000086100000| Untracked 
|  98|0x0000000086200000, 0x0000000086300000, 0x0000000086300000|100%| O|  |TAMS 0x0000000086200000| PB 0x0000000086200000| Untracked 
|  99|0x0000000086300000, 0x0000000086400000, 0x0000000086400000|100%| O|  |TAMS 0x0000000086300000| PB 0x0000000086300000| Untracked 
| 100|0x0000000086400000, 0x0000000086500000, 0x0000000086500000|100%| O|  |TAMS 0x0000000086400000| PB 0x0000000086400000| Untracked 
| 101|0x0000000086500000, 0x0000000086600000, 0x0000000086600000|100%| O|  |TAMS 0x0000000086500000| PB 0x0000000086500000| Untracked 
| 102|0x0000000086600000, 0x0000000086700000, 0x0000000086700000|100%| O|  |TAMS 0x0000000086600000| PB 0x0000000086600000| Untracked 
| 103|0x0000000086700000, 0x0000000086800000, 0x0000000086800000|100%| O|  |TAMS 0x0000000086700000| PB 0x0000000086700000| Untracked 
| 104|0x0000000086800000, 0x0000000086900000, 0x0000000086900000|100%| O|  |TAMS 0x0000000086800000| PB 0x0000000086800000| Untracked 
| 105|0x0000000086900000, 0x0000000086a00000, 0x0000000086a00000|100%| O|  |TAMS 0x0000000086900000| PB 0x0000000086900000| Untracked 
| 106|0x0000000086a00000, 0x0000000086b00000, 0x0000000086b00000|100%| O|  |TAMS 0x0000000086a00000| PB 0x0000000086a00000| Untracked 
| 107|0x0000000086b00000, 0x0000000086c00000, 0x0000000086c00000|100%| O|  |TAMS 0x0000000086b00000| PB 0x0000000086b00000| Untracked 
| 108|0x0000000086c00000, 0x0000000086d00000, 0x0000000086d00000|100%| O|  |TAMS 0x0000000086c00000| PB 0x0000000086c00000| Untracked 
| 109|0x0000000086d00000, 0x0000000086e00000, 0x0000000086e00000|100%| O|  |TAMS 0x0000000086d00000| PB 0x0000000086d00000| Untracked 
| 110|0x0000000086e00000, 0x0000000086f00000, 0x0000000086f00000|100%| O|  |TAMS 0x0000000086e00000| PB 0x0000000086e00000| Untracked 
| 111|0x0000000086f00000, 0x0000000087000000, 0x0000000087000000|100%| O|  |TAMS 0x0000000086f00000| PB 0x0000000086f00000| Untracked 
| 112|0x0000000087000000, 0x0000000087100000, 0x0000000087100000|100%| O|  |TAMS 0x0000000087000000| PB 0x0000000087000000| Untracked 
| 113|0x0000000087100000, 0x0000000087200000, 0x0000000087200000|100%| O|  |TAMS 0x0000000087100000| PB 0x0000000087100000| Untracked 
| 114|0x0000000087200000, 0x0000000087300000, 0x0000000087300000|100%| O|  |TAMS 0x0000000087200000| PB 0x0000000087200000| Untracked 
| 115|0x0000000087300000, 0x0000000087400000, 0x0000000087400000|100%| O|  |TAMS 0x0000000087300000| PB 0x0000000087300000| Untracked 
| 116|0x0000000087400000, 0x0000000087500000, 0x0000000087500000|100%| O|  |TAMS 0x0000000087400000| PB 0x0000000087400000| Untracked 
| 117|0x0000000087500000, 0x00000000875aa078, 0x0000000087600000| 66%| O|  |TAMS 0x0000000087500000| PB 0x0000000087500000| Untracked 
| 118|0x0000000087600000, 0x0000000087600000, 0x0000000087700000|  0%| F|  |TAMS 0x0000000087600000| PB 0x0000000087600000| Untracked 
| 119|0x0000000087700000, 0x0000000087800000, 0x0000000087800000|100%| O|  |TAMS 0x0000000087700000| PB 0x0000000087700000| Untracked 
| 120|0x0000000087800000, 0x0000000087900000, 0x0000000087900000|100%| O|  |TAMS 0x0000000087800000| PB 0x0000000087800000| Untracked 
| 121|0x0000000087900000, 0x0000000087a00000, 0x0000000087a00000|100%| O|  |TAMS 0x0000000087900000| PB 0x0000000087900000| Untracked 
| 122|0x0000000087a00000, 0x0000000087a00000, 0x0000000087b00000|  0%| F|  |TAMS 0x0000000087a00000| PB 0x0000000087a00000| Untracked 
| 123|0x0000000087b00000, 0x0000000087b00000, 0x0000000087c00000|  0%| F|  |TAMS 0x0000000087b00000| PB 0x0000000087b00000| Untracked 
| 124|0x0000000087c00000, 0x0000000087c00000, 0x0000000087d00000|  0%| F|  |TAMS 0x0000000087c00000| PB 0x0000000087c00000| Untracked 
| 125|0x0000000087d00000, 0x0000000087d00000, 0x0000000087e00000|  0%| F|  |TAMS 0x0000000087d00000| PB 0x0000000087d00000| Untracked 
| 126|0x0000000087e00000, 0x0000000087e00000, 0x0000000087f00000|  0%| F|  |TAMS 0x0000000087e00000| PB 0x0000000087e00000| Untracked 
| 127|0x0000000087f00000, 0x0000000087f00000, 0x0000000088000000|  0%| F|  |TAMS 0x0000000087f00000| PB 0x0000000087f00000| Untracked 
| 128|0x0000000088000000, 0x0000000088000000, 0x0000000088100000|  0%| F|  |TAMS 0x0000000088000000| PB 0x0000000088000000| Untracked 
| 129|0x0000000088100000, 0x0000000088100000, 0x0000000088200000|  0%| F|  |TAMS 0x0000000088100000| PB 0x0000000088100000| Untracked 
| 130|0x0000000088200000, 0x0000000088200000, 0x0000000088300000|  0%| F|  |TAMS 0x0000000088200000| PB 0x0000000088200000| Untracked 
| 131|0x0000000088300000, 0x0000000088300000, 0x0000000088400000|  0%| F|  |TAMS 0x0000000088300000| PB 0x0000000088300000| Untracked 
| 132|0x0000000088400000, 0x0000000088400000, 0x0000000088500000|  0%| F|  |TAMS 0x0000000088400000| PB 0x0000000088400000| Untracked 
| 133|0x0000000088500000, 0x0000000088500000, 0x0000000088600000|  0%| F|  |TAMS 0x0000000088500000| PB 0x0000000088500000| Untracked 
| 134|0x0000000088600000, 0x0000000088600000, 0x0000000088700000|  0%| F|  |TAMS 0x0000000088600000| PB 0x0000000088600000| Untracked 
| 135|0x0000000088700000, 0x0000000088700000, 0x0000000088800000|  0%| F|  |TAMS 0x0000000088700000| PB 0x0000000088700000| Untracked 
| 136|0x0000000088800000, 0x0000000088800000, 0x0000000088900000|  0%| F|  |TAMS 0x0000000088800000| PB 0x0000000088800000| Untracked 
| 137|0x0000000088900000, 0x00000000889b5890, 0x0000000088a00000| 70%| S|CS|TAMS 0x0000000088900000| PB 0x0000000088900000| Complete 
| 138|0x0000000088a00000, 0x0000000088b00000, 0x0000000088b00000|100%| S|CS|TAMS 0x0000000088a00000| PB 0x0000000088a00000| Complete 
| 139|0x0000000088b00000, 0x0000000088c00000, 0x0000000088c00000|100%| S|CS|TAMS 0x0000000088b00000| PB 0x0000000088b00000| Complete 
| 140|0x0000000088c00000, 0x0000000088d00000, 0x0000000088d00000|100%| S|CS|TAMS 0x0000000088c00000| PB 0x0000000088c00000| Complete 
| 141|0x0000000088d00000, 0x0000000088e00000, 0x0000000088e00000|100%| S|CS|TAMS 0x0000000088d00000| PB 0x0000000088d00000| Complete 
| 142|0x0000000088e00000, 0x0000000088f00000, 0x0000000088f00000|100%| S|CS|TAMS 0x0000000088e00000| PB 0x0000000088e00000| Complete 
| 143|0x0000000088f00000, 0x0000000089000000, 0x0000000089000000|100%| S|CS|TAMS 0x0000000088f00000| PB 0x0000000088f00000| Complete 
| 144|0x0000000089000000, 0x0000000089000000, 0x0000000089100000|  0%| F|  |TAMS 0x0000000089000000| PB 0x0000000089000000| Untracked 
| 145|0x0000000089100000, 0x0000000089200000, 0x0000000089200000|100%| O|  |TAMS 0x0000000089100000| PB 0x0000000089100000| Untracked 
| 146|0x0000000089200000, 0x0000000089300000, 0x0000000089300000|100%| O|  |TAMS 0x0000000089200000| PB 0x0000000089200000| Untracked 
| 147|0x0000000089300000, 0x0000000089400000, 0x0000000089400000|100%| O|  |TAMS 0x0000000089300000| PB 0x0000000089300000| Untracked 
| 148|0x0000000089400000, 0x0000000089500000, 0x0000000089500000|100%| O|  |TAMS 0x0000000089400000| PB 0x0000000089400000| Untracked 
| 149|0x0000000089500000, 0x0000000089600000, 0x0000000089600000|100%| O|  |TAMS 0x0000000089500000| PB 0x0000000089500000| Untracked 
| 150|0x0000000089600000, 0x0000000089600000, 0x0000000089700000|  0%| F|  |TAMS 0x0000000089600000| PB 0x0000000089600000| Untracked 
| 151|0x0000000089700000, 0x0000000089700000, 0x0000000089800000|  0%| F|  |TAMS 0x0000000089700000| PB 0x0000000089700000| Untracked 
| 152|0x0000000089800000, 0x0000000089800000, 0x0000000089900000|  0%| F|  |TAMS 0x0000000089800000| PB 0x0000000089800000| Untracked 
| 153|0x0000000089900000, 0x0000000089900000, 0x0000000089a00000|  0%| F|  |TAMS 0x0000000089900000| PB 0x0000000089900000| Untracked 
| 154|0x0000000089a00000, 0x0000000089a00000, 0x0000000089b00000|  0%| F|  |TAMS 0x0000000089a00000| PB 0x0000000089a00000| Untracked 
| 155|0x0000000089b00000, 0x0000000089b00000, 0x0000000089c00000|  0%| F|  |TAMS 0x0000000089b00000| PB 0x0000000089b00000| Untracked 
| 156|0x0000000089c00000, 0x0000000089c00000, 0x0000000089d00000|  0%| F|  |TAMS 0x0000000089c00000| PB 0x0000000089c00000| Untracked 
| 157|0x0000000089d00000, 0x0000000089d00000, 0x0000000089e00000|  0%| F|  |TAMS 0x0000000089d00000| PB 0x0000000089d00000| Untracked 
| 158|0x0000000089e00000, 0x0000000089e00000, 0x0000000089f00000|  0%| F|  |TAMS 0x0000000089e00000| PB 0x0000000089e00000| Untracked 
| 159|0x0000000089f00000, 0x0000000089f00000, 0x000000008a000000|  0%| F|  |TAMS 0x0000000089f00000| PB 0x0000000089f00000| Untracked 
| 160|0x000000008a000000, 0x000000008a000000, 0x000000008a100000|  0%| F|  |TAMS 0x000000008a000000| PB 0x000000008a000000| Untracked 
| 161|0x000000008a100000, 0x000000008a100000, 0x000000008a200000|  0%| F|  |TAMS 0x000000008a100000| PB 0x000000008a100000| Untracked 
| 162|0x000000008a200000, 0x000000008a200000, 0x000000008a300000|  0%| F|  |TAMS 0x000000008a200000| PB 0x000000008a200000| Untracked 
| 163|0x000000008a300000, 0x000000008a300000, 0x000000008a400000|  0%| F|  |TAMS 0x000000008a300000| PB 0x000000008a300000| Untracked 
| 164|0x000000008a400000, 0x000000008a400000, 0x000000008a500000|  0%| F|  |TAMS 0x000000008a400000| PB 0x000000008a400000| Untracked 
| 165|0x000000008a500000, 0x000000008a500000, 0x000000008a600000|  0%| F|  |TAMS 0x000000008a500000| PB 0x000000008a500000| Untracked 
| 166|0x000000008a600000, 0x000000008a600000, 0x000000008a700000|  0%| F|  |TAMS 0x000000008a600000| PB 0x000000008a600000| Untracked 
| 167|0x000000008a700000, 0x000000008a700000, 0x000000008a800000|  0%| F|  |TAMS 0x000000008a700000| PB 0x000000008a700000| Untracked 
| 168|0x000000008a800000, 0x000000008a800000, 0x000000008a900000|  0%| F|  |TAMS 0x000000008a800000| PB 0x000000008a800000| Untracked 
| 169|0x000000008a900000, 0x000000008a900000, 0x000000008aa00000|  0%| F|  |TAMS 0x000000008a900000| PB 0x000000008a900000| Untracked 
| 170|0x000000008aa00000, 0x000000008aa00000, 0x000000008ab00000|  0%| F|  |TAMS 0x000000008aa00000| PB 0x000000008aa00000| Untracked 
| 171|0x000000008ab00000, 0x000000008ab00000, 0x000000008ac00000|  0%| F|  |TAMS 0x000000008ab00000| PB 0x000000008ab00000| Untracked 
| 172|0x000000008ac00000, 0x000000008ac00000, 0x000000008ad00000|  0%| F|  |TAMS 0x000000008ac00000| PB 0x000000008ac00000| Untracked 
| 173|0x000000008ad00000, 0x000000008ad00000, 0x000000008ae00000|  0%| F|  |TAMS 0x000000008ad00000| PB 0x000000008ad00000| Untracked 
| 174|0x000000008ae00000, 0x000000008ae00000, 0x000000008af00000|  0%| F|  |TAMS 0x000000008ae00000| PB 0x000000008ae00000| Untracked 
| 175|0x000000008af00000, 0x000000008af00000, 0x000000008b000000|  0%| F|  |TAMS 0x000000008af00000| PB 0x000000008af00000| Untracked 
| 176|0x000000008b000000, 0x000000008b000000, 0x000000008b100000|  0%| F|  |TAMS 0x000000008b000000| PB 0x000000008b000000| Untracked 
| 177|0x000000008b100000, 0x000000008b100000, 0x000000008b200000|  0%| F|  |TAMS 0x000000008b100000| PB 0x000000008b100000| Untracked 
| 178|0x000000008b200000, 0x000000008b200000, 0x000000008b300000|  0%| F|  |TAMS 0x000000008b200000| PB 0x000000008b200000| Untracked 
| 179|0x000000008b300000, 0x000000008b300000, 0x000000008b400000|  0%| F|  |TAMS 0x000000008b300000| PB 0x000000008b300000| Untracked 
| 180|0x000000008b400000, 0x000000008b400000, 0x000000008b500000|  0%| F|  |TAMS 0x000000008b400000| PB 0x000000008b400000| Untracked 
| 181|0x000000008b500000, 0x000000008b500000, 0x000000008b600000|  0%| F|  |TAMS 0x000000008b500000| PB 0x000000008b500000| Untracked 
| 182|0x000000008b600000, 0x000000008b600000, 0x000000008b700000|  0%| F|  |TAMS 0x000000008b600000| PB 0x000000008b600000| Untracked 
| 183|0x000000008b700000, 0x000000008b700000, 0x000000008b800000|  0%| F|  |TAMS 0x000000008b700000| PB 0x000000008b700000| Untracked 
| 184|0x000000008b800000, 0x000000008b800000, 0x000000008b900000|  0%| F|  |TAMS 0x000000008b800000| PB 0x000000008b800000| Untracked 
| 185|0x000000008b900000, 0x000000008b900000, 0x000000008ba00000|  0%| F|  |TAMS 0x000000008b900000| PB 0x000000008b900000| Untracked 
| 186|0x000000008ba00000, 0x000000008ba00000, 0x000000008bb00000|  0%| F|  |TAMS 0x000000008ba00000| PB 0x000000008ba00000| Untracked 
| 187|0x000000008bb00000, 0x000000008bb00000, 0x000000008bc00000|  0%| F|  |TAMS 0x000000008bb00000| PB 0x000000008bb00000| Untracked 
| 188|0x000000008bc00000, 0x000000008bc00000, 0x000000008bd00000|  0%| F|  |TAMS 0x000000008bc00000| PB 0x000000008bc00000| Untracked 
| 189|0x000000008bd00000, 0x000000008bd00000, 0x000000008be00000|  0%| F|  |TAMS 0x000000008bd00000| PB 0x000000008bd00000| Untracked 
| 190|0x000000008be00000, 0x000000008be00000, 0x000000008bf00000|  0%| F|  |TAMS 0x000000008be00000| PB 0x000000008be00000| Untracked 
| 191|0x000000008bf00000, 0x000000008bf00000, 0x000000008c000000|  0%| F|  |TAMS 0x000000008bf00000| PB 0x000000008bf00000| Untracked 
| 192|0x000000008c000000, 0x000000008c000000, 0x000000008c100000|  0%| F|  |TAMS 0x000000008c000000| PB 0x000000008c000000| Untracked 
| 193|0x000000008c100000, 0x000000008c100000, 0x000000008c200000|  0%| F|  |TAMS 0x000000008c100000| PB 0x000000008c100000| Untracked 
| 194|0x000000008c200000, 0x000000008c200000, 0x000000008c300000|  0%| F|  |TAMS 0x000000008c200000| PB 0x000000008c200000| Untracked 
| 195|0x000000008c300000, 0x000000008c300000, 0x000000008c400000|  0%| F|  |TAMS 0x000000008c300000| PB 0x000000008c300000| Untracked 
| 196|0x000000008c400000, 0x000000008c400000, 0x000000008c500000|  0%| F|  |TAMS 0x000000008c400000| PB 0x000000008c400000| Untracked 
| 197|0x000000008c500000, 0x000000008c500000, 0x000000008c600000|  0%| F|  |TAMS 0x000000008c500000| PB 0x000000008c500000| Untracked 
| 198|0x000000008c600000, 0x000000008c600000, 0x000000008c700000|  0%| F|  |TAMS 0x000000008c600000| PB 0x000000008c600000| Untracked 
| 199|0x000000008c700000, 0x000000008c700000, 0x000000008c800000|  0%| F|  |TAMS 0x000000008c700000| PB 0x000000008c700000| Untracked 
| 200|0x000000008c800000, 0x000000008c800000, 0x000000008c900000|  0%| F|  |TAMS 0x000000008c800000| PB 0x000000008c800000| Untracked 
| 201|0x000000008c900000, 0x000000008c900000, 0x000000008ca00000|  0%| F|  |TAMS 0x000000008c900000| PB 0x000000008c900000| Untracked 
| 202|0x000000008ca00000, 0x000000008ca00000, 0x000000008cb00000|  0%| F|  |TAMS 0x000000008ca00000| PB 0x000000008ca00000| Untracked 
| 203|0x000000008cb00000, 0x000000008cb00000, 0x000000008cc00000|  0%| F|  |TAMS 0x000000008cb00000| PB 0x000000008cb00000| Untracked 
| 204|0x000000008cc00000, 0x000000008cc00000, 0x000000008cd00000|  0%| F|  |TAMS 0x000000008cc00000| PB 0x000000008cc00000| Untracked 
| 205|0x000000008cd00000, 0x000000008cd00000, 0x000000008ce00000|  0%| F|  |TAMS 0x000000008cd00000| PB 0x000000008cd00000| Untracked 
| 206|0x000000008ce00000, 0x000000008ce00000, 0x000000008cf00000|  0%| F|  |TAMS 0x000000008ce00000| PB 0x000000008ce00000| Untracked 
| 207|0x000000008cf00000, 0x000000008cf00000, 0x000000008d000000|  0%| F|  |TAMS 0x000000008cf00000| PB 0x000000008cf00000| Untracked 
| 208|0x000000008d000000, 0x000000008d000000, 0x000000008d100000|  0%| F|  |TAMS 0x000000008d000000| PB 0x000000008d000000| Untracked 
| 209|0x000000008d100000, 0x000000008d100000, 0x000000008d200000|  0%| F|  |TAMS 0x000000008d100000| PB 0x000000008d100000| Untracked 
| 210|0x000000008d200000, 0x000000008d200000, 0x000000008d300000|  0%| F|  |TAMS 0x000000008d200000| PB 0x000000008d200000| Untracked 
| 211|0x000000008d300000, 0x000000008d300000, 0x000000008d400000|  0%| F|  |TAMS 0x000000008d300000| PB 0x000000008d300000| Untracked 
| 212|0x000000008d400000, 0x000000008d400000, 0x000000008d500000|  0%| F|  |TAMS 0x000000008d400000| PB 0x000000008d400000| Untracked 
| 213|0x000000008d500000, 0x000000008d500000, 0x000000008d600000|  0%| F|  |TAMS 0x000000008d500000| PB 0x000000008d500000| Untracked 
| 214|0x000000008d600000, 0x000000008d700000, 0x000000008d700000|100%| E|  |TAMS 0x000000008d600000| PB 0x000000008d600000| Complete 
| 215|0x000000008d700000, 0x000000008d800000, 0x000000008d800000|100%| E|CS|TAMS 0x000000008d700000| PB 0x000000008d700000| Complete 
| 216|0x000000008d800000, 0x000000008d900000, 0x000000008d900000|100%| E|CS|TAMS 0x000000008d800000| PB 0x000000008d800000| Complete 
| 217|0x000000008d900000, 0x000000008da00000, 0x000000008da00000|100%| E|CS|TAMS 0x000000008d900000| PB 0x000000008d900000| Complete 
| 218|0x000000008da00000, 0x000000008db00000, 0x000000008db00000|100%| E|CS|TAMS 0x000000008da00000| PB 0x000000008da00000| Complete 
| 219|0x000000008db00000, 0x000000008dc00000, 0x000000008dc00000|100%| E|CS|TAMS 0x000000008db00000| PB 0x000000008db00000| Complete 
| 220|0x000000008dc00000, 0x000000008dd00000, 0x000000008dd00000|100%| E|CS|TAMS 0x000000008dc00000| PB 0x000000008dc00000| Complete 
| 221|0x000000008dd00000, 0x000000008de00000, 0x000000008de00000|100%| E|CS|TAMS 0x000000008dd00000| PB 0x000000008dd00000| Complete 
| 222|0x000000008de00000, 0x000000008df00000, 0x000000008df00000|100%| E|CS|TAMS 0x000000008de00000| PB 0x000000008de00000| Complete 
| 223|0x000000008df00000, 0x000000008e000000, 0x000000008e000000|100%| E|CS|TAMS 0x000000008df00000| PB 0x000000008df00000| Complete 
| 224|0x000000008e000000, 0x000000008e100000, 0x000000008e100000|100%| E|CS|TAMS 0x000000008e000000| PB 0x000000008e000000| Complete 
| 225|0x000000008e100000, 0x000000008e200000, 0x000000008e200000|100%| E|CS|TAMS 0x000000008e100000| PB 0x000000008e100000| Complete 
| 226|0x000000008e200000, 0x000000008e300000, 0x000000008e300000|100%| E|CS|TAMS 0x000000008e200000| PB 0x000000008e200000| Complete 
| 227|0x000000008e300000, 0x000000008e400000, 0x000000008e400000|100%| E|CS|TAMS 0x000000008e300000| PB 0x000000008e300000| Complete 
| 251|0x000000008fb00000, 0x000000008fc00000, 0x000000008fc00000|100%| E|CS|TAMS 0x000000008fb00000| PB 0x000000008fb00000| Complete 
|2022|0x00000000fe600000, 0x00000000fe700000, 0x00000000fe700000|100%| O|  |TAMS 0x00000000fe600000| PB 0x00000000fe600000| Untracked 
|2023|0x00000000fe700000, 0x00000000fe800000, 0x00000000fe800000|100%| O|  |TAMS 0x00000000fe700000| PB 0x00000000fe700000| Untracked 
|2024|0x00000000fe800000, 0x00000000fe900000, 0x00000000fe900000|100%| O|  |TAMS 0x00000000fe800000| PB 0x00000000fe800000| Untracked 
|2025|0x00000000fe900000, 0x00000000fea00000, 0x00000000fea00000|100%| O|  |TAMS 0x00000000fe900000| PB 0x00000000fe900000| Untracked 
|2026|0x00000000fea00000, 0x00000000feb00000, 0x00000000feb00000|100%| O|  |TAMS 0x00000000fea00000| PB 0x00000000fea00000| Untracked 
|2027|0x00000000feb00000, 0x00000000fec00000, 0x00000000fec00000|100%| O|  |TAMS 0x00000000feb00000| PB 0x00000000feb00000| Untracked 
|2028|0x00000000fec00000, 0x00000000fed00000, 0x00000000fed00000|100%| O|Cm|TAMS 0x00000000fec00000| PB 0x00000000fec00000| Complete 
|2029|0x00000000fed00000, 0x00000000fee00000, 0x00000000fee00000|100%| O|Cm|TAMS 0x00000000fed00000| PB 0x00000000fed00000| Complete 
|2030|0x00000000fee00000, 0x00000000fef00000, 0x00000000fef00000|100%| O|Cm|TAMS 0x00000000fee00000| PB 0x00000000fee00000| Complete 
|2031|0x00000000fef00000, 0x00000000ff000000, 0x00000000ff000000|100%| O|Cm|TAMS 0x00000000fef00000| PB 0x00000000fef00000| Complete 
|2032|0x00000000ff000000, 0x00000000ff100000, 0x00000000ff100000|100%| O|Cm|TAMS 0x00000000ff000000| PB 0x00000000ff000000| Complete 
|2033|0x00000000ff100000, 0x00000000ff200000, 0x00000000ff200000|100%| O|Cm|TAMS 0x00000000ff100000| PB 0x00000000ff100000| Complete 
|2034|0x00000000ff200000, 0x00000000ff300000, 0x00000000ff300000|100%| O|  |TAMS 0x00000000ff200000| PB 0x00000000ff200000| Untracked 
|2035|0x00000000ff300000, 0x00000000ff400000, 0x00000000ff400000|100%| O|  |TAMS 0x00000000ff300000| PB 0x00000000ff300000| Untracked 
|2036|0x00000000ff400000, 0x00000000ff500000, 0x00000000ff500000|100%| O|  |TAMS 0x00000000ff400000| PB 0x00000000ff400000| Untracked 
|2037|0x00000000ff500000, 0x00000000ff600000, 0x00000000ff600000|100%| E|CS|TAMS 0x00000000ff500000| PB 0x00000000ff500000| Complete 
|2038|0x00000000ff600000, 0x00000000ff700000, 0x00000000ff700000|100%| E|CS|TAMS 0x00000000ff600000| PB 0x00000000ff600000| Complete 
|2039|0x00000000ff700000, 0x00000000ff800000, 0x00000000ff800000|100%| E|CS|TAMS 0x00000000ff700000| PB 0x00000000ff700000| Complete 
|2040|0x00000000ff800000, 0x00000000ff900000, 0x00000000ff900000|100%| E|CS|TAMS 0x00000000ff800000| PB 0x00000000ff800000| Complete 
|2041|0x00000000ff900000, 0x00000000ffa00000, 0x00000000ffa00000|100%| E|CS|TAMS 0x00000000ff900000| PB 0x00000000ff900000| Complete 
|2042|0x00000000ffa00000, 0x00000000ffb00000, 0x00000000ffb00000|100%| O|  |TAMS 0x00000000ffa00000| PB 0x00000000ffa00000| Untracked 
|2043|0x00000000ffb00000, 0x00000000ffc00000, 0x00000000ffc00000|100%| E|CS|TAMS 0x00000000ffb00000| PB 0x00000000ffb00000| Complete 
|2044|0x00000000ffc00000, 0x00000000ffd00000, 0x00000000ffd00000|100%| O|  |TAMS 0x00000000ffc00000| PB 0x00000000ffc00000| Untracked 
|2045|0x00000000ffd00000, 0x00000000ffe00000, 0x00000000ffe00000|100%| O|  |TAMS 0x00000000ffd00000| PB 0x00000000ffd00000| Untracked 
|2046|0x00000000ffe00000, 0x00000000fff00000, 0x00000000fff00000|100%| O|  |TAMS 0x00000000ffe00000| PB 0x00000000ffe00000| Untracked 
|2047|0x00000000fff00000, 0x0000000100000000, 0x0000000100000000|100%| O|  |TAMS 0x00000000fff00000| PB 0x00000000fff00000| Untracked 

Card table byte_map: [0x0000027178a00000,0x0000027178e00000] _byte_map_base: 0x0000027178600000

Marking Bits: (CMBitMap*) 0x0000027173eb4200
 Bits: [0x0000027178e00000, 0x000002717ae00000)

Polling page: 0x0000027173ef0000

Metaspace:

Usage:
  Non-class:    104.43 MB used.
      Class:     16.77 MB used.
       Both:    121.20 MB used.

Virtual space:
  Non-class space:      128.00 MB reserved,     105.56 MB ( 82%) committed,  2 nodes.
      Class space:        1.00 GB reserved,      17.75 MB (  2%) committed,  1 nodes.
             Both:        1.12 GB reserved,     123.31 MB ( 11%) committed. 

Chunk freelists:
   Non-Class:  5.74 MB
       Class:  14.07 MB
        Both:  19.80 MB

MaxMetaspaceSize: unlimited
CompressedClassSpaceSize: 1.00 GB
Initial GC threshold: 21.00 MB
Current GC threshold: 204.69 MB
CDS: off
 - commit_granule_bytes: 65536.
 - commit_granule_words: 8192.
 - virtual_space_node_default_size: 8388608.
 - enlarge_chunks_in_place: 1.
 - use_allocation_guard: 0.


Internal statistics:

num_allocs_failed_limit: 9.
num_arena_births: 4258.
num_arena_deaths: 0.
num_vsnodes_births: 3.
num_vsnodes_deaths: 0.
num_space_committed: 1971.
num_space_uncommitted: 0.
num_chunks_returned_to_freelist: 9.
num_chunks_taken_from_freelist: 9418.
num_chunk_merges: 6.
num_chunk_splits: 6199.
num_chunks_enlarged: 3937.
num_inconsistent_stats: 0.

CodeHeap 'non-profiled nmethods': size=119168Kb used=8734Kb max_used=8734Kb free=110433Kb
 bounds [0x0000027107ba0000, 0x0000027108430000, 0x000002710f000000]
CodeHeap 'profiled nmethods': size=119104Kb used=28136Kb max_used=28136Kb free=90967Kb
 bounds [0x0000027100000000, 0x0000027101b90000, 0x0000027107450000]
CodeHeap 'non-nmethods': size=7488Kb used=4426Kb max_used=4466Kb free=3061Kb
 bounds [0x0000027107450000, 0x00000271078c0000, 0x0000027107ba0000]
CodeCache: size=245760Kb, used=41296Kb, max_used=41336Kb, free=204461Kb
 total_blobs=15559, nmethods=14543, adapters=916, full_count=0
Compilation: enabled, stopped_count=0, restarted_count=0

Compilation events (20 events):
Event: 11.889 Thread 0x000002717e2c7be0 16906       3       com.squareup.javapoet.LineWrapper::<init> (52 bytes)
Event: 11.889 Thread 0x000002717e475910 16907       3       com.squareup.javapoet.MethodSpec::isConstructor (10 bytes)
Event: 11.889 Thread 0x000002717e475910 nmethod 16907 0x0000027100b22d90 code [0x0000027100b22f40, 0x0000027100b23098]
Event: 11.889 Thread 0x000002717f44f500 nmethod 16904 0x0000027100b13910 code [0x0000027100b13c00, 0x0000027100b14b20]
Event: 11.889 Thread 0x000002717e2c7be0 nmethod 16906 0x0000027100b1d310 code [0x0000027100b1d5c0, 0x0000027100b1e268]
Event: 11.890 Thread 0x000002717e475260 nmethod 16905 0x0000027100e24690 code [0x0000027100e24c80, 0x0000027100e27cf0]
Event: 11.891 Thread 0x000002717e475260 16908       3       sun.security.provider.SHA2::resetHashes (19 bytes)
Event: 11.891 Thread 0x000002717e475910 16909       1       android.databinding.tool.writer.JavaFileGenerator::access$getBinder$p (5 bytes)
Event: 11.891 Thread 0x000002717f44f500 16910       3       sun.security.provider.SHA2::implDigest (98 bytes)
Event: 11.891 Thread 0x000002717e2c7be0 16911       3       com.squareup.javapoet.MethodSpec$Builder::addStatement (12 bytes)
Event: 11.891 Thread 0x000002717e475910 nmethod 16909 0x0000027108017990 code [0x0000027108017b20, 0x0000027108017bd0]
Event: 11.891 Thread 0x000002717e475260 nmethod 16908 0x0000027100c5f390 code [0x0000027100c5f540, 0x0000027100c5f6f0]
Event: 11.891 Thread 0x000002717e475260 16912       3       com.squareup.javapoet.CodeBlock$Builder::addStatement (33 bytes)
Event: 11.891 Thread 0x000002717e475260 nmethod 16912 0x0000027100d38f10 code [0x0000027100d390e0, 0x0000027100d393d0]
Event: 11.891 Thread 0x000002717e2c7be0 nmethod 16911 0x00000271007e3610 code [0x00000271007e37e0, 0x00000271007e3b40]
Event: 11.891 Thread 0x000002717e2c7be0 16913       3       java.lang.Enum::getDeclaringClass (22 bytes)
Event: 11.891 Thread 0x000002717e475910 16914       3       java.util.EnumSet::noneOf (63 bytes)
Event: 11.891 Thread 0x000002717e2c7be0 nmethod 16913 0x0000027100da9410 code [0x0000027100da95c0, 0x0000027100da9788]
Event: 11.892 Thread 0x000002717f44f500 nmethod 16910 0x0000027100c7ad10 code [0x0000027100c7b020, 0x0000027100c7c130]
Event: 11.892 Thread 0x000002717e475910 nmethod 16914 0x0000027100d3ab90 code [0x0000027100d3ae80, 0x0000027100d3bc00]

GC Heap History (20 events):
Event: 7.855 GC heap before
{Heap before GC invocations=33 (full 0):
 garbage-first heap   total 167936K, used 155489K [0x0000000080000000, 0x0000000100000000)
  region size 1024K, 60 young (61440K), 6 survivors (6144K)
 Metaspace       used 101328K, committed 103360K, reserved 1179648K
  class space    used 14270K, committed 15296K, reserved 1048576K
}
Event: 7.858 GC heap after
{Heap after GC invocations=34 (full 0):
 garbage-first heap   total 167936K, used 106087K [0x0000000080000000, 0x0000000100000000)
  region size 1024K, 8 young (8192K), 8 survivors (8192K)
 Metaspace       used 101328K, committed 103360K, reserved 1179648K
  class space    used 14270K, committed 15296K, reserved 1048576K
}
Event: 8.224 GC heap before
{Heap before GC invocations=35 (full 0):
 garbage-first heap   total 178176K, used 155239K [0x0000000080000000, 0x0000000100000000)
  region size 1024K, 56 young (57344K), 8 survivors (8192K)
 Metaspace       used 104764K, committed 106880K, reserved 1179648K
  class space    used 14778K, committed 15808K, reserved 1048576K
}
Event: 8.227 GC heap after
{Heap after GC invocations=36 (full 0):
 garbage-first heap   total 178176K, used 109738K [0x0000000080000000, 0x0000000100000000)
  region size 1024K, 4 young (4096K), 4 survivors (4096K)
 Metaspace       used 104764K, committed 106880K, reserved 1179648K
  class space    used 14778K, committed 15808K, reserved 1048576K
}
Event: 8.718 GC heap before
{Heap before GC invocations=36 (full 0):
 garbage-first heap   total 178176K, used 164010K [0x0000000080000000, 0x0000000100000000)
  region size 1024K, 57 young (58368K), 4 survivors (4096K)
 Metaspace       used 109387K, committed 111488K, reserved 1179648K
  class space    used 15415K, committed 16448K, reserved 1048576K
}
Event: 8.721 GC heap after
{Heap after GC invocations=37 (full 0):
 garbage-first heap   total 178176K, used 110968K [0x0000000080000000, 0x0000000100000000)
  region size 1024K, 6 young (6144K), 6 survivors (6144K)
 Metaspace       used 109387K, committed 111488K, reserved 1179648K
  class space    used 15415K, committed 16448K, reserved 1048576K
}
Event: 9.008 GC heap before
{Heap before GC invocations=37 (full 0):
 garbage-first heap   total 178176K, used 165240K [0x0000000080000000, 0x0000000100000000)
  region size 1024K, 59 young (60416K), 6 survivors (6144K)
 Metaspace       used 110883K, committed 112960K, reserved 1179648K
  class space    used 15629K, committed 16640K, reserved 1048576K
}
Event: 9.011 GC heap after
{Heap after GC invocations=38 (full 0):
 garbage-first heap   total 178176K, used 116938K [0x0000000080000000, 0x0000000100000000)
  region size 1024K, 8 young (8192K), 8 survivors (8192K)
 Metaspace       used 110883K, committed 112960K, reserved 1179648K
  class space    used 15629K, committed 16640K, reserved 1048576K
}
Event: 9.499 GC heap before
{Heap before GC invocations=39 (full 0):
 garbage-first heap   total 196608K, used 165066K [0x0000000080000000, 0x0000000100000000)
  region size 1024K, 55 young (56320K), 8 survivors (8192K)
 Metaspace       used 112618K, committed 114752K, reserved 1179648K
  class space    used 15906K, committed 16960K, reserved 1048576K
}
Event: 9.504 GC heap after
{Heap after GC invocations=40 (full 0):
 garbage-first heap   total 236544K, used 124623K [0x0000000080000000, 0x0000000100000000)
  region size 1024K, 7 young (7168K), 7 survivors (7168K)
 Metaspace       used 112618K, committed 114752K, reserved 1179648K
  class space    used 15906K, committed 16960K, reserved 1048576K
}
Event: 10.066 GC heap before
{Heap before GC invocations=40 (full 0):
 garbage-first heap   total 236544K, used 207567K [0x0000000080000000, 0x0000000100000000)
  region size 1024K, 89 young (91136K), 7 survivors (7168K)
 Metaspace       used 112942K, committed 115136K, reserved 1179648K
  class space    used 15929K, committed 16960K, reserved 1048576K
}
Event: 10.069 GC heap after
{Heap after GC invocations=41 (full 0):
 garbage-first heap   total 236544K, used 128399K [0x0000000080000000, 0x0000000100000000)
  region size 1024K, 5 young (5120K), 5 survivors (5120K)
 Metaspace       used 112942K, committed 115136K, reserved 1179648K
  class space    used 15929K, committed 16960K, reserved 1048576K
}
Event: 10.321 GC heap before
{Heap before GC invocations=41 (full 0):
 garbage-first heap   total 236544K, used 151951K [0x0000000080000000, 0x0000000100000000)
  region size 1024K, 30 young (30720K), 5 survivors (5120K)
 Metaspace       used 113471K, committed 115648K, reserved 1179648K
  class space    used 16048K, committed 17088K, reserved 1048576K
}
Event: 10.323 GC heap after
{Heap after GC invocations=42 (full 0):
 garbage-first heap   total 236544K, used 129484K [0x0000000080000000, 0x0000000100000000)
  region size 1024K, 6 young (6144K), 6 survivors (6144K)
 Metaspace       used 113471K, committed 115648K, reserved 1179648K
  class space    used 16048K, committed 17088K, reserved 1048576K
}
Event: 10.939 GC heap before
{Heap before GC invocations=43 (full 0):
 garbage-first heap   total 236544K, used 223692K [0x0000000080000000, 0x0000000100000000)
  region size 1024K, 92 young (94208K), 6 survivors (6144K)
 Metaspace       used 119119K, committed 121344K, reserved 1179648K
  class space    used 16644K, committed 17728K, reserved 1048576K
}
Event: 10.945 GC heap after
{Heap after GC invocations=44 (full 0):
 garbage-first heap   total 249856K, used 147771K [0x0000000080000000, 0x0000000100000000)
  region size 1024K, 12 young (12288K), 12 survivors (12288K)
 Metaspace       used 119119K, committed 121344K, reserved 1179648K
  class space    used 16644K, committed 17728K, reserved 1048576K
}
Event: 11.391 GC heap before
{Heap before GC invocations=44 (full 0):
 garbage-first heap   total 249856K, used 231739K [0x0000000080000000, 0x0000000100000000)
  region size 1024K, 80 young (81920K), 12 survivors (12288K)
 Metaspace       used 122536K, committed 124736K, reserved 1179648K
  class space    used 16995K, committed 18048K, reserved 1048576K
}
Event: 11.396 GC heap after
{Heap after GC invocations=45 (full 0):
 garbage-first heap   total 252928K, used 151485K [0x0000000080000000, 0x0000000100000000)
  region size 1024K, 8 young (8192K), 8 survivors (8192K)
 Metaspace       used 122536K, committed 124736K, reserved 1179648K
  class space    used 16995K, committed 18048K, reserved 1048576K
}
Event: 11.785 GC heap before
{Heap before GC invocations=45 (full 0):
 garbage-first heap   total 252928K, used 222141K [0x0000000080000000, 0x0000000100000000)
  region size 1024K, 78 young (79872K), 8 survivors (8192K)
 Metaspace       used 123406K, committed 125568K, reserved 1179648K
  class space    used 17106K, committed 18112K, reserved 1048576K
}
Event: 11.789 GC heap after
{Heap after GC invocations=46 (full 0):
 garbage-first heap   total 252928K, used 156030K [0x0000000080000000, 0x0000000100000000)
  region size 1024K, 7 young (7168K), 7 survivors (7168K)
 Metaspace       used 123406K, committed 125568K, reserved 1179648K
  class space    used 17106K, committed 18112K, reserved 1048576K
}

Dll operation events (3 events):
Event: 0.023 Loaded shared library D:\Program Files\Android\Android Studio\jbr\bin\java.dll
Event: 0.032 Loaded shared library D:\Program Files\Android\Android Studio\jbr\bin\zip.dll
Event: 0.459 Loaded shared library D:\Program Files\Android\Android Studio\jbr\bin\verify.dll

Deoptimization events (20 events):
Event: 11.713 Thread 0x0000027116f4d4b0 Uncommon trap: trap_request=0xffffff45 fr.pc=0x0000027107d8ad58 relative=0x0000000000000278
Event: 11.713 Thread 0x0000027116f4d4b0 Uncommon trap: reason=unstable_if action=reinterpret pc=0x0000027107d8ad58 method=java.lang.String.regionMatches(ZILjava/lang/String;II)Z @ 1 c2
Event: 11.713 Thread 0x0000027116f4d4b0 DEOPT PACKING pc=0x0000027107d8ad58 sp=0x00000076d03f9b00
Event: 11.713 Thread 0x0000027116f4d4b0 DEOPT UNPACKING pc=0x00000271074a43a2 sp=0x00000076d03f9a98 mode 2
Event: 11.831 Thread 0x0000027116f4d4b0 Uncommon trap: trap_request=0xffffffc6 fr.pc=0x0000027108370294 relative=0x0000000000000154
Event: 11.831 Thread 0x0000027116f4d4b0 Uncommon trap: reason=bimorphic_or_optimized_type_check action=maybe_recompile pc=0x0000027108370294 method=java.util.Collections$UnmodifiableList.get(I)Ljava/lang/Object; @ 5 c2
Event: 11.831 Thread 0x0000027116f4d4b0 DEOPT PACKING pc=0x0000027108370294 sp=0x00000076d03fa610
Event: 11.831 Thread 0x0000027116f4d4b0 DEOPT UNPACKING pc=0x00000271074a43a2 sp=0x00000076d03fa5a8 mode 2
Event: 11.831 Thread 0x0000027116f4d4b0 Uncommon trap: trap_request=0xffffffc6 fr.pc=0x0000027108370294 relative=0x0000000000000154
Event: 11.831 Thread 0x0000027116f4d4b0 Uncommon trap: reason=bimorphic_or_optimized_type_check action=maybe_recompile pc=0x0000027108370294 method=java.util.Collections$UnmodifiableList.get(I)Ljava/lang/Object; @ 5 c2
Event: 11.831 Thread 0x0000027116f4d4b0 DEOPT PACKING pc=0x0000027108370294 sp=0x00000076d03fa5e0
Event: 11.831 Thread 0x0000027116f4d4b0 DEOPT UNPACKING pc=0x00000271074a43a2 sp=0x00000076d03fa578 mode 2
Event: 11.831 Thread 0x0000027116f4d4b0 Uncommon trap: trap_request=0xffffffc6 fr.pc=0x0000027108370294 relative=0x0000000000000154
Event: 11.831 Thread 0x0000027116f4d4b0 Uncommon trap: reason=bimorphic_or_optimized_type_check action=maybe_recompile pc=0x0000027108370294 method=java.util.Collections$UnmodifiableList.get(I)Ljava/lang/Object; @ 5 c2
Event: 11.831 Thread 0x0000027116f4d4b0 DEOPT PACKING pc=0x0000027108370294 sp=0x00000076d03fa600
Event: 11.831 Thread 0x0000027116f4d4b0 DEOPT UNPACKING pc=0x00000271074a43a2 sp=0x00000076d03fa598 mode 2
Event: 11.831 Thread 0x0000027116f4d4b0 Uncommon trap: trap_request=0xffffffc6 fr.pc=0x0000027108370294 relative=0x0000000000000154
Event: 11.831 Thread 0x0000027116f4d4b0 Uncommon trap: reason=bimorphic_or_optimized_type_check action=maybe_recompile pc=0x0000027108370294 method=java.util.Collections$UnmodifiableList.get(I)Ljava/lang/Object; @ 5 c2
Event: 11.831 Thread 0x0000027116f4d4b0 DEOPT PACKING pc=0x0000027108370294 sp=0x00000076d03fa580
Event: 11.831 Thread 0x0000027116f4d4b0 DEOPT UNPACKING pc=0x00000271074a43a2 sp=0x00000076d03fa518 mode 2

Classes loaded (20 events):
Event: 11.230 Loading class javax/xml/stream/events/Comment done
Event: 11.230 Loading class com/sun/xml/internal/stream/events/CommentEvent done
Event: 11.310 Loading class java/util/zip/ZipInputStream
Event: 11.311 Loading class java/util/zip/ZipInputStream done
Event: 11.323 Loading class java/nio/file/FileChannelLinesSpliterator
Event: 11.324 Loading class java/nio/file/FileChannelLinesSpliterator done
Event: 11.324 Loading class java/util/stream/Streams$1
Event: 11.324 Loading class java/util/stream/Streams$1 done
Event: 11.328 Loading class java/nio/file/FileChannelLinesSpliterator$1
Event: 11.328 Loading class java/nio/file/FileChannelLinesSpliterator$1 done
Event: 11.488 Loading class java/util/concurrent/LinkedBlockingDeque$Itr
Event: 11.488 Loading class java/util/concurrent/LinkedBlockingDeque$AbstractItr
Event: 11.489 Loading class java/util/concurrent/LinkedBlockingDeque$AbstractItr done
Event: 11.489 Loading class java/util/concurrent/LinkedBlockingDeque$Itr done
Event: 11.712 Loading class java/nio/file/FileTreeIterator
Event: 11.712 Loading class java/nio/file/FileTreeIterator done
Event: 11.712 Loading class java/nio/file/FileTreeWalker$1
Event: 11.712 Loading class java/nio/file/FileTreeWalker$1 done
Event: 11.853 Loading class java/util/Collections$UnmodifiableList$1
Event: 11.853 Loading class java/util/Collections$UnmodifiableList$1 done

Classes unloaded (0 events):
No events

Classes redefined (0 events):
No events

Internal exceptions (20 events):
Event: 11.857 Thread 0x0000027116f4d4b0 Exception <a 'sun/nio/fs/WindowsException'{0x000000008fb58d00}> (0x000000008fb58d00) 
thrown [s\src\hotspot\share\prims\jni.cpp, line 537]
Event: 11.857 Thread 0x0000027116f4d4b0 Exception <a 'sun/nio/fs/WindowsException'{0x000000008fb59f88}> (0x000000008fb59f88) 
thrown [s\src\hotspot\share\prims\jni.cpp, line 537]
Event: 11.858 Thread 0x0000027116f4d4b0 Exception <a 'sun/nio/fs/WindowsException'{0x000000008fb5e680}> (0x000000008fb5e680) 
thrown [s\src\hotspot\share\prims\jni.cpp, line 537]
Event: 11.858 Thread 0x0000027116f4d4b0 Exception <a 'sun/nio/fs/WindowsException'{0x000000008fb62650}> (0x000000008fb62650) 
thrown [s\src\hotspot\share\prims\jni.cpp, line 537]
Event: 11.858 Thread 0x0000027116f4d4b0 Exception <a 'sun/nio/fs/WindowsException'{0x000000008fb66650}> (0x000000008fb66650) 
thrown [s\src\hotspot\share\prims\jni.cpp, line 537]
Event: 11.858 Thread 0x0000027116f4d4b0 Exception <a 'sun/nio/fs/WindowsException'{0x000000008fb6b250}> (0x000000008fb6b250) 
thrown [s\src\hotspot\share\prims\jni.cpp, line 537]
Event: 11.859 Thread 0x0000027116f4d4b0 Exception <a 'sun/nio/fs/WindowsException'{0x000000008fb6c4c0}> (0x000000008fb6c4c0) 
thrown [s\src\hotspot\share\prims\jni.cpp, line 537]
Event: 11.859 Thread 0x0000027116f4d4b0 Exception <a 'sun/nio/fs/WindowsException'{0x000000008fb70b58}> (0x000000008fb70b58) 
thrown [s\src\hotspot\share\prims\jni.cpp, line 537]
Event: 11.859 Thread 0x0000027116f4d4b0 Exception <a 'sun/nio/fs/WindowsException'{0x000000008fb74ab8}> (0x000000008fb74ab8) 
thrown [s\src\hotspot\share\prims\jni.cpp, line 537]
Event: 11.859 Thread 0x0000027116f4d4b0 Exception <a 'sun/nio/fs/WindowsException'{0x000000008fb795c8}> (0x000000008fb795c8) 
thrown [s\src\hotspot\share\prims\jni.cpp, line 537]
Event: 11.861 Thread 0x0000027116f4d4b0 Exception <a 'sun/nio/fs/WindowsException'{0x000000008fb7c830}> (0x000000008fb7c830) 
thrown [s\src\hotspot\share\prims\jni.cpp, line 537]
Event: 11.866 Thread 0x0000027116f4d4b0 Exception <a 'sun/nio/fs/WindowsException'{0x000000008fbe4a70}> (0x000000008fbe4a70) 
thrown [s\src\hotspot\share\prims\jni.cpp, line 537]
Event: 11.869 Thread 0x0000027116f4d4b0 Exception <a 'sun/nio/fs/WindowsException'{0x000000008e328098}> (0x000000008e328098) 
thrown [s\src\hotspot\share\prims\jni.cpp, line 537]
Event: 11.873 Thread 0x0000027116f4d4b0 Exception <a 'sun/nio/fs/WindowsException'{0x000000008e38bda8}> (0x000000008e38bda8) 
thrown [s\src\hotspot\share\prims\jni.cpp, line 537]
Event: 11.876 Thread 0x0000027116f4d4b0 Exception <a 'sun/nio/fs/WindowsException'{0x000000008e3ef450}> (0x000000008e3ef450) 
thrown [s\src\hotspot\share\prims\jni.cpp, line 537]
Event: 11.879 Thread 0x0000027116f4d4b0 Exception <a 'sun/nio/fs/WindowsException'{0x000000008e254758}> (0x000000008e254758) 
thrown [s\src\hotspot\share\prims\jni.cpp, line 537]
Event: 11.882 Thread 0x0000027116f4d4b0 Exception <a 'sun/nio/fs/WindowsException'{0x000000008e2973b8}> (0x000000008e2973b8) 
thrown [s\src\hotspot\share\prims\jni.cpp, line 537]
Event: 11.886 Thread 0x0000027116f4d4b0 Exception <a 'sun/nio/fs/WindowsException'{0x000000008e16b8a8}> (0x000000008e16b8a8) 
thrown [s\src\hotspot\share\prims\jni.cpp, line 537]
Event: 11.889 Thread 0x0000027116f4d4b0 Exception <a 'sun/nio/fs/WindowsException'{0x000000008e1bd2f8}> (0x000000008e1bd2f8) 
thrown [s\src\hotspot\share\prims\jni.cpp, line 537]
Event: 11.892 Thread 0x0000027116f4d4b0 Exception <a 'sun/nio/fs/WindowsException'{0x000000008e014550}> (0x000000008e014550) 
thrown [s\src\hotspot\share\prims\jni.cpp, line 537]

ZGC Phase Switch (0 events):
No events

VM Operations (20 events):
Event: 11.378 Executing VM operation: HandshakeAllThreads (Deoptimize)
Event: 11.379 Executing VM operation: HandshakeAllThreads (Deoptimize) done
Event: 11.381 Executing VM operation: HandshakeAllThreads (Deoptimize)
Event: 11.381 Executing VM operation: HandshakeAllThreads (Deoptimize) done
Event: 11.390 Executing VM operation: HandshakeAllThreads (Deoptimize)
Event: 11.390 Executing VM operation: HandshakeAllThreads (Deoptimize) done
Event: 11.391 Executing VM operation: G1CollectForAllocation (G1 Evacuation Pause)
Event: 11.396 Executing VM operation: G1CollectForAllocation (G1 Evacuation Pause) done
Event: 11.576 Executing VM operation: HandshakeAllThreads (Deoptimize)
Event: 11.576 Executing VM operation: HandshakeAllThreads (Deoptimize) done
Event: 11.649 Executing VM operation: HandshakeAllThreads (Deoptimize)
Event: 11.650 Executing VM operation: HandshakeAllThreads (Deoptimize) done
Event: 11.657 Executing VM operation: ICBufferFull
Event: 11.657 Executing VM operation: ICBufferFull done
Event: 11.785 Executing VM operation: G1CollectForAllocation (G1 Evacuation Pause)
Event: 11.789 Executing VM operation: G1CollectForAllocation (G1 Evacuation Pause) done
Event: 11.818 Executing VM operation: G1PauseRemark
Event: 11.822 Executing VM operation: G1PauseRemark done
Event: 11.838 Executing VM operation: G1PauseCleanup
Event: 11.838 Executing VM operation: G1PauseCleanup done

Memory protections (0 events):
No events

Nmethod flushes (20 events):
Event: 11.820 Thread 0x000002717d97b290 flushing  nmethod 0x0000027100bf9290
Event: 11.820 Thread 0x000002717d97b290 flushing  nmethod 0x0000027100d49890
Event: 11.820 Thread 0x000002717d97b290 flushing  nmethod 0x0000027100d4af10
Event: 11.820 Thread 0x000002717d97b290 flushing  nmethod 0x0000027100d4b490
Event: 11.820 Thread 0x000002717d97b290 flushing  nmethod 0x0000027100d4f390
Event: 11.820 Thread 0x000002717d97b290 flushing  nmethod 0x0000027100e30490
Event: 11.820 Thread 0x000002717d97b290 flushing  nmethod 0x0000027100e30e10
Event: 11.820 Thread 0x000002717d97b290 flushing  nmethod 0x0000027100e32a90
Event: 11.820 Thread 0x000002717d97b290 flushing  nmethod 0x0000027100f44210
Event: 11.820 Thread 0x000002717d97b290 flushing  nmethod 0x0000027101134d10
Event: 11.820 Thread 0x000002717d97b290 flushing  nmethod 0x00000271015d8d10
Event: 11.820 Thread 0x000002717d97b290 flushing  nmethod 0x00000271015de090
Event: 11.820 Thread 0x000002717d97b290 flushing  nmethod 0x0000027100966310
Event: 11.820 Thread 0x000002717d97b290 flushing  nmethod 0x0000027100967410
Event: 11.820 Thread 0x000002717d97b290 flushing  nmethod 0x0000027100968f10
Event: 11.820 Thread 0x000002717d97b290 flushing  nmethod 0x000002710096bc10
Event: 11.820 Thread 0x000002717d97b290 flushing  nmethod 0x000002710096cd10
Event: 11.820 Thread 0x000002717d97b290 flushing  nmethod 0x0000027100da9410
Event: 11.820 Thread 0x000002717d97b290 flushing  nmethod 0x0000027100e19b90
Event: 11.820 Thread 0x000002717d97b290 flushing  nmethod 0x000002710107c710

Events (20 events):
Event: 11.431 Thread 0x0000027116f4d4b0 Thread added: 0x0000027117f786a0
Event: 11.431 Thread 0x0000027116f4d4b0 Thread added: 0x0000027117f7ae00
Event: 11.431 Thread 0x0000027116f4d4b0 Thread added: 0x0000027117f75f40
Event: 11.431 Thread 0x0000027116f4d4b0 Thread added: 0x0000027117f7b490
Event: 11.432 Thread 0x0000027116f4d4b0 Thread added: 0x0000027117f765d0
Event: 11.432 Thread 0x0000027116f4d4b0 Thread added: 0x0000027117f78d30
Event: 11.432 Thread 0x0000027116f4d4b0 Thread added: 0x0000027117f793c0
Event: 11.432 Thread 0x0000027116f4d4b0 Thread added: 0x0000027117f76c60
Event: 11.432 Thread 0x0000027116f4d4b0 Thread added: 0x0000027117f7c840
Event: 11.474 Thread 0x0000027116f4d4b0 Thread added: 0x0000027117f79a50
Event: 11.474 Thread 0x0000027116f4d4b0 Thread added: 0x0000027117f7bb20
Event: 11.474 Thread 0x0000027116f4d4b0 Thread added: 0x0000027117f77980
Event: 11.474 Thread 0x0000027116f4d4b0 Thread added: 0x0000027117f7a0e0
Event: 11.475 Thread 0x0000027116f4d4b0 Thread added: 0x0000027117f7dbf0
Event: 11.475 Thread 0x0000027116f4d4b0 Thread added: 0x0000027117f7ced0
Event: 11.475 Thread 0x0000027116f4d4b0 Thread added: 0x0000027117f7d560
Event: 11.475 Thread 0x0000027116f4d4b0 Thread added: 0x0000027117f7c1b0
Event: 11.475 Thread 0x0000027116f4d4b0 Thread added: 0x0000027117f7a770
Event: 11.475 Thread 0x0000027116f4d4b0 Thread added: 0x0000027117f7e280
Event: 11.475 Thread 0x0000027116f4d4b0 Thread added: 0x0000027117f78010


Dynamic libraries:
0x00007ff755df0000 - 0x00007ff755dfa000 	D:\Program Files\Android\Android Studio\jbr\bin\java.exe
0x00007ff85e690000 - 0x00007ff85e8a8000 	C:\Windows\SYSTEM32\ntdll.dll
0x00007ff85df00000 - 0x00007ff85dfc4000 	C:\Windows\System32\KERNEL32.DLL
0x00007ff85b8e0000 - 0x00007ff85bcb3000 	C:\Windows\System32\KERNELBASE.dll
0x00007ff85bd40000 - 0x00007ff85be51000 	C:\Windows\System32\ucrtbase.dll
0x00007fffc9de0000 - 0x00007fffc9df8000 	D:\Program Files\Android\Android Studio\jbr\bin\jli.dll
0x00007fffcd000000 - 0x00007fffcd01b000 	D:\Program Files\Android\Android Studio\jbr\bin\VCRUNTIME140.dll
0x00007ff85c5d0000 - 0x00007ff85c782000 	C:\Windows\System32\USER32.dll
0x00007ff85bfd0000 - 0x00007ff85bff6000 	C:\Windows\System32\win32u.dll
0x00007ff85dcc0000 - 0x00007ff85dce9000 	C:\Windows\System32\GDI32.dll
0x00007ff85c0a0000 - 0x00007ff85c1bb000 	C:\Windows\System32\gdi32full.dll
0x00007ff85c000000 - 0x00007ff85c09a000 	C:\Windows\System32\msvcp_win.dll
0x00007ff846390000 - 0x00007ff84662c000 	C:\Windows\WinSxS\amd64_microsoft.windows.common-controls_6595b64144ccf1df_6.0.22621.6060_none_2712eda17382d24b\COMCTL32.dll
0x00007ff85de50000 - 0x00007ff85def7000 	C:\Windows\System32\msvcrt.dll
0x00007ff85d660000 - 0x00007ff85d691000 	C:\Windows\System32\IMM32.DLL
0x000000006c800000 - 0x000000006c80d000 	C:\Program Files (x86)\360\360Safe\safemon\SafeWrapper.dll
0x00007ff85dfd0000 - 0x00007ff85e081000 	C:\Windows\System32\ADVAPI32.dll
0x00007ff85d030000 - 0x00007ff85d0d8000 	C:\Windows\System32\sechost.dll
0x00007ff85bee0000 - 0x00007ff85bf08000 	C:\Windows\System32\bcrypt.dll
0x00007ff85e3a0000 - 0x00007ff85e4b8000 	C:\Windows\System32\RPCRT4.dll
0x00007ff852760000 - 0x00007ff852865000 	C:\Program Files (x86)\360\360Safe\safemon\libzdtp64.dll
0x00007ff85c790000 - 0x00007ff85d02c000 	C:\Windows\System32\SHELL32.dll
0x00007ff85b7a0000 - 0x00007ff85b8df000 	C:\Windows\System32\wintypes.dll
0x00007ff85d2c0000 - 0x00007ff85d651000 	C:\Windows\System32\combase.dll
0x00007ff85c440000 - 0x00007ff85c4a9000 	C:\Windows\System32\SHLWAPI.dll
0x00007ff85b3a0000 - 0x00007ff85b3aa000 	C:\Windows\SYSTEM32\VERSION.dll
0x00007ffff5120000 - 0x00007ffff512c000 	D:\Program Files\Android\Android Studio\jbr\bin\vcruntime140_1.dll
0x00007fff409d0000 - 0x00007fff40a5d000 	D:\Program Files\Android\Android Studio\jbr\bin\msvcp140.dll
0x00007fff18390000 - 0x00007fff19026000 	D:\Program Files\Android\Android Studio\jbr\bin\server\jvm.dll
0x00007ff85dc40000 - 0x00007ff85dcb1000 	C:\Windows\System32\WS2_32.dll
0x00007ff85a500000 - 0x00007ff85a54d000 	C:\Windows\SYSTEM32\POWRPROF.dll
0x00007ff851450000 - 0x00007ff851484000 	C:\Windows\SYSTEM32\WINMM.dll
0x00007ff85a4e0000 - 0x00007ff85a4f3000 	C:\Windows\SYSTEM32\UMPDC.dll
0x00007ff85a780000 - 0x00007ff85a798000 	C:\Windows\SYSTEM32\kernel.appcore.dll
0x00007ffff1ba0000 - 0x00007ffff1baa000 	D:\Program Files\Android\Android Studio\jbr\bin\jimage.dll
0x00007ff859000000 - 0x00007ff859233000 	C:\Windows\SYSTEM32\DBGHELP.DLL
0x00007ff85dcf0000 - 0x00007ff85ddc8000 	C:\Windows\System32\OLEAUT32.dll
0x00007ff84d920000 - 0x00007ff84d952000 	C:\Windows\SYSTEM32\dbgcore.DLL
0x00007ff85be60000 - 0x00007ff85bedb000 	C:\Windows\System32\bcryptPrimitives.dll
0x00007fffeb650000 - 0x00007fffeb65e000 	D:\Program Files\Android\Android Studio\jbr\bin\instrument.dll
0x00007fffc9dc0000 - 0x00007fffc9de0000 	D:\Program Files\Android\Android Studio\jbr\bin\java.dll
0x00007fffc9da0000 - 0x00007fffc9db8000 	D:\Program Files\Android\Android Studio\jbr\bin\zip.dll
0x00007ff8595e0000 - 0x00007ff859efa000 	C:\Windows\SYSTEM32\windows.storage.dll
0x00007ff85c4b0000 - 0x00007ff85c5b4000 	C:\Windows\System32\SHCORE.dll
0x00007ff85b6d0000 - 0x00007ff85b6f5000 	C:\Windows\SYSTEM32\profapi.dll
0x00007fffcca00000 - 0x00007fffcca10000 	D:\Program Files\Android\Android Studio\jbr\bin\net.dll
0x00007ff851b20000 - 0x00007ff851c4c000 	C:\Windows\SYSTEM32\WINHTTP.dll
0x00007ff85ac50000 - 0x00007ff85acb9000 	C:\Windows\system32\mswsock.dll
0x00007fffc9cb0000 - 0x00007fffc9cc6000 	D:\Program Files\Android\Android Studio\jbr\bin\nio.dll
0x00007ffff9960000 - 0x00007ffff9970000 	D:\Program Files\Android\Android Studio\jbr\bin\verify.dll
0x00007fffaf950000 - 0x00007fffaf977000 	C:\Users\11201\.gradle\native\c067742578af261105cb4f569cf0c3c89f3d7b1fecec35dd04571415982c5e48\windows-amd64\native-platform.dll
0x00007fff17c70000 - 0x00007fff17db4000 	C:\Users\11201\.gradle\native\38dada09dfb8b06ba9b0570ebf7e218e3eb74d4ef43ca46872605cf95ebc2f47\windows-amd64\native-platform-file-events.dll
0x00007fffc9ca0000 - 0x00007fffc9ca9000 	D:\Program Files\Android\Android Studio\jbr\bin\management.dll
0x00007fffc9c90000 - 0x00007fffc9c9b000 	D:\Program Files\Android\Android Studio\jbr\bin\management_ext.dll
0x00007ff85d720000 - 0x00007ff85d728000 	C:\Windows\System32\PSAPI.DLL
0x00007ff85ae90000 - 0x00007ff85aeab000 	C:\Windows\SYSTEM32\CRYPTSP.dll
0x00007ff85a6e0000 - 0x00007ff85a717000 	C:\Windows\system32\rsaenh.dll
0x00007ff85ad10000 - 0x00007ff85ad38000 	C:\Windows\SYSTEM32\USERENV.dll
0x00007ff85ae80000 - 0x00007ff85ae8c000 	C:\Windows\SYSTEM32\CRYPTBASE.dll
0x00007ff85b3b0000 - 0x00007ff85b3dd000 	C:\Windows\SYSTEM32\IPHLPAPI.DLL
0x00007ff85ddd0000 - 0x00007ff85ddd9000 	C:\Windows\System32\NSI.dll
0x00007fffc9c80000 - 0x00007fffc9c89000 	D:\Program Files\Android\Android Studio\jbr\bin\extnet.dll
0x00007ff849be0000 - 0x00007ff849be8000 	C:\Windows\system32\wshunix.dll
0x00007ff843cd0000 - 0x00007ff843d1b000 	C:\Program Files (x86)\Sangfor\SSL\ClientComponent7\SangforNspX64.dll
0x00007ff85e1a0000 - 0x00007ff85e341000 	C:\Windows\System32\ole32.dll
0x00007ff82d6c0000 - 0x00007ff82d6d7000 	C:\Windows\system32\napinsp.dll
0x00007ff82d6a0000 - 0x00007ff82d6bb000 	C:\Windows\system32\pnrpnsp.dll
0x00007ff85a210000 - 0x00007ff85a308000 	C:\Windows\SYSTEM32\DNSAPI.dll
0x00007ff82c760000 - 0x00007ff82c771000 	C:\Windows\System32\winrnr.dll
0x00007ff850df0000 - 0x00007ff850e05000 	C:\Windows\system32\wshbth.dll
0x00007ff82c660000 - 0x00007ff82c681000 	C:\Windows\system32\nlansp_c.dll
0x00007ff84f030000 - 0x00007ff84f03a000 	C:\Windows\System32\rasadhlp.dll
0x00007ff850c90000 - 0x00007ff850d14000 	C:\Windows\System32\fwpuclnt.dll
0x00007ff85a890000 - 0x00007ff85a8c4000 	C:\Windows\SYSTEM32\ntmarta.dll

JVMTI agents:
C:\Users\11201\.gradle\wrapper\dists\gradle-8.7-all\549ctztx5g5jixmk70l9ykwir\gradle-8.7\lib\agents\gradle-instrumentation-agent-8.7.jar path:D:\Program Files\Android\Android Studio\jbr\bin\instrument.dll, loaded, initialized, instrumentlib options:none

dbghelp: loaded successfully - version: 4.0.5 - missing functions: none
symbol engine: initialized successfully - sym options: 0x614 - pdb path: .;D:\Program Files\Android\Android Studio\jbr\bin;C:\Windows\SYSTEM32;C:\Windows\WinSxS\amd64_microsoft.windows.common-controls_6595b64144ccf1df_6.0.22621.6060_none_2712eda17382d24b;C:\Program Files (x86)\360\360Safe\safemon;D:\Program Files\Android\Android Studio\jbr\bin\server;C:\Users\11201\.gradle\native\c067742578af261105cb4f569cf0c3c89f3d7b1fecec35dd04571415982c5e48\windows-amd64;C:\Users\11201\.gradle\native\38dada09dfb8b06ba9b0570ebf7e218e3eb74d4ef43ca46872605cf95ebc2f47\windows-amd64;C:\Program Files (x86)\Sangfor\SSL\ClientComponent7

VM Arguments:
jvm_args: --add-opens=java.base/java.util=ALL-UNNAMED --add-opens=java.base/java.lang=ALL-UNNAMED --add-opens=java.base/java.lang.invoke=ALL-UNNAMED --add-opens=java.prefs/java.util.prefs=ALL-UNNAMED --add-opens=java.base/java.nio.charset=ALL-UNNAMED --add-opens=java.base/java.net=ALL-UNNAMED --add-opens=java.base/java.util.concurrent.atomic=ALL-UNNAMED -Xmx2048m -Dfile.encoding=UTF-8 -Duser.country=CN -Duser.language=zh -Duser.variant -javaagent:C:\Users\11201\.gradle\wrapper\dists\gradle-8.7-all\549ctztx5g5jixmk70l9ykwir\gradle-8.7\lib\agents\gradle-instrumentation-agent-8.7.jar 
java_command: org.gradle.launcher.daemon.bootstrap.GradleDaemon 8.7
java_class_path (initial): C:\Users\11201\.gradle\wrapper\dists\gradle-8.7-all\549ctztx5g5jixmk70l9ykwir\gradle-8.7\lib\gradle-launcher-8.7.jar
Launcher Type: SUN_STANDARD

[Global flags]
     intx CICompilerCount                          = 12                                        {product} {ergonomic}
     uint ConcGCThreads                            = 4                                         {product} {ergonomic}
     uint G1ConcRefinementThreads                  = 15                                        {product} {ergonomic}
   size_t G1HeapRegionSize                         = 1048576                                   {product} {ergonomic}
    uintx GCDrainStackTargetSize                   = 64                                        {product} {ergonomic}
   size_t InitialHeapSize                          = 264241152                                 {product} {ergonomic}
   size_t MarkStackSize                            = 4194304                                   {product} {ergonomic}
   size_t MaxHeapSize                              = 2147483648                                {product} {command line}
   size_t MaxNewSize                               = 1287651328                                {product} {ergonomic}
   size_t MinHeapDeltaBytes                        = 1048576                                   {product} {ergonomic}
   size_t MinHeapSize                              = 8388608                                   {product} {ergonomic}
    uintx NonNMethodCodeHeapSize                   = 7602480                                {pd product} {ergonomic}
    uintx NonProfiledCodeHeapSize                  = 122027880                              {pd product} {ergonomic}
    uintx ProfiledCodeHeapSize                     = 122027880                              {pd product} {ergonomic}
    uintx ReservedCodeCacheSize                    = 251658240                              {pd product} {ergonomic}
     bool SegmentedCodeCache                       = true                                      {product} {ergonomic}
   size_t SoftMaxHeapSize                          = 2147483648                             {manageable} {ergonomic}
     bool UseCompressedOops                        = true                           {product lp64_product} {ergonomic}
     bool UseG1GC                                  = true                                      {product} {ergonomic}
     bool UseLargePagesIndividualAllocation        = false                                  {pd product} {ergonomic}

Logging:
Log output configuration:
 #0: stdout all=warning uptime,level,tags foldmultilines=false
 #1: stderr all=off uptime,level,tags foldmultilines=false

Release file:
JAVA_VERSION="21.0.9" 
MODULES="java.base java.compiler java.datatransfer java.xml java.prefs java.desktop java.instrument java.logging java.management java.security.sasl java.naming java.rmi java.management.rmi java.net.http java.scripting java.security.jgss java.transaction.xa java.sql java.sql.rowset java.xml.crypto java.se java.smartcardio jdk.accessibility jdk.internal.jvmstat jdk.attach jdk.charsets jdk.internal.opt jdk.zipfs jdk.compiler jdk.crypto.ec jdk.crypto.cryptoki jdk.dynalink jdk.hotspot.agent jdk.httpserver jdk.internal.ed jdk.internal.le jdk.internal.vm.ci jdk.jartool jdk.javadoc jdk.jcmd jdk.jdeps jdk.jdwp.agent jdk.jdi jdk.jfr jdk.jlink jdk.jsobject jdk.localedata jdk.management jdk.management.agent jdk.management.jfr jdk.naming.dns jdk.naming.rmi jdk.net jdk.sctp jdk.security.auth jdk.security.jgss jdk.unsupported jdk.unsupported.desktop jdk.xml.dom" 
IMPLEMENTOR="JetBrains s.r.o." 
JAVA_RUNTIME_VERSION="21.0.9+-14649483-b1163.86" 
LIBC="default" 
OS_ARCH="x86_64" 
OS_NAME="Windows" 
SOURCE=".:git:554d0c326095" 

Environment Variables:
JAVA_HOME=C:\Program Files\Eclipse Adoptium\jdk-21.0.10.7-hotspot\
CLASSPATH=.;C:\Program Files\Eclipse Adoptium\jdk-21.0.10.7-hotspot\\lib;C:\Program Files\Eclipse Adoptium\jdk-21.0.10.7-hotspot\\lib\tools.jar
PATH=C:\Program Files\Eclipse Adoptium\jdk-21.0.10.7-hotspot\bin;C:\Program Files\Eclipse Adoptium\jdk-17.0.18.8-hotspot\bin;C:\Program Files\Eclipse Adoptium\jdk-21.0.10.7-hotspot\\bin;D:\Gurobi\win64\bin;C:\Program Files (x86)\VMware\VMware Workstation\bin\;D:\ruanjian\gnuplot\bin;D:\mys;l-8.0.41-winx64\bin;D:\ruanjian\apache-tomcat-9.0.104\bin;D:\demo\node\;D:\demo\node\node_global\node_modules;D:\demo\;C:\Program Files\MySQL\MySQL Server 8.4\bin;C:\Users\11201\AppData\Local\Programs\Python\Python313\Scripts;C:\Users\11201\AppData\Local\Programs\Python\Python313;D:\matlab\runtime\win64;D:\matlab\bin;D:\matlab\polyspace\bin;C:\Windows\System32;C:\Program Files\dotnet\;D:\MapGIS 10\program;C:\Pro;ram Files\Git\cmd;C:\Users\11201\AppData\Local\Google\Chrome\Application;D:\Program Files\apache-maven-3.9.11\bin;C:\Program Files\Microsoft SQL Server\150\Tools\Binn\;C:\Program Files\Microsoft SQL Server\Client SDK\ODBC\170\Tools\Binn\;C:\Program Files\Git\cmd;D:\ruanjian\΢��web�����߹���\dll;D:\Pro;ram Files\Git\bin;D:\Program Files\Redis 5.0;D:\Android\sdk\platform-tools;D:\Program Files\TortoiseSVN\bin;D:\Program Files\TortoiseGit\bin;".;C:\Program Files\Eclipse Adoptium\jdk-21.0.10.7-hotspot\\lib;C:\Program Files\Eclipse Adoptium\jdk-21.0.10.7-hotspot\\lib\tools.jar";C:\Program Files (x86)\Windows Kits\10\Windows Performance Toolkit\;D:\Program Files\Go\bin;D:\Program Files\Sqlite;D:\Program Files\Git\cmd;C:\Program Files\Docker\Docker\resources\bin;D:\ProgramFiles\opencv;C:\Program Files\MySQL\MySQL Shell 8.0\bin\;D:\pycharm\PyCharm Community Edition 2025.1.3.1\bin;;D:\IntelliJ IDEA 2025.2.4\bin;D:\demo\node\node_global;C:\Users\11201\AppData\Roaming\npm;D:\vscode\Microsoft VS Code\bin;C:\Users\11201\.dotnet\tools;C:\Users\11201\go\bin
USERNAME=11201
OS=Windows_NT
PROCESSOR_IDENTIFIER=Intel64 Family 6 Model 186 Stepping 2, GenuineIntel
TMP=C:\Users\11201\AppData\Local\Temp
TEMP=C:\Users\11201\AppData\Local\Temp




Periodic native trim disabled

JNI global refs:
JNI global refs: 36, weak refs: 8

JNI global refs memory usage: 835, weak refs: 833

Process memory usage:
Resident Set Size: 624240K (3% of 16494648K total physical memory with 317720K free physical memory)

OOME stack traces (most recent first):
Classloader memory used:
Loader org.gradle.internal.classloader.VisitableURLClassLoader                         : 42882K
Loader org.gradle.internal.classloader.VisitableURLClassLoader$InstrumentingVisitableURLClassLoader: 35259K
Loader bootstrap                                                                       : 31608K
Loader org.gradle.initialization.MixInLegacyTypesClassLoader                           : 12745K
Loader jdk.internal.loader.ClassLoaders$PlatformClassLoader                            : 604K
Loader jdk.internal.reflect.DelegatingClassLoader                                      : 318K
Loader org.gradle.internal.classloader.VisitableURLClassLoader                         : 303K
Loader jdk.internal.loader.ClassLoaders$AppClassLoader                                 : 230K
Loader org.gradle.groovy.scripts.internal.DefaultScriptCompilationHandler$ScriptClassLoader: 138K
Loader org.codehaus.groovy.runtime.callsite.CallSiteClassLoader                        : 27488B
Loader sun.reflect.misc.MethodUtil                                                     : 2984B

Classes loaded by more than one classloader:
Class Program                                                                         : loaded 7 times (x 72B)
Class Build_gradle                                                                    : loaded 5 times (x 130B)
Class Build_gradle$1                                                                  : loaded 5 times (x 74B)
Class org.gradle.internal.classloader.FilteringClassLoader                            : loaded 2 times (x 105B)
Class [Lcom.google.common.collect.MapMakerInternalMap$Segment;                        : loaded 2 times (x 69B)
Class com.google.common.io.FileWriteMode                                              : loaded 2 times (x 79B)
Class [Lcom.google.common.base.AbstractIterator$State;                                : loaded 2 times (x 69B)
Class com.google.common.base.CharMatcher$IsEither                                     : loaded 2 times (x 111B)
Class org.gradle.internal.classloader.ClassLoaderHierarchy                            : loaded 2 times (x 70B)
Class com.google.common.collect.AbstractMapBasedMultimap$WrappedCollection            : loaded 2 times (x 124B)
Class com.google.common.collect.ImmutableEnumSet                                      : loaded 2 times (x 146B)
Class com.google.common.util.concurrent.ExecutionError                                : loaded 2 times (x 82B)
Class com.google.common.collect.ImmutableList$1                                       : loaded 2 times (x 97B)
Class ijJvmDebugger1_8t7po7ios6lwbzqulbj5h14bo$_run_closure1$_closure2                : loaded 2 times (x 140B)
Class org.gradle.api.internal.classpath.ManifestUtil                                  : loaded 2 times (x 71B)
Class com.google.common.collect.RegularImmutableMap                                   : loaded 2 times (x 121B)
Class com.google.common.collect.ImmutableMap$MapViewOfValuesAsSingletonSets           : loaded 2 times (x 125B)
Class org.apache.commons.io.function.IOFunction                                       : loaded 2 times (x 70B)
Class com.google.common.collect.TransformedListIterator                               : loaded 2 times (x 93B)
Class [Lorg.objectweb.asm.Symbol;                                                     : loaded 2 times (x 69B)
Class org.objectweb.asm.ClassVisitor                                                  : loaded 2 times (x 88B)
Class com.google.common.collect.UnmodifiableListIterator                              : loaded 2 times (x 95B)
Class com.google.common.collect.MapMakerInternalMap$StrongKeyDummyValueEntry$LinkedStrongKeyDummyValueEntry: loaded 2 times (x 82B)
Class com.google.common.collect.MapMakerInternalMap$Strength                          : loaded 2 times (x 80B)
Class org.objectweb.asm.MethodTooLargeException                                       : loaded 2 times (x 83B)
Class [Lcom.google.common.cache.CacheBuilder$OneWeigher;                              : loaded 2 times (x 69B)
Class com.google.common.base.Suppliers                                                : loaded 2 times (x 71B)
Class com.google.common.base.Platform$JdkPatternCompiler                              : loaded 2 times (x 75B)
Class org.gradle.internal.classloader.DefaultClassLoaderFactory                       : loaded 2 times (x 82B)
Class com.google.common.base.CharMatcher$None                                         : loaded 2 times (x 112B)
Class org.gradle.internal.classloader.ClassLoaderVisitor                              : loaded 2 times (x 76B)
Class [Lcom.google.common.collect.ImmutableMapEntry;                                  : loaded 2 times (x 69B)
Class org.gradle.api.internal.classpath.EffectiveClassPath                            : loaded 2 times (x 90B)
Class com.google.common.collect.ImmutableRangeSet                                     : loaded 2 times (x 115B)
Class [Lorg.apache.commons.io.StandardLineSeparator;                                  : loaded 2 times (x 69B)
Class org.apache.commons.io.output.StringBuilderWriter                                : loaded 2 times (x 100B)
Class com.google.common.collect.ImmutableEnumMap                                      : loaded 2 times (x 125B)
Class com.google.common.collect.ListMultimap                                          : loaded 2 times (x 70B)
Class com.google.common.collect.Iterators$EmptyModifiableIterator                     : loaded 2 times (x 86B)
Class com.google.common.collect.Sets$1                                                : loaded 2 times (x 139B)
Class org.objectweb.asm.AnnotationVisitor                                             : loaded 2 times (x 78B)
Class com.google.common.base.Splitter                                                 : loaded 2 times (x 72B)
Class org.gradle.api.internal.DefaultClassPathProvider                                : loaded 2 times (x 76B)
Class org.apache.commons.io.FilenameUtils                                             : loaded 2 times (x 71B)
Class com.google.common.collect.MapMakerInternalMap$Strength$1                        : loaded 2 times (x 80B)
Class com.google.common.collect.Maps$ViewCachingAbstractMap                           : loaded 2 times (x 125B)
Class com.google.common.collect.Sets$2                                                : loaded 2 times (x 139B)
Class [Lorg.gradle.api.internal.ClassPathProvider;                                    : loaded 2 times (x 69B)
Class org.gradle.api.internal.ClassPathProvider                                       : loaded 2 times (x 70B)
Class com.google.common.collect.MapMakerInternalMap$Strength$2                        : loaded 2 times (x 80B)
Class [Lorg.objectweb.asm.AnnotationVisitor;                                          : loaded 2 times (x 69B)
Class com.google.common.collect.Sets$3                                                : loaded 2 times (x 139B)
Class com.google.common.util.concurrent.AbstractFuture$SafeAtomicHelper               : loaded 2 times (x 79B)
Class com.google.common.cache.LocalCache$LocalLoadingCache                            : loaded 2 times (x 134B)
Class com.google.common.base.AbstractIterator$State                                   : loaded 2 times (x 79B)
Class org.gradle.internal.service.UnknownServiceException                             : loaded 2 times (x 83B)
Class com.google.common.collect.MapMakerInternalMap$StrongValueEntry                  : loaded 2 times (x 70B)
Class com.google.common.collect.Sets$4                                                : loaded 2 times (x 139B)
Class org.objectweb.asm.ModuleVisitor                                                 : loaded 2 times (x 81B)
Class com.google.common.cache.LocalCache$Strength$1                                   : loaded 2 times (x 81B)
Class com.google.common.util.concurrent.SettableFuture                                : loaded 2 times (x 114B)
Class com.google.common.cache.LocalCache$Strength$2                                   : loaded 2 times (x 81B)
Class com.google.common.collect.Interners$InternerImpl                                : loaded 2 times (x 75B)
Class com.google.common.collect.Interner                                              : loaded 2 times (x 70B)
Class com.google.common.collect.TransformedIterator                                   : loaded 2 times (x 80B)
Class com.google.common.cache.LocalCache$Strength$3                                   : loaded 2 times (x 81B)
Class com.google.common.collect.MapDifference                                         : loaded 2 times (x 70B)
Class com.google.common.base.Splitter$1                                               : loaded 2 times (x 77B)
Class com.google.common.collect.MapMaker$Dummy                                        : loaded 2 times (x 79B)
Class org.objectweb.asm.FieldWriter                                                   : loaded 2 times (x 78B)
Class com.google.common.cache.CacheBuilder$NullListener                               : loaded 2 times (x 82B)
Class org.gradle.internal.classpath.TransformedClassPath                              : loaded 2 times (x 96B)
Class com.google.common.collect.ImmutableRangeSet$AsSet                               : loaded 2 times (x 299B)
Class org.apache.commons.io.output.UnsynchronizedByteArrayOutputStream                : loaded 2 times (x 102B)
Class com.google.common.cache.CacheLoader$FunctionToCacheLoader                       : loaded 2 times (x 75B)
Class com.google.common.collect.Iterators$ArrayItr                                    : loaded 2 times (x 97B)
Class com.google.common.collect.ImmutableCollection$Builder                           : loaded 2 times (x 76B)
Class ijJvmDebugger1_8t7po7ios6lwbzqulbj5h14bo$_run_closure1                          : loaded 2 times (x 139B)
Class com.google.common.collect.BaseImmutableMultimap                                 : loaded 2 times (x 123B)
Class org.apache.commons.io.output.ByteArrayOutputStream                              : loaded 2 times (x 102B)
Class com.google.common.base.Joiner                                                   : loaded 2 times (x 79B)
Class com.google.common.base.MoreObjects                                              : loaded 2 times (x 71B)
Class [Lorg.objectweb.asm.Type;                                                       : loaded 2 times (x 69B)
Class com.google.common.collect.Platform                                              : loaded 2 times (x 71B)
Class com.google.common.collect.UnmodifiableIterator                                  : loaded 2 times (x 80B)
Class org.gradle.internal.service.ServiceLocator                                      : loaded 2 times (x 70B)
Class org.apache.commons.io.FileExistsException                                       : loaded 2 times (x 82B)
Class com.google.common.base.Ascii                                                    : loaded 2 times (x 71B)
Class com.google.common.collect.SingletonImmutableBiMap                               : loaded 2 times (x 143B)
Class com.google.common.cache.LocalCache$1                                            : loaded 2 times (x 89B)
Class com.google.common.collect.AbstractMapEntry                                      : loaded 2 times (x 81B)
Class com.google.common.collect.MapMakerInternalMap$AbstractStrongKeyEntry            : loaded 2 times (x 80B)
Class com.google.common.collect.Sets$ImprovedAbstractSet                              : loaded 2 times (x 135B)
Class com.google.common.collect.ImmutableList$Builder                                 : loaded 2 times (x 77B)
Class com.google.common.cache.LocalCache$2                                            : loaded 2 times (x 142B)
Class com.google.common.collect.AbstractMultimap                                      : loaded 2 times (x 123B)
Class com.google.common.collect.ImmutableRangeSet$1                                   : loaded 2 times (x 209B)
Class com.google.common.util.concurrent.AbstractFuture$UnsafeAtomicHelper$1           : loaded 2 times (x 76B)
Class com.google.common.collect.RegularImmutableAsList                                : loaded 2 times (x 216B)
Class com.google.common.collect.Range                                                 : loaded 2 times (x 87B)
Class com.google.common.util.concurrent.AbstractFuture$Trusted                        : loaded 2 times (x 70B)
Class com.google.common.collect.Iterators                                             : loaded 2 times (x 71B)
Class com.google.common.base.CharMatcher$RangesMatcher                                : loaded 2 times (x 112B)
Class com.google.common.io.ByteSink$AsCharSink                                        : loaded 2 times (x 80B)
Class com.google.common.util.concurrent.UncheckedExecutionException                   : loaded 2 times (x 82B)
Class com.google.common.collect.Lists$StringAsImmutableList                           : loaded 2 times (x 207B)
Class org.gradle.kotlin.dsl.VersionCatalogAccessorsKt                                 : loaded 2 times (x 71B)
Class com.google.common.collect.ImmutableSortedSetFauxverideShim                      : loaded 2 times (x 147B)
Class com.google.common.base.CharMatcher$JavaLetterOrDigit                            : loaded 2 times (x 111B)
Class org.gradle.internal.InternalTransformer                                         : loaded 2 times (x 70B)
Class com.google.common.collect.AbstractMapBasedMultimap$KeySet$1                     : loaded 2 times (x 82B)
Class org.objectweb.asm.ClassWriter                                                   : loaded 2 times (x 106B)
Class com.google.common.cache.CacheLoader$UnsupportedLoadingOperationException        : loaded 2 times (x 82B)
Class com.google.common.base.CharMatcher$And                                          : loaded 2 times (x 112B)
Class org.gradle.internal.classloader.ClasspathUtil$1                                 : loaded 2 times (x 76B)
Class com.google.common.base.Objects                                                  : loaded 2 times (x 71B)
Class org.objectweb.asm.FieldVisitor                                                  : loaded 2 times (x 77B)
Class com.google.common.collect.IndexedImmutableSet                                   : loaded 2 times (x 150B)
Class com.google.common.collect.ImmutableMap$1                                        : loaded 2 times (x 81B)
Class com.google.common.collect.BiMap                                                 : loaded 2 times (x 70B)
Class org.gradle.api.internal.classpath.DefaultModuleRegistry$DefaultModule           : loaded 2 times (x 86B)
Class com.google.common.primitives.Ints                                               : loaded 2 times (x 71B)
Class com.google.common.collect.RegularImmutableMap$KeySet                            : loaded 2 times (x 150B)
Class com.google.common.math.MathPreconditions                                        : loaded 2 times (x 71B)
Class com.google.common.collect.Multiset                                              : loaded 2 times (x 70B)
Class com.google.common.collect.ArrayListMultimapGwtSerializationDependencies         : loaded 2 times (x 172B)
Class com.google.common.collect.ObjectArrays                                          : loaded 2 times (x 71B)
Class com.google.common.collect.AbstractIndexedListIterator                           : loaded 2 times (x 96B)
Class org.apache.commons.io.output.NullOutputStream                                   : loaded 2 times (x 85B)
Class com.google.common.collect.ImmutableMapEntrySet                                  : loaded 2 times (x 151B)
Class org.gradle.api.internal.classpath.Module                                        : loaded 2 times (x 70B)
Class com.google.common.cache.Weigher                                                 : loaded 2 times (x 70B)
Class org.gradle.api.internal.classpath.UnknownModuleException                        : loaded 2 times (x 82B)
Class org.gradle.cache.GlobalCache                                                    : loaded 2 times (x 70B)
Class com.google.common.base.Stopwatch                                                : loaded 2 times (x 72B)
Class com.google.common.cache.LocalCache$Strength                                     : loaded 2 times (x 81B)
Class com.google.common.cache.Cache                                                   : loaded 2 times (x 70B)
Class com.google.common.io.Files$2                                                    : loaded 2 times (x 76B)
Class org.apache.commons.io.filefilter.IOFileFilter                                   : loaded 2 times (x 70B)
Class com.google.common.util.concurrent.AbstractFuture$Cancellation                   : loaded 2 times (x 72B)
Class com.google.common.collect.ImmutableMap$Builder                                  : loaded 2 times (x 82B)
Class com.google.common.base.NullnessCasts                                            : loaded 2 times (x 71B)
Class com.google.common.collect.AbstractMapBasedMultimap$WrappedCollection$WrappedIterator: loaded 2 times (x 84B)
Class com.google.common.cache.RemovalListener                                         : loaded 2 times (x 70B)
Class org.gradle.api.internal.DefaultClassPathRegistry                                : loaded 2 times (x 76B)
Class com.google.common.primitives.IntsMethodsForWeb                                  : loaded 2 times (x 71B)
Class com.google.common.collect.Multimap                                              : loaded 2 times (x 70B)
Class org.gradle.api.internal.ClassPathRegistry                                       : loaded 2 times (x 70B)
Class org.gradle.internal.classpath.DefaultClassPath$ImmutableUniqueList              : loaded 2 times (x 199B)
Class com.google.common.collect.MapMakerInternalMap$Segment                           : loaded 2 times (x 142B)
Class com.google.common.base.ExtraObjectsMethodsForWeb                                : loaded 2 times (x 71B)
Class org.apache.commons.io.IOUtils                                                   : loaded 2 times (x 71B)
Class com.google.common.base.PairwiseEquivalence                                      : loaded 2 times (x 83B)
Class com.google.common.io.ByteSink                                                   : loaded 2 times (x 76B)
Class com.google.common.cache.CacheBuilder                                            : loaded 2 times (x 72B)
Class com.google.common.collect.SingletonImmutableList                                : loaded 2 times (x 207B)
Class Settings_gradle$1                                                               : loaded 2 times (x 75B)
Class org.gradle.internal.classpath.ClassPath                                         : loaded 2 times (x 70B)
Class org.gradle.api.UncheckedIOException                                             : loaded 2 times (x 82B)
Class com.google.common.collect.Interners$InternerBuilder                             : loaded 2 times (x 76B)
Class com.google.common.io.Files$FileByteSource                                       : loaded 2 times (x 85B)
Class com.google.common.collect.ImmutableList$ReverseImmutableList                    : loaded 2 times (x 208B)
Class com.google.common.base.JdkPattern                                               : loaded 2 times (x 75B)
Class org.objectweb.asm.SymbolTable$Entry                                             : loaded 2 times (x 74B)
Class com.google.common.util.concurrent.AbstractFuture$AtomicHelper                   : loaded 2 times (x 78B)
Class org.objectweb.asm.Edge                                                          : loaded 2 times (x 72B)
Class com.google.common.base.Suppliers$SupplierOfInstance                             : loaded 2 times (x 79B)
Class com.google.common.collect.Iterators$1                                           : loaded 2 times (x 81B)
Class com.google.common.cache.LocalCache$ComputingValueReference                      : loaded 2 times (x 96B)
Class com.google.common.collect.SingletonImmutableSet                                 : loaded 2 times (x 146B)
Class com.google.common.collect.ImmutableMap$IteratorBasedImmutableMap                : loaded 2 times (x 125B)
Class com.google.common.cache.LocalCache$Segment                                      : loaded 2 times (x 154B)
Class com.google.common.collect.SortedIterable                                        : loaded 2 times (x 70B)
Class [Lorg.objectweb.asm.SymbolTable$Entry;                                          : loaded 2 times (x 69B)
Class com.google.common.cache.CacheLoader                                             : loaded 2 times (x 74B)
Class com.google.common.collect.Iterators$4                                           : loaded 2 times (x 82B)
Class com.google.common.collect.ImmutableBiMap                                        : loaded 2 times (x 143B)
Class com.google.common.collect.AbstractListMultimap                                  : loaded 2 times (x 172B)
Class org.gradle.internal.installation.GradleInstallation$1                           : loaded 2 times (x 75B)
Class org.gradle.api.internal.classpath.ModuleRegistry                                : loaded 2 times (x 70B)
Class com.google.common.util.concurrent.internal.InternalFutureFailureAccess          : loaded 2 times (x 72B)
Class com.google.common.collect.Iterators$5                                           : loaded 2 times (x 82B)
Class com.google.common.collect.ImmutableSet$JdkBackedSetBuilderImpl                  : loaded 2 times (x 76B)
Class com.google.common.base.Splitter$SplittingIterator                               : loaded 2 times (x 84B)
Class com.google.common.io.Closer$SuppressingSuppressor                               : loaded 2 times (x 75B)
Class com.google.common.util.concurrent.AbstractFuture$UnsafeAtomicHelper             : loaded 2 times (x 78B)
Class com.google.common.cache.LocalCache$LocalManualCache$1                           : loaded 2 times (x 75B)
Class com.google.common.base.CharMatcher$ForPredicate                                 : loaded 2 times (x 112B)
Class com.google.common.collect.ImmutableCollection                                   : loaded 2 times (x 125B)
Class com.google.common.base.CharMatcher$AnyOf                                        : loaded 2 times (x 112B)
Class org.gradle.api.internal.classpath.DefaultModuleRegistry                         : loaded 2 times (x 86B)
Class com.google.common.util.concurrent.ListenableFuture                              : loaded 2 times (x 70B)
Class com.google.common.cache.ReferenceEntry                                          : loaded 2 times (x 70B)
Class com.google.common.collect.ImmutableSet$CachingAsList                            : loaded 2 times (x 147B)
Class com.google.common.base.Converter                                                : loaded 2 times (x 90B)
Class com.google.common.collect.Lists                                                 : loaded 2 times (x 71B)
Class com.google.common.base.CharMatcher$Any                                          : loaded 2 times (x 112B)
Class com.google.common.util.concurrent.AbstractFuture                                : loaded 2 times (x 106B)
Class com.google.common.base.FunctionalEquivalence                                    : loaded 2 times (x 83B)
Class com.google.common.collect.Iterators$9                                           : loaded 2 times (x 81B)
Class com.google.common.collect.AbstractMapBasedMultimap                              : loaded 2 times (x 139B)
Class com.google.common.collect.ImmutableAsList                                       : loaded 2 times (x 209B)
Class org.objectweb.asm.RecordComponentVisitor                                        : loaded 2 times (x 77B)
Class com.google.common.cache.CacheLoader$SupplierToCacheLoader                       : loaded 2 times (x 75B)
Class ijKotlinCoroutineJvmDebugInit1_6zg3uwa41tzw7ohij9n9xlytb$_run_closure1$_closure2: loaded 2 times (x 139B)
Class com.google.common.collect.Maps$EntryTransformer                                 : loaded 2 times (x 70B)
Class org.gradle.internal.service.ServiceLookupException                              : loaded 2 times (x 82B)
Class com.google.common.collect.ImmutableSortedSet                                    : loaded 2 times (x 299B)
Class [Lcom.google.common.cache.LocalCache$EntryFactory;                              : loaded 2 times (x 69B)
Class com.google.common.base.CharMatcher$JavaLetter                                   : loaded 2 times (x 111B)
Class ijKotlinCoroutineJvmDebugInit1_6zg3uwa41tzw7ohij9n9xlytb$_run_closure1          : loaded 2 times (x 139B)
Class org.gradle.internal.classloader.ClassLoaderFactory                              : loaded 2 times (x 70B)
Class com.google.common.collect.ImmutableMap$SerializedForm                           : loaded 2 times (x 73B)
Class com.google.common.cache.LocalCache$LocalManualCache                             : loaded 2 times (x 99B)
Class com.google.common.base.CharMatcher$IsNot                                        : loaded 2 times (x 111B)
Class com.google.common.base.CommonPattern                                            : loaded 2 times (x 74B)
Class ijJvmDebugger1_8t7po7ios6lwbzqulbj5h14bo                                        : loaded 2 times (x 179B)
Class org.gradle.internal.service.CachingServiceLocator                               : loaded 2 times (x 82B)
Class com.google.common.collect.RegularImmutableSortedSet                             : loaded 2 times (x 299B)
Class com.google.common.collect.AbstractMapBasedMultimap$KeySet                       : loaded 2 times (x 137B)
Class com.google.common.math.IntMath                                                  : loaded 2 times (x 71B)
Class com.google.common.collect.MapMakerInternalMap$InternalEntry                     : loaded 2 times (x 70B)
Class com.google.common.collect.Iterators$10                                          : loaded 2 times (x 81B)
Class com.google.common.collect.ImmutableMapEntry                                     : loaded 2 times (x 85B)
Class com.google.common.base.CharMatcher$JavaDigit                                    : loaded 2 times (x 111B)
Class com.google.common.collect.ImmutableMultimap                                     : loaded 2 times (x 147B)
Class com.google.common.base.Equivalence                                              : loaded 2 times (x 82B)
Class com.google.common.collect.ImmutableMapEntry$NonTerminalImmutableMapEntry        : loaded 2 times (x 85B)
Class com.google.common.base.Function                                                 : loaded 2 times (x 70B)
Class org.apache.commons.io.output.AbstractByteArrayOutputStream                      : loaded 2 times (x 102B)
Class com.google.common.cache.CacheBuilder$OneWeigher                                 : loaded 2 times (x 82B)
Class com.google.common.collect.RegularImmutableList                                  : loaded 2 times (x 212B)
Class org.gradle.kotlin.dsl.TestImplementationConfigurationAccessorsKt                : loaded 2 times (x 71B)
Class com.google.common.collect.ImmutableBiMapFauxverideShim                          : loaded 2 times (x 120B)
Class org.gradle.internal.classloader.ClasspathUtil                                   : loaded 2 times (x 71B)
Class com.google.common.base.Charsets                                                 : loaded 2 times (x 71B)
Class com.google.common.util.concurrent.Uninterruptibles                              : loaded 2 times (x 71B)
Class com.google.common.collect.Maps                                                  : loaded 2 times (x 71B)
Class com.google.common.base.CharMatcher$JavaUpperCase                                : loaded 2 times (x 111B)
Class org.gradle.api.specs.Spec                                                       : loaded 2 times (x 70B)
Class com.google.common.collect.MapMaker                                              : loaded 2 times (x 72B)
Class org.apache.commons.io.file.PathFilter                                           : loaded 2 times (x 70B)
Class [Lcom.google.common.collect.ImmutableEntry;                                     : loaded 2 times (x 69B)
Class com.google.common.cache.LocalCache$LoadingValueReference                        : loaded 2 times (x 96B)
Class com.google.common.collect.AbstractIterator                                      : loaded 2 times (x 82B)
Class com.google.common.collect.MapMakerInternalMap$StrongKeyDummyValueEntry          : loaded 2 times (x 82B)
Class com.google.common.base.Platform                                                 : loaded 2 times (x 71B)
Class Build_gradle$2                                                                  : loaded 2 times (x 78B)
Class com.google.common.collect.AbstractMapBasedMultimap$WrappedList                  : loaded 2 times (x 205B)
Class [Lorg.objectweb.asm.AnnotationWriter;                                           : loaded 2 times (x 69B)
Class com.google.common.primitives.Ints$IntConverter                                  : loaded 2 times (x 90B)
Class com.google.common.collect.Maps$8                                                : loaded 2 times (x 82B)
Class [Lcom.google.common.collect.Iterators$EmptyModifiableIterator;                  : loaded 2 times (x 69B)
Class com.google.common.collect.ImmutableRangeSet$Builder                             : loaded 2 times (x 77B)
Class com.google.common.collect.Sets$SetView                                          : loaded 2 times (x 138B)
Class com.google.common.cache.LocalCache$StrongValueReference                         : loaded 2 times (x 90B)
Class com.google.common.util.concurrent.AbstractFuture$SynchronizedHelper             : loaded 2 times (x 78B)
Class com.google.common.base.CharMatcher$Invisible                                    : loaded 2 times (x 112B)
Class com.google.common.graph.SuccessorsFunction                                      : loaded 2 times (x 70B)
Class org.objectweb.asm.Type                                                          : loaded 2 times (x 72B)
Class org.gradle.internal.classloader.VisitableURLClassLoader$InstrumentingVisitableURLClassLoader: loaded 2 times (x 123B)
Class com.google.common.collect.MapMakerInternalMap$StrongKeyDummyValueEntry$Helper   : loaded 2 times (x 79B)
Class org.apache.commons.io.FileUtils                                                 : loaded 2 times (x 71B)
Class com.google.common.io.Files$FileByteSink                                         : loaded 2 times (x 77B)
Class org.objectweb.asm.ByteVector                                                    : loaded 2 times (x 79B)
Class [Lcom.google.common.cache.CacheBuilder$NullListener;                            : loaded 2 times (x 69B)
Class com.google.common.math.IntMath$1                                                : loaded 2 times (x 71B)
Class org.gradle.internal.classloader.VisitableURLClassLoader$Spec                    : loaded 2 times (x 74B)
Class org.gradle.internal.classpath.DefaultClassPath                                  : loaded 2 times (x 90B)
Class org.objectweb.asm.Symbol                                                        : loaded 2 times (x 73B)
Class com.google.common.base.AbstractIterator                                         : loaded 2 times (x 80B)
Class com.google.common.io.Closer                                                     : loaded 2 times (x 78B)
Class com.google.common.collect.ImmutableSet                                          : loaded 2 times (x 145B)
Class com.google.common.collect.RegularImmutableMap$Values                            : loaded 2 times (x 207B)
Class com.google.common.base.CharMatcher$Ascii                                        : loaded 2 times (x 112B)
Class com.google.common.base.CharMatcher$BitSetMatcher                                : loaded 2 times (x 112B)
Class org.gradle.internal.classloader.ClassLoaderSpec                                 : loaded 2 times (x 71B)
Class org.objectweb.asm.AnnotationWriter                                              : loaded 2 times (x 79B)
Class com.google.common.cache.CacheStats                                              : loaded 2 times (x 71B)
Class com.google.common.collect.Interners                                             : loaded 2 times (x 71B)
Class com.google.common.io.Closer$Suppressor                                          : loaded 2 times (x 70B)
Class com.google.common.io.LineProcessor                                              : loaded 2 times (x 70B)
Class org.objectweb.asm.RecordComponentWriter                                         : loaded 2 times (x 78B)
Class com.google.common.util.concurrent.AbstractFuture$Listener                       : loaded 2 times (x 72B)
Class com.google.common.base.CharMatcher$Or                                           : loaded 2 times (x 112B)
Class Settings_gradle$1$1                                                             : loaded 2 times (x 75B)
Class org.objectweb.asm.Attribute                                                     : loaded 2 times (x 77B)
Class com.google.common.base.Supplier                                                 : loaded 2 times (x 70B)
Class org.gradle.internal.classloader.VisitableURLClassLoader                         : loaded 2 times (x 117B)
Class com.google.common.util.concurrent.AbstractFuture$Waiter                         : loaded 2 times (x 72B)
Class Settings_gradle                                                                 : loaded 2 times (x 128B)
Class org.gradle.internal.Cast                                                        : loaded 2 times (x 71B)
Class org.gradle.api.Action                                                           : loaded 2 times (x 70B)
Class com.google.common.collect.MapMakerInternalMap                                   : loaded 2 times (x 161B)
Class com.google.common.collect.Sets                                                  : loaded 2 times (x 71B)
Class org.objectweb.asm.Handler                                                       : loaded 2 times (x 72B)
Class com.google.common.base.Ticker                                                   : loaded 2 times (x 72B)
Class com.google.common.base.Strings                                                  : loaded 2 times (x 71B)
Class com.google.common.base.CharMatcher$FastMatcher                                  : loaded 2 times (x 111B)
Class org.gradle.internal.agents.InstrumentingClassLoader                             : loaded 2 times (x 70B)
Class [Lcom.google.common.cache.LocalCache$Segment;                                   : loaded 2 times (x 69B)
Class [Lcom.google.common.cache.LocalCache$Strength;                                  : loaded 2 times (x 69B)
Class com.google.common.cache.CacheBuilder$1                                          : loaded 2 times (x 85B)
Class com.google.common.collect.ImmutableMap                                          : loaded 2 times (x 120B)
Class com.google.common.base.Predicate                                                : loaded 2 times (x 70B)
Class org.gradle.internal.classpath.DefaultClassPath$ImmutableUniqueList$Builder      : loaded 2 times (x 75B)
Class com.google.common.collect.MapMakerInternalMap$WeakValueReference                : loaded 2 times (x 70B)
Class com.google.common.collect.AbstractRangeSet                                      : loaded 2 times (x 114B)
Class com.google.common.cache.LocalCache                                              : loaded 2 times (x 187B)
Class com.google.common.cache.CacheBuilder$2                                          : loaded 2 times (x 72B)
Class com.google.common.base.CharMatcher$NegatedFastMatcher                           : loaded 2 times (x 113B)
Class [Lcom.google.common.collect.AbstractMapEntry;                                   : loaded 2 times (x 69B)
Class com.google.common.collect.ImmutableEntry                                        : loaded 2 times (x 82B)
Class com.google.common.collect.ArrayListMultimap                                     : loaded 2 times (x 172B)
Class com.google.common.base.AbstractIterator$1                                       : loaded 2 times (x 71B)
Class com.google.common.base.CharMatcher$Digit                                        : loaded 2 times (x 112B)
Class org.gradle.api.GradleException                                                  : loaded 2 times (x 82B)
Class org.apache.commons.io.StandardLineSeparator                                     : loaded 2 times (x 79B)
Class com.google.common.collect.CollectPreconditions                                  : loaded 2 times (x 71B)
Class com.google.common.base.CharMatcher$JavaIsoControl                               : loaded 2 times (x 112B)
Class [Lcom.google.common.collect.MapMakerInternalMap$Strength;                       : loaded 2 times (x 69B)
Class [Lcom.google.common.io.FileWriteMode;                                           : loaded 2 times (x 69B)
Class com.google.common.collect.SortedMapDifference                                   : loaded 2 times (x 70B)
Class com.google.common.base.CharMatcher$JavaLowerCase                                : loaded 2 times (x 111B)
Class ijKotlinCoroutineJvmDebugInit1_6zg3uwa41tzw7ohij9n9xlytb                        : loaded 2 times (x 179B)
Class Build_gradle$1$1                                                                : loaded 2 times (x 74B)
Class com.google.common.collect.MapMakerInternalMap$StrongKeyDummyValueSegment        : loaded 2 times (x 142B)
Class com.google.common.io.Files                                                      : loaded 2 times (x 71B)
Class com.google.common.cache.LocalCache$EntryFactory                                 : loaded 2 times (x 83B)
Class [Lcom.google.common.collect.MapMaker$Dummy;                                     : loaded 2 times (x 69B)
Class com.google.common.cache.LocalCache$AbstractReferenceEntry                       : loaded 2 times (x 107B)
Class com.google.common.base.Splitter$1$1                                             : loaded 2 times (x 86B)
Class com.google.common.base.CharMatcher$Whitespace                                   : loaded 2 times (x 112B)
Class org.gradle.internal.IoActions                                                   : loaded 2 times (x 71B)
Class com.google.common.collect.ImmutableMapKeySet                                    : loaded 2 times (x 150B)
Class com.google.common.collect.ImmutableRangeSet$ComplementRanges                    : loaded 2 times (x 207B)
Class org.objectweb.asm.SymbolTable                                                   : loaded 2 times (x 72B)
Class com.google.common.cache.CacheLoader$InvalidCacheLoadException                   : loaded 2 times (x 82B)
Class com.google.common.collect.ImmutableSet$RegularSetBuilderImpl                    : loaded 2 times (x 77B)
Class com.google.common.base.CharMatcher$SingleWidth                                  : loaded 2 times (x 112B)
Class org.gradle.internal.classloader.SystemClassLoaderSpec                           : loaded 2 times (x 71B)
Class com.google.common.cache.LocalCache$StrongEntry                                  : loaded 2 times (x 108B)
Class com.google.common.util.concurrent.AbstractFuture$TrustedFuture                  : loaded 2 times (x 114B)
Class com.google.common.cache.LoadingCache                                            : loaded 2 times (x 70B)
Class org.gradle.kotlin.dsl.ImplementationConfigurationAccessorsKt                    : loaded 2 times (x 71B)
Class org.objectweb.asm.MethodWriter                                                  : loaded 2 times (x 106B)
Class [Lcom.google.common.cache.Weigher;                                              : loaded 2 times (x 69B)
Class com.google.common.collect.RegularImmutableMap$BucketOverflowException           : loaded 2 times (x 82B)
Class com.google.common.collect.AbstractMapBasedMultimap$RandomAccessWrappedList      : loaded 2 times (x 205B)
Class com.google.common.collect.RegularImmutableBiMap                                 : loaded 2 times (x 148B)
Class com.google.common.cache.LocalCache$ValueReference                               : loaded 2 times (x 70B)
Class com.google.common.base.CharMatcher$Is                                           : loaded 2 times (x 111B)
Class com.google.common.base.CharMatcher$Negated                                      : loaded 2 times (x 113B)
Class com.google.common.util.concurrent.AbstractFuture$Failure                        : loaded 2 times (x 72B)
Class com.google.common.base.Equivalence$Equals                                       : loaded 2 times (x 82B)
Class com.google.common.collect.Hashing                                               : loaded 2 times (x 71B)
Class com.google.common.base.PatternCompiler                                          : loaded 2 times (x 70B)
Class com.google.common.base.Preconditions                                            : loaded 2 times (x 71B)
Class com.google.common.collect.ImmutableSetMultimap                                  : loaded 2 times (x 180B)
Class com.google.common.io.CharSink                                                   : loaded 2 times (x 79B)
Class com.google.common.base.Joiner$1                                                 : loaded 2 times (x 80B)
Class org.objectweb.asm.Label                                                         : loaded 2 times (x 73B)
Class org.objectweb.asm.CurrentFrame                                                  : loaded 2 times (x 73B)
Class org.objectweb.asm.ClassTooLargeException                                        : loaded 2 times (x 83B)
Class com.google.common.collect.PeekingIterator                                       : loaded 2 times (x 70B)
Class com.google.common.base.CharMatcher                                              : loaded 2 times (x 111B)
Class com.google.common.collect.MapMakerInternalMap$InternalEntryHelper               : loaded 2 times (x 70B)
Class com.google.common.collect.Maps$IteratorBasedAbstractMap                         : loaded 2 times (x 125B)
Class com.google.common.collect.RangeGwtSerializationDependencies                     : loaded 2 times (x 71B)
Class com.google.common.base.Joiner$2                                                 : loaded 2 times (x 79B)
Class org.objectweb.asm.Frame                                                         : loaded 2 times (x 73B)
Class org.objectweb.asm.MethodVisitor                                                 : loaded 2 times (x 105B)
Class com.google.common.cache.LocalCache$EntryFactory$1                               : loaded 2 times (x 83B)
Class [Lcom.google.common.cache.RemovalListener;                                      : loaded 2 times (x 69B)
Class com.google.common.base.CharMatcher$1                                            : loaded 2 times (x 113B)
Class com.google.common.base.CharMatcher$NamedFastMatcher                             : loaded 2 times (x 112B)
Class com.google.common.collect.RangeSet                                              : loaded 2 times (x 70B)
Class com.google.common.cache.LocalCache$EntryFactory$2                               : loaded 2 times (x 83B)
Class com.google.common.collect.CollectCollectors                                     : loaded 2 times (x 71B)
Class org.objectweb.asm.ModuleWriter                                                  : loaded 2 times (x 82B)
Class com.google.common.cache.LocalCache$EntryFactory$3                               : loaded 2 times (x 83B)
Class com.google.common.base.Ticker$1                                                 : loaded 2 times (x 72B)
Class com.google.common.collect.ImmutableMapEntrySet$RegularEntrySet                  : loaded 2 times (x 151B)
Class com.google.common.collect.Maps$BiMapConverter                                   : loaded 2 times (x 90B)
Class com.google.common.collect.SetMultimap                                           : loaded 2 times (x 70B)
Class com.google.common.cache.LocalCache$EntryFactory$4                               : loaded 2 times (x 83B)
Class com.google.common.collect.ImmutableSet$Builder                                  : loaded 2 times (x 85B)
Class com.google.common.base.CharMatcher$InRange                                      : loaded 2 times (x 111B)
Class Settings_gradle$1$1$1                                                           : loaded 2 times (x 75B)
Class com.google.common.cache.LocalCache$EntryFactory$5                               : loaded 2 times (x 83B)
Class Settings_gradle$1$1$2                                                           : loaded 2 times (x 75B)
Class com.google.common.base.Equivalence$Identity                                     : loaded 2 times (x 82B)
Class org.apache.commons.io.output.AppendableWriter                                   : loaded 2 times (x 100B)
Class com.google.common.cache.LocalCache$EntryFactory$6                               : loaded 2 times (x 83B)
Class org.gradle.internal.installation.CurrentGradleInstallationLocator               : loaded 2 times (x 71B)
Class org.apache.commons.io.output.ThresholdingOutputStream                           : loaded 2 times (x 94B)
Class com.google.common.collect.Maps$KeySet                                           : loaded 2 times (x 137B)
Class com.google.common.cache.LocalCache$EntryFactory$7                               : loaded 2 times (x 83B)
Class com.google.common.collect.ImmutableSet$EmptySetBuilderImpl                      : loaded 2 times (x 76B)
Class com.google.common.collect.ImmutableList                                         : loaded 2 times (x 206B)
Class org.gradle.internal.service.DefaultServiceLocator                               : loaded 2 times (x 83B)
Class com.google.common.collect.Maps$EntrySet                                         : loaded 2 times (x 136B)
Class com.google.common.cache.LocalCache$EntryFactory$8                               : loaded 2 times (x 83B)
Class com.google.common.collect.ImmutableSet$SetBuilderImpl                           : loaded 2 times (x 76B)
Class org.gradle.internal.installation.CurrentGradleInstallation                      : loaded 2 times (x 73B)
Class com.google.common.cache.CacheLoader$1                                           : loaded 2 times (x 75B)
Class com.google.common.collect.ForwardingObject                                      : loaded 2 times (x 72B)
Class com.google.common.collect.ImmutableList$SubList                                 : loaded 2 times (x 208B)
Class org.gradle.util.internal.GUtil                                                  : loaded 2 times (x 71B)
Class com.google.common.io.ByteSource                                                 : loaded 2 times (x 84B)
Class com.google.common.util.concurrent.AbstractFuture$SetFuture                      : loaded 2 times (x 75B)
Class com.google.common.cache.AbstractCache$StatsCounter                              : loaded 2 times (x 70B)
Class com.google.common.collect.MapMakerInternalMap$1                                 : loaded 2 times (x 83B)
Class com.google.common.collect.Iterators$MergingIterator                             : loaded 2 times (x 81B)
Class com.google.common.collect.RegularImmutableSet                                   : loaded 2 times (x 148B)
Class org.gradle.internal.installation.GradleInstallation                             : loaded 2 times (x 75B)
Class com.google.common.collect.Iterables                                             : loaded 2 times (x 71B)
Class com.google.common.base.Splitter$Strategy                                        : loaded 2 times (x 70B)

---------------  S Y S T E M  ---------------

OS:
 Windows 11 , 64 bit Build 22621 (10.0.22621.5415)
OS uptime: 0 days 7:53 hours
Hyper-V role detected

CPU: total 20 (initial active 20) (10 cores per cpu, 2 threads per core) family 6 model 186 stepping 2 microcode 0x410e, cx8, cmov, fxsr, ht, mmx, 3dnowpref, sse, sse2, sse3, ssse3, sse4.1, sse4.2, popcnt, lzcnt, tsc, tscinvbit, avx, avx2, aes, erms, clmul, bmi1, bmi2, adx, sha, fma, vzeroupper, clflush, clflushopt, clwb, hv, serialize, rdtscp, rdpid, fsrm, f16c, cet_ibt, cet_ss
Processor Information for processor 0
  Max Mhz: 2400, Current Mhz: 2400, Mhz Limit: 2400
Processor Information for processor 1
  Max Mhz: 2400, Current Mhz: 2400, Mhz Limit: 2400
Processor Information for processor 2
  Max Mhz: 2400, Current Mhz: 2400, Mhz Limit: 2400
Processor Information for processor 3
  Max Mhz: 2400, Current Mhz: 2400, Mhz Limit: 2400
Processor Information for processor 4
  Max Mhz: 2400, Current Mhz: 2400, Mhz Limit: 2400
Processor Information for processor 5
  Max Mhz: 2400, Current Mhz: 2400, Mhz Limit: 2400
Processor Information for processor 6
  Max Mhz: 2400, Current Mhz: 2400, Mhz Limit: 2400
Processor Information for processor 7
  Max Mhz: 2400, Current Mhz: 2400, Mhz Limit: 2400
Processor Information for processor 8
  Max Mhz: 2400, Current Mhz: 2400, Mhz Limit: 2400
Processor Information for processor 9
  Max Mhz: 2400, Current Mhz: 2400, Mhz Limit: 2400
Processor Information for processor 10
  Max Mhz: 2400, Current Mhz: 2400, Mhz Limit: 2400
Processor Information for processor 11
  Max Mhz: 2400, Current Mhz: 2400, Mhz Limit: 2400
Processor Information for processor 12
  Max Mhz: 2400, Current Mhz: 1800, Mhz Limit: 1800
Processor Information for processor 13
  Max Mhz: 2400, Current Mhz: 1800, Mhz Limit: 1800
Processor Information for processor 14
  Max Mhz: 2400, Current Mhz: 1800, Mhz Limit: 1800
Processor Information for processor 15
  Max Mhz: 2400, Current Mhz: 1800, Mhz Limit: 1800
Processor Information for processor 16
  Max Mhz: 2400, Current Mhz: 1800, Mhz Limit: 1800
Processor Information for processor 17
  Max Mhz: 2400, Current Mhz: 1800, Mhz Limit: 1800
Processor Information for processor 18
  Max Mhz: 2400, Current Mhz: 1800, Mhz Limit: 1800
Processor Information for processor 19
  Max Mhz: 2400, Current Mhz: 1800, Mhz Limit: 1800

Memory: 4k page, system-wide physical 16108M (309M free)
TotalPageFile size 43366M (AvailPageFile size 2M)
current process WorkingSet (physical memory assigned to process): 614M, peak: 618M
current process commit charge ("private bytes"): 670M, peak: 676M

vm_info: OpenJDK 64-Bit Server VM (21.0.9+-14649483-b1163.86) for windows-amd64 JRE (21.0.9+-14649483-b1163.86), built on 2025-12-30T22:08:35Z by "builder" with MS VC++ 16.10 / 16.11 (VS2019)

END.
