#
# There is insufficient memory for the Java Runtime Environment to continue.
# Native memory allocation (malloc) failed to allocate 1120432 bytes. Error detail: Chunk::new
# Possible reasons:
#   The system is out of physical RAM or swap space
#   This process is running with CompressedOops enabled, and the Java Heap may be blocking the growth of the native heap
# Possible solutions:
#   Reduce memory load on the system
#   Increase physical memory or swap space
#   Check if swap backing store is full
#   Decrease Java heap size (-Xmx/-Xms)
#   Decrease number of Java threads
#   Decrease Java thread stack sizes (-Xss)
#   Set larger code cache with -XX:ReservedCodeCacheSize=
#   JVM is running with Unscaled Compressed Oops mode in which the Java heap is
#     placed in the first 4GB address space. The Java Heap base address is the
#     maximum limit for the native heap growth. Please use -XX:HeapBaseMinAddress
#     to set the Java Heap base and to place the Java Heap above 4GB virtual address.
# This output file may be truncated or incomplete.
#
#  Out of Memory Error (arena.cpp:168), pid=24164, tid=30344
#
# JRE version: OpenJDK Runtime Environment (21.0.9) (build 21.0.9+-14649483-b1163.86)
# Java VM: OpenJDK 64-Bit Server VM (21.0.9+-14649483-b1163.86, mixed mode, tiered, compressed oops, compressed class ptrs, g1 gc, windows-amd64)
# No core dump will be written. Minidumps are not enabled by default on client versions of Windows
#

---------------  S U M M A R Y ------------

Command Line: --add-opens=java.base/java.util=ALL-UNNAMED --add-opens=java.base/java.lang=ALL-UNNAMED --add-opens=java.base/java.lang.invoke=ALL-UNNAMED --add-opens=java.prefs/java.util.prefs=ALL-UNNAMED --add-opens=java.base/java.nio.charset=ALL-UNNAMED --add-opens=java.base/java.net=ALL-UNNAMED --add-opens=java.base/java.util.concurrent.atomic=ALL-UNNAMED -Xmx2048m -Dfile.encoding=UTF-8 -Duser.country=CN -Duser.language=zh -Duser.variant -javaagent:C:\Users\11201\.gradle\wrapper\dists\gradle-8.7-all\549ctztx5g5jixmk70l9ykwir\gradle-8.7\lib\agents\gradle-instrumentation-agent-8.7.jar org.gradle.launcher.daemon.bootstrap.GradleDaemon 8.7

Host: 13th Gen Intel(R) Core(TM) i7-13700H, 20 cores, 15G,  Windows 11 , 64 bit Build 22621 (10.0.22621.5415)
Time: Thu May  7 17:38:48 2026 elapsed time: 18.630436 seconds (0d 0h 0m 18s)

---------------  T H R E A D  ---------------

Current thread (0x0000027f65c71600):  JavaThread "C2 CompilerThread4" daemon [_thread_in_native, id=30344, stack(0x000000ebaea00000,0x000000ebaeb00000) (1024K)]


Current CompileTask:
C2:18630 17363       4       org.gradle.internal.operations.DefaultBuildOperationRunner$2::execute (12 bytes)

Stack: [0x000000ebaea00000,0x000000ebaeb00000]
Native frames: (J=compiled Java code, j=interpreted, Vv=VM code, C=native code)
V  [jvm.dll+0x6d6c99]
V  [jvm.dll+0x866b83]
V  [jvm.dll+0x86919e]
V  [jvm.dll+0x869883]
V  [jvm.dll+0x280776]
V  [jvm.dll+0xc07cd]
V  [jvm.dll+0xc0d03]
V  [jvm.dll+0x3b986b]
V  [jvm.dll+0x1dfac4]
V  [jvm.dll+0x2495b4]
V  [jvm.dll+0x248a31]
V  [jvm.dll+0x1c7344]
V  [jvm.dll+0x2581ae]
V  [jvm.dll+0x2566f6]
V  [jvm.dll+0x3f48a6]
V  [jvm.dll+0x80f118]
V  [jvm.dll+0x6d54ed]
C  [ucrtbase.dll+0x29333]
C  [KERNEL32.DLL+0x1259d]
C  [ntdll.dll+0x5af78]


---------------  P R O C E S S  ---------------

Threads class SMR info:
_java_thread_list=0x0000027f65368b30, length=278, elements={
0x0000027f41b732f0, 0x0000027f5cb1a210, 0x0000027f5cb48470, 0x0000027f5cb1d6b0,
0x0000027f5cb79240, 0x0000027f5cb79ca0, 0x0000027f5cb85860, 0x0000027f5cb8abd0,
0x0000027f5cb8d970, 0x0000027f5cb8e410, 0x0000027f610ee350, 0x0000027f63062bb0,
0x0000027f6301fff0, 0x0000027f635bc030, 0x0000027f633979c0, 0x0000027f63398030,
0x0000027f63439150, 0x0000027f6364eb50, 0x0000027f6328b0d0, 0x0000027f6328a3b0,
0x0000027f6328c480, 0x0000027f63289690, 0x0000027f6328aa40, 0x0000027f63289d20,
0x0000027f6328b760, 0x0000027f6328cb10, 0x0000027f63d890e0, 0x0000027f63d8c560,
0x0000027f63d8f350, 0x0000027f63d883c0, 0x0000027f63d89770, 0x0000027f63d8e630,
0x0000027f63d8b840, 0x0000027f63d8ab20, 0x0000027f63d8bed0, 0x0000027f63d8ecc0,
0x0000027f63d8f9e0, 0x0000027f63d8b1b0, 0x0000027f63d8cbf0, 0x0000027f63d8d280,
0x0000027f63d8d910, 0x0000027f63d8dfa0, 0x0000027f64e3fb70, 0x0000027f64e450c0,
0x0000027f64e415b0, 0x0000027f64e45de0, 0x0000027f64e42ff0, 0x0000027f64e40890,
0x0000027f64e41c40, 0x0000027f64e40f20, 0x0000027f64e47190, 0x0000027f64e40200,
0x0000027f64e43d10, 0x0000027f64e443a0, 0x0000027f64e45750, 0x0000027f64e44a30,
0x0000027f64e46470, 0x0000027f65327440, 0x0000027f65329ba0, 0x0000027f6532c990,
0x0000027f65327ad0, 0x0000027f6532d020, 0x0000027f65328160, 0x0000027f6532d6b0,
0x0000027f6532dd40, 0x0000027f65326db0, 0x0000027f6532a230, 0x0000027f653287f0,
0x0000027f6532a8c0, 0x0000027f6532bc70, 0x0000027f6532e3d0, 0x0000027f65329510,
0x0000027f65328e80, 0x0000027f6532af50, 0x0000027f6532b5e0, 0x0000027f6532c300,
0x0000027f654ebf00, 0x0000027f654ec590, 0x0000027f654e76d0, 0x0000027f654e97a0,
0x0000027f654ecc20, 0x0000027f654e9110, 0x0000027f654ed2b0, 0x0000027f654e9e30,
0x0000027f654e6320, 0x0000027f654ed940, 0x0000027f654ea4c0, 0x0000027f654e69b0,
0x0000027f654e7d60, 0x0000027f654e7040, 0x0000027f654eab50, 0x0000027f660746a0,
0x0000027f6607bcc0, 0x0000027f66074d30, 0x0000027f65759ba0, 0x0000027f65756720,
0x0000027f65756db0, 0x0000027f6575b5e0, 0x0000027f65757440, 0x0000027f657587f0,
0x0000027f6575a230, 0x0000027f65758e80, 0x0000027f65759510, 0x0000027f6575a8c0,
0x0000027f65758160, 0x0000027f65757ad0, 0x0000027f6575af50, 0x0000027f6575bc70,
0x0000027f65754ce0, 0x0000027f6575c300, 0x0000027f65755370, 0x0000027f65755a00,
0x0000027f65756090, 0x0000027f671a9810, 0x0000027f671a8af0, 0x0000027f671a7dd0,
0x0000027f671a4950, 0x0000027f671a9180, 0x0000027f671a4fe0, 0x0000027f671a5670,
0x0000027f671a35a0, 0x0000027f671aabc0, 0x0000027f671a70b0, 0x0000027f671a7740,
0x0000027f671a8460, 0x0000027f671a9ea0, 0x0000027f671a6390, 0x0000027f671a6a20,
0x0000027f678940a0, 0x0000027f6789a310, 0x0000027f6789b030, 0x0000027f67896170,
0x0000027f67896e90, 0x0000027f67895450, 0x0000027f6789a9a0, 0x0000027f67895ae0,
0x0000027f6789b6c0, 0x0000027f67894730, 0x0000027f67896800, 0x0000027f67894dc0,
0x0000027f67897520, 0x0000027f67897bb0, 0x0000027f67898f60, 0x0000027f678995f0,
0x0000027f66077b20, 0x0000027f6607b630, 0x0000027f66077490, 0x0000027f660753c0,
0x0000027f66078ed0, 0x0000027f66079bf0, 0x0000027f6607a280, 0x0000027f671a42c0,
0x0000027f671a5d00, 0x0000027f67899c80, 0x0000027f6c25bd40, 0x0000027f6c25ca60,
0x0000027f6c25de10, 0x0000027f6c25b020, 0x0000027f6c25a300, 0x0000027f6c25d0f0,
0x0000027f6c257ba0, 0x0000027f6c25c3d0, 0x0000027f6c25d780, 0x0000027f6c25e4a0,
0x0000027f6c25b6b0, 0x0000027f6c259c70, 0x0000027f6c258f50, 0x0000027f6c2595e0,
0x0000027f6c0b05b0, 0x0000027f6c0b0c40, 0x0000027f6c0b12d0, 0x0000027f6c0b1960,
0x0000027f6c0b1ff0, 0x0000027f6c0ae4e0, 0x0000027f6c0aeb70, 0x0000027f6c0b2680,
0x0000027f6c0ac410, 0x0000027f6c0b2d10, 0x0000027f6c0abd80, 0x0000027f6c0b9610,
0x0000027f6c0b8260, 0x0000027f6c0b88f0, 0x0000027f6c0b5b00, 0x0000027f6c0b9ca0,
0x0000027f6c0ba330, 0x0000027f6c0b6820, 0x0000027f6c0b6190, 0x0000027f6c0b6eb0,
0x0000027f6c0b33a0, 0x0000027f6c0b4750, 0x0000027f6c0b3a30, 0x0000027f6c0b40c0,
0x0000027f6c0b4de0, 0x0000027f6c0b5470, 0x0000027f6c0b7540, 0x0000027f61b4c030,
0x0000027f61b48bb0, 0x0000027f61b4cd50, 0x0000027f61b4b9a0, 0x0000027f61b47e90,
0x0000027f61b4e790, 0x0000027f61b4ac80, 0x0000027f61b4d3e0, 0x0000027f61b4e100,
0x0000027f61b4da70, 0x0000027f61b48520, 0x0000027f61b4f4b0, 0x0000027f61b49240,
0x0000027f61b4c6c0, 0x0000027f61b498d0, 0x0000027f61b49f60, 0x0000027f61b4a5f0,
0x0000027f61b4b310, 0x0000027f62bdada0, 0x0000027f62bd8cd0, 0x0000027f62bdb430,
0x0000027f62bdd500, 0x0000027f62bddb90, 0x0000027f62bd99f0, 0x0000027f62bde8b0,
0x0000027f62bdce70, 0x0000027f62bd9360, 0x0000027f62bda080, 0x0000027f62bdc150,
0x0000027f62bdbac0, 0x0000027f62bdef40, 0x0000027f62bd8640, 0x0000027f62bd7fb0,
0x0000027f62bdf5d0, 0x0000027f62bda710, 0x0000027f62bdc7e0, 0x0000027f6c25eb30,
0x0000027f6c258230, 0x0000027f6c2588c0, 0x0000027f6c260570, 0x0000027f6c25fee0,
0x0000027f6c25f1c0, 0x0000027f6c260c00, 0x0000027f6c261290, 0x0000027f6c261920,
0x0000027f6c25a990, 0x0000027f6c266150, 0x0000027f6c264080, 0x0000027f6c266e70,
0x0000027f6c261fb0, 0x0000027f6c262640, 0x0000027f6c262cd0, 0x0000027f6c263360,
0x0000027f6c2639f0, 0x0000027f6c264710, 0x0000027f6c265ac0, 0x0000027f6c264da0,
0x0000027f6c265430, 0x0000027f6c0acaa0, 0x0000027f6c0af890, 0x0000027f6c0ab6f0,
0x0000027f6c0ad7c0, 0x0000027f6c0ad130, 0x0000027f6c0ade50, 0x0000027f6c0aff20,
0x0000027f6c0b8f80, 0x0000027f6c0b7bd0, 0x0000027f67898240, 0x0000027f678988d0,
0x0000027f671aa530, 0x0000027f65e0e090, 0x0000027f65e0d370, 0x0000027f65e0da00,
0x0000027f65e0e720, 0x0000027f65e10e80, 0x0000027f65c6afd0, 0x0000027f65c6d8b0,
0x0000027f65c6b6a0, 0x0000027f65c71600, 0x0000027f65c6bd70, 0x0000027f65c6c440,
0x0000027f65c6d1e0, 0x0000027f65c6e650
}

Java Threads: ( => current thread )
  0x0000027f41b732f0 JavaThread "main"                              [_thread_blocked, id=38452, stack(0x000000eb9bf00000,0x000000eb9c000000) (1024K)]
  0x0000027f5cb1a210 JavaThread "Common-Cleaner"             daemon [_thread_blocked, id=31560, stack(0x000000eb9c700000,0x000000eb9c800000) (1024K)]
  0x0000027f5cb48470 JavaThread "Reference Handler"          daemon [_thread_blocked, id=38124, stack(0x000000eb9c800000,0x000000eb9c900000) (1024K)]
  0x0000027f5cb1d6b0 JavaThread "Finalizer"                  daemon [_thread_blocked, id=1040, stack(0x000000eb9c900000,0x000000eb9ca00000) (1024K)]
  0x0000027f5cb79240 JavaThread "Signal Dispatcher"          daemon [_thread_blocked, id=18500, stack(0x000000eb9ca00000,0x000000eb9cb00000) (1024K)]
  0x0000027f5cb79ca0 JavaThread "Attach Listener"            daemon [_thread_blocked, id=34052, stack(0x000000eb9cb00000,0x000000eb9cc00000) (1024K)]
  0x0000027f5cb85860 JavaThread "Service Thread"             daemon [_thread_blocked, id=18852, stack(0x000000eb9cc00000,0x000000eb9cd00000) (1024K)]
  0x0000027f5cb8abd0 JavaThread "Monitor Deflation Thread"   daemon [_thread_blocked, id=27504, stack(0x000000eb9cd00000,0x000000eb9ce00000) (1024K)]
  0x0000027f5cb8d970 JavaThread "C2 CompilerThread0"         daemon [_thread_in_native, id=36776, stack(0x000000eb9ce00000,0x000000eb9cf00000) (1024K)]
  0x0000027f5cb8e410 JavaThread "C1 CompilerThread0"         daemon [_thread_blocked, id=37392, stack(0x000000eb9cf00000,0x000000eb9d000000) (1024K)]
  0x0000027f610ee350 JavaThread "Notification Thread"        daemon [_thread_blocked, id=38200, stack(0x000000eb9d200000,0x000000eb9d300000) (1024K)]
  0x0000027f63062bb0 JavaThread "Daemon health stats"               [_thread_blocked, id=35892, stack(0x000000eb9d800000,0x000000eb9d900000) (1024K)]
  0x0000027f6301fff0 JavaThread "Incoming local TCP Connector on port 55476"        [_thread_in_native, id=2616, stack(0x000000eb9d900000,0x000000eb9da00000) (1024K)]
  0x0000027f635bc030 JavaThread "Daemon periodic checks"            [_thread_blocked, id=10636, stack(0x000000eb9da00000,0x000000eb9db00000) (1024K)]
  0x0000027f633979c0 JavaThread "Daemon"                            [_thread_blocked, id=20700, stack(0x000000eb9db00000,0x000000eb9dc00000) (1024K)]
  0x0000027f63398030 JavaThread "Handler for socket connection from /127.0.0.1:55476 to /127.0.0.1:55477"        [_thread_in_native, id=33836, stack(0x000000eb9dc00000,0x000000eb9dd00000) (1024K)]
  0x0000027f63439150 JavaThread "Cancel handler"                    [_thread_blocked, id=40872, stack(0x000000eb9dd00000,0x000000eb9de00000) (1024K)]
  0x0000027f6364eb50 JavaThread "Daemon worker"                     [_thread_blocked, id=38376, stack(0x000000eb9de00000,0x000000eb9df00000) (1024K)]
  0x0000027f6328b0d0 JavaThread "Asynchronous log dispatcher for DefaultDaemonConnection: socket connection from /127.0.0.1:55476 to /127.0.0.1:55477"        [_thread_blocked, id=22244, stack(0x000000eb9df00000,0x000000eb9e000000) (1024K)]
  0x0000027f6328a3b0 JavaThread "Stdin handler"                     [_thread_blocked, id=25684, stack(0x000000eb9e000000,0x000000eb9e100000) (1024K)]
  0x0000027f6328c480 JavaThread "Daemon client event forwarder"        [_thread_blocked, id=4064, stack(0x000000eb9e100000,0x000000eb9e200000) (1024K)]
  0x0000027f63289690 JavaThread "Cache worker for journal cache (C:\Users\11201\.gradle\caches\journal-1)"        [_thread_blocked, id=37588, stack(0x000000eb9ee00000,0x000000eb9ef00000) (1024K)]
  0x0000027f6328aa40 JavaThread "File lock request listener"        [_thread_in_native, id=4248, stack(0x000000eb9ef00000,0x000000eb9f000000) (1024K)]
  0x0000027f63289d20 JavaThread "Cache worker for file hash cache (C:\Users\11201\.gradle\caches\8.7\fileHashes)"        [_thread_blocked, id=34072, stack(0x000000eb9f000000,0x000000eb9f100000) (1024K)]
  0x0000027f6328b760 JavaThread "Cache worker for file hash cache (D:\学科作业\软件开发\poetry-promotion-system\.gradle\8.7\fileHashes)"        [_thread_blocked, id=39336, stack(0x000000eb9f100000,0x000000eb9f200000) (1024K)]
  0x0000027f6328cb10 JavaThread "File watcher server"        daemon [_thread_in_native, id=41460, stack(0x000000eb9f200000,0x000000eb9f300000) (1024K)]
  0x0000027f63d890e0 JavaThread "File watcher consumer"      daemon [_thread_blocked, id=35072, stack(0x000000eb9f300000,0x000000eb9f400000) (1024K)]
  0x0000027f63d8c560 JavaThread "Cache worker for checksums cache (D:\学科作业\软件开发\poetry-promotion-system\.gradle\8.7\checksums)"        [_thread_blocked, id=11392, stack(0x000000eb9f400000,0x000000eb9f500000) (1024K)]
  0x0000027f63d8f350 JavaThread "Cache worker for cache directory md-supplier (C:\Users\11201\.gradle\caches\8.7\md-supplier)"        [_thread_blocked, id=38316, stack(0x000000eb9f500000,0x000000eb9f600000) (1024K)]
  0x0000027f63d883c0 JavaThread "Cache worker for cache directory md-rule (C:\Users\11201\.gradle\caches\8.7\md-rule)"        [_thread_blocked, id=37328, stack(0x000000eb9f600000,0x000000eb9f700000) (1024K)]
  0x0000027f63d89770 JavaThread "Cache worker for file content cache (C:\Users\11201\.gradle\caches\8.7\fileContent)"        [_thread_blocked, id=24376, stack(0x000000eb9f700000,0x000000eb9f800000) (1024K)]
  0x0000027f63d8e630 JavaThread "jar transforms"                    [_thread_blocked, id=39772, stack(0x000000eb9f800000,0x000000eb9f900000) (1024K)]
  0x0000027f63d8b840 JavaThread "jar transforms Thread 2"           [_thread_blocked, id=5820, stack(0x000000eb9f900000,0x000000eb9fa00000) (1024K)]
  0x0000027f63d8ab20 JavaThread "jar transforms Thread 3"           [_thread_blocked, id=21280, stack(0x000000eb9fa00000,0x000000eb9fb00000) (1024K)]
  0x0000027f63d8bed0 JavaThread "Unconstrained build operations"        [_thread_blocked, id=37300, stack(0x000000eb9fb00000,0x000000eb9fc00000) (1024K)]
  0x0000027f63d8ecc0 JavaThread "Unconstrained build operations Thread 2"        [_thread_blocked, id=41960, stack(0x000000eb9fc00000,0x000000eb9fd00000) (1024K)]
  0x0000027f63d8f9e0 JavaThread "Unconstrained build operations Thread 3"        [_thread_blocked, id=23092, stack(0x000000eb9fd00000,0x000000eb9fe00000) (1024K)]
  0x0000027f63d8b1b0 JavaThread "Unconstrained build operations Thread 4"        [_thread_blocked, id=24864, stack(0x000000eb9fe00000,0x000000eb9ff00000) (1024K)]
  0x0000027f63d8cbf0 JavaThread "Unconstrained build operations Thread 5"        [_thread_blocked, id=40316, stack(0x000000eb9ff00000,0x000000eba0000000) (1024K)]
  0x0000027f63d8d280 JavaThread "Unconstrained build operations Thread 6"        [_thread_blocked, id=3412, stack(0x000000eba0000000,0x000000eba0100000) (1024K)]
  0x0000027f63d8d910 JavaThread "Unconstrained build operations Thread 7"        [_thread_blocked, id=30788, stack(0x000000eba0100000,0x000000eba0200000) (1024K)]
  0x0000027f63d8dfa0 JavaThread "Unconstrained build operations Thread 8"        [_thread_blocked, id=25120, stack(0x000000eba0200000,0x000000eba0300000) (1024K)]
  0x0000027f64e3fb70 JavaThread "Unconstrained build operations Thread 9"        [_thread_blocked, id=14760, stack(0x000000eba0300000,0x000000eba0400000) (1024K)]
  0x0000027f64e450c0 JavaThread "Unconstrained build operations Thread 10"        [_thread_blocked, id=34628, stack(0x000000eba0400000,0x000000eba0500000) (1024K)]
  0x0000027f64e415b0 JavaThread "jar transforms Thread 4"           [_thread_blocked, id=35036, stack(0x000000eba0500000,0x000000eba0600000) (1024K)]
  0x0000027f64e45de0 JavaThread "jar transforms Thread 5"           [_thread_blocked, id=39620, stack(0x000000eba0600000,0x000000eba0700000) (1024K)]
  0x0000027f64e42ff0 JavaThread "jar transforms Thread 6"           [_thread_blocked, id=12068, stack(0x000000eba0700000,0x000000eba0800000) (1024K)]
  0x0000027f64e40890 JavaThread "jar transforms Thread 7"           [_thread_blocked, id=7488, stack(0x000000eba0800000,0x000000eba0900000) (1024K)]
  0x0000027f64e41c40 JavaThread "jar transforms Thread 8"           [_thread_blocked, id=29644, stack(0x000000eba0900000,0x000000eba0a00000) (1024K)]
  0x0000027f64e40f20 JavaThread "Cache worker for Build Output Cleanup Cache (D:\学科作业\软件开发\poetry-promotion-system\.gradle\buildOutputCleanup)"        [_thread_blocked, id=18068, stack(0x000000eba0a00000,0x000000eba0b00000) (1024K)]
  0x0000027f64e47190 JavaThread "Unconstrained build operations Thread 11"        [_thread_blocked, id=41116, stack(0x000000eba0b00000,0x000000eba0c00000) (1024K)]
  0x0000027f64e40200 JavaThread "Unconstrained build operations Thread 12"        [_thread_blocked, id=20396, stack(0x000000eba0c00000,0x000000eba0d00000) (1024K)]
  0x0000027f64e43d10 JavaThread "Unconstrained build operations Thread 13"        [_thread_blocked, id=14832, stack(0x000000eba0d00000,0x000000eba0e00000) (1024K)]
  0x0000027f64e443a0 JavaThread "Unconstrained build operations Thread 14"        [_thread_blocked, id=39924, stack(0x000000eba0e00000,0x000000eba0f00000) (1024K)]
  0x0000027f64e45750 JavaThread "Unconstrained build operations Thread 15"        [_thread_blocked, id=21108, stack(0x000000eba0f00000,0x000000eba1000000) (1024K)]
  0x0000027f64e44a30 JavaThread "Unconstrained build operations Thread 16"        [_thread_blocked, id=20136, stack(0x000000eba1000000,0x000000eba1100000) (1024K)]
  0x0000027f64e46470 JavaThread "Unconstrained build operations Thread 17"        [_thread_blocked, id=34444, stack(0x000000eba1100000,0x000000eba1200000) (1024K)]
  0x0000027f65327440 JavaThread "Unconstrained build operations Thread 18"        [_thread_blocked, id=21048, stack(0x000000eba1200000,0x000000eba1300000) (1024K)]
  0x0000027f65329ba0 JavaThread "Unconstrained build operations Thread 19"        [_thread_blocked, id=34284, stack(0x000000eba1300000,0x000000eba1400000) (1024K)]
  0x0000027f6532c990 JavaThread "Unconstrained build operations Thread 20"        [_thread_blocked, id=33380, stack(0x000000eba1400000,0x000000eba1500000) (1024K)]
  0x0000027f65327ad0 JavaThread "Unconstrained build operations Thread 21"        [_thread_blocked, id=39512, stack(0x000000eba1500000,0x000000eba1600000) (1024K)]
  0x0000027f6532d020 JavaThread "Unconstrained build operations Thread 22"        [_thread_blocked, id=3744, stack(0x000000eba1600000,0x000000eba1700000) (1024K)]
  0x0000027f65328160 JavaThread "Unconstrained build operations Thread 23"        [_thread_blocked, id=37180, stack(0x000000eba1700000,0x000000eba1800000) (1024K)]
  0x0000027f6532d6b0 JavaThread "Unconstrained build operations Thread 24"        [_thread_blocked, id=1212, stack(0x000000eba1800000,0x000000eba1900000) (1024K)]
  0x0000027f6532dd40 JavaThread "Unconstrained build operations Thread 25"        [_thread_blocked, id=5196, stack(0x000000eba1900000,0x000000eba1a00000) (1024K)]
  0x0000027f65326db0 JavaThread "Unconstrained build operations Thread 26"        [_thread_blocked, id=31612, stack(0x000000eba1a00000,0x000000eba1b00000) (1024K)]
  0x0000027f6532a230 JavaThread "Unconstrained build operations Thread 27"        [_thread_blocked, id=29432, stack(0x000000eba1b00000,0x000000eba1c00000) (1024K)]
  0x0000027f653287f0 JavaThread "Unconstrained build operations Thread 28"        [_thread_blocked, id=36244, stack(0x000000eba1c00000,0x000000eba1d00000) (1024K)]
  0x0000027f6532a8c0 JavaThread "Unconstrained build operations Thread 29"        [_thread_blocked, id=11812, stack(0x000000eba1d00000,0x000000eba1e00000) (1024K)]
  0x0000027f6532bc70 JavaThread "Unconstrained build operations Thread 30"        [_thread_blocked, id=33952, stack(0x000000eba1e00000,0x000000eba1f00000) (1024K)]
  0x0000027f6532e3d0 JavaThread "Unconstrained build operations Thread 31"        [_thread_blocked, id=13608, stack(0x000000eba1f00000,0x000000eba2000000) (1024K)]
  0x0000027f65329510 JavaThread "Unconstrained build operations Thread 32"        [_thread_blocked, id=5324, stack(0x000000eba2000000,0x000000eba2100000) (1024K)]
  0x0000027f65328e80 JavaThread "Unconstrained build operations Thread 33"        [_thread_blocked, id=39544, stack(0x000000eba2100000,0x000000eba2200000) (1024K)]
  0x0000027f6532af50 JavaThread "Unconstrained build operations Thread 34"        [_thread_blocked, id=38688, stack(0x000000eba2200000,0x000000eba2300000) (1024K)]
  0x0000027f6532b5e0 JavaThread "Unconstrained build operations Thread 35"        [_thread_blocked, id=20928, stack(0x000000eba2300000,0x000000eba2400000) (1024K)]
  0x0000027f6532c300 JavaThread "Unconstrained build operations Thread 36"        [_thread_blocked, id=37768, stack(0x000000eba2400000,0x000000eba2500000) (1024K)]
  0x0000027f654ebf00 JavaThread "Unconstrained build operations Thread 37"        [_thread_blocked, id=27568, stack(0x000000eba2500000,0x000000eba2600000) (1024K)]
  0x0000027f654ec590 JavaThread "Unconstrained build operations Thread 38"        [_thread_blocked, id=35804, stack(0x000000eba2600000,0x000000eba2700000) (1024K)]
  0x0000027f654e76d0 JavaThread "Unconstrained build operations Thread 39"        [_thread_blocked, id=41604, stack(0x000000eba2700000,0x000000eba2800000) (1024K)]
  0x0000027f654e97a0 JavaThread "Unconstrained build operations Thread 40"        [_thread_blocked, id=37348, stack(0x000000eba2800000,0x000000eba2900000) (1024K)]
  0x0000027f654ecc20 JavaThread "Unconstrained build operations Thread 41"        [_thread_blocked, id=3056, stack(0x000000eba2900000,0x000000eba2a00000) (1024K)]
  0x0000027f654e9110 JavaThread "Unconstrained build operations Thread 42"        [_thread_blocked, id=5740, stack(0x000000eba2a00000,0x000000eba2b00000) (1024K)]
  0x0000027f654ed2b0 JavaThread "Unconstrained build operations Thread 43"        [_thread_blocked, id=30472, stack(0x000000eba2b00000,0x000000eba2c00000) (1024K)]
  0x0000027f654e9e30 JavaThread "Unconstrained build operations Thread 44"        [_thread_blocked, id=6320, stack(0x000000eba2c00000,0x000000eba2d00000) (1024K)]
  0x0000027f654e6320 JavaThread "Unconstrained build operations Thread 45"        [_thread_blocked, id=34196, stack(0x000000eba2d00000,0x000000eba2e00000) (1024K)]
  0x0000027f654ed940 JavaThread "Unconstrained build operations Thread 46"        [_thread_blocked, id=20032, stack(0x000000eba2e00000,0x000000eba2f00000) (1024K)]
  0x0000027f654ea4c0 JavaThread "Unconstrained build operations Thread 47"        [_thread_blocked, id=31556, stack(0x000000eba2f00000,0x000000eba3000000) (1024K)]
  0x0000027f654e69b0 JavaThread "Unconstrained build operations Thread 48"        [_thread_blocked, id=29972, stack(0x000000eba3000000,0x000000eba3100000) (1024K)]
  0x0000027f654e7d60 JavaThread "build event listener"              [_thread_blocked, id=13028, stack(0x000000eba3100000,0x000000eba3200000) (1024K)]
  0x0000027f654e7040 JavaThread "Memory manager"                    [_thread_blocked, id=40536, stack(0x000000eba3200000,0x000000eba3300000) (1024K)]
  0x0000027f654eab50 JavaThread "build event listener"              [_thread_blocked, id=38668, stack(0x000000eba3300000,0x000000eba3400000) (1024K)]
  0x0000027f660746a0 JavaThread "Unconstrained build operations Thread 49"        [_thread_blocked, id=32304, stack(0x000000eba3400000,0x000000eba3500000) (1024K)]
  0x0000027f6607bcc0 JavaThread "Unconstrained build operations Thread 50"        [_thread_blocked, id=39028, stack(0x000000eba3500000,0x000000eba3600000) (1024K)]
  0x0000027f66074d30 JavaThread "Unconstrained build operations Thread 51"        [_thread_blocked, id=31124, stack(0x000000eba3600000,0x000000eba3700000) (1024K)]
  0x0000027f65759ba0 JavaThread "Unconstrained build operations Thread 52"        [_thread_blocked, id=40124, stack(0x000000eba3700000,0x000000eba3800000) (1024K)]
  0x0000027f65756720 JavaThread "Unconstrained build operations Thread 53"        [_thread_blocked, id=38488, stack(0x000000eba3800000,0x000000eba3900000) (1024K)]
  0x0000027f65756db0 JavaThread "Unconstrained build operations Thread 54"        [_thread_blocked, id=39852, stack(0x000000eba3900000,0x000000eba3a00000) (1024K)]
  0x0000027f6575b5e0 JavaThread "Unconstrained build operations Thread 55"        [_thread_blocked, id=40424, stack(0x000000eba3a00000,0x000000eba3b00000) (1024K)]
  0x0000027f65757440 JavaThread "Unconstrained build operations Thread 56"        [_thread_blocked, id=38904, stack(0x000000eba3b00000,0x000000eba3c00000) (1024K)]
  0x0000027f657587f0 JavaThread "Unconstrained build operations Thread 57"        [_thread_blocked, id=35868, stack(0x000000eba3c00000,0x000000eba3d00000) (1024K)]
  0x0000027f6575a230 JavaThread "Unconstrained build operations Thread 58"        [_thread_blocked, id=18364, stack(0x000000eba3d00000,0x000000eba3e00000) (1024K)]
  0x0000027f65758e80 JavaThread "Unconstrained build operations Thread 59"        [_thread_blocked, id=39956, stack(0x000000eba3e00000,0x000000eba3f00000) (1024K)]
  0x0000027f65759510 JavaThread "Unconstrained build operations Thread 60"        [_thread_blocked, id=31368, stack(0x000000eba3f00000,0x000000eba4000000) (1024K)]
  0x0000027f6575a8c0 JavaThread "Unconstrained build operations Thread 61"        [_thread_blocked, id=1036, stack(0x000000eba4000000,0x000000eba4100000) (1024K)]
  0x0000027f65758160 JavaThread "Unconstrained build operations Thread 62"        [_thread_blocked, id=9840, stack(0x000000eba4100000,0x000000eba4200000) (1024K)]
  0x0000027f65757ad0 JavaThread "Unconstrained build operations Thread 63"        [_thread_blocked, id=40744, stack(0x000000eba4200000,0x000000eba4300000) (1024K)]
  0x0000027f6575af50 JavaThread "Unconstrained build operations Thread 64"        [_thread_blocked, id=32744, stack(0x000000eba4300000,0x000000eba4400000) (1024K)]
  0x0000027f6575bc70 JavaThread "Unconstrained build operations Thread 65"        [_thread_blocked, id=38648, stack(0x000000eba4400000,0x000000eba4500000) (1024K)]
  0x0000027f65754ce0 JavaThread "Unconstrained build operations Thread 66"        [_thread_blocked, id=28004, stack(0x000000eba4500000,0x000000eba4600000) (1024K)]
  0x0000027f6575c300 JavaThread "Unconstrained build operations Thread 67"        [_thread_blocked, id=39672, stack(0x000000eba4600000,0x000000eba4700000) (1024K)]
  0x0000027f65755370 JavaThread "Unconstrained build operations Thread 68"        [_thread_blocked, id=16340, stack(0x000000eba4700000,0x000000eba4800000) (1024K)]
  0x0000027f65755a00 JavaThread "Unconstrained build operations Thread 69"        [_thread_blocked, id=21220, stack(0x000000eba4800000,0x000000eba4900000) (1024K)]
  0x0000027f65756090 JavaThread "Unconstrained build operations Thread 70"        [_thread_blocked, id=35092, stack(0x000000eba4900000,0x000000eba4a00000) (1024K)]
  0x0000027f671a9810 JavaThread "Unconstrained build operations Thread 71"        [_thread_blocked, id=34720, stack(0x000000eba4a00000,0x000000eba4b00000) (1024K)]
  0x0000027f671a8af0 JavaThread "Unconstrained build operations Thread 72"        [_thread_blocked, id=41240, stack(0x000000eba4b00000,0x000000eba4c00000) (1024K)]
  0x0000027f671a7dd0 JavaThread "Unconstrained build operations Thread 73"        [_thread_blocked, id=26012, stack(0x000000eba4c00000,0x000000eba4d00000) (1024K)]
  0x0000027f671a4950 JavaThread "Unconstrained build operations Thread 74"        [_thread_blocked, id=21436, stack(0x000000eba4d00000,0x000000eba4e00000) (1024K)]
  0x0000027f671a9180 JavaThread "Unconstrained build operations Thread 75"        [_thread_blocked, id=32328, stack(0x000000eba4e00000,0x000000eba4f00000) (1024K)]
  0x0000027f671a4fe0 JavaThread "Unconstrained build operations Thread 76"        [_thread_blocked, id=9016, stack(0x000000eba4f00000,0x000000eba5000000) (1024K)]
  0x0000027f671a5670 JavaThread "Unconstrained build operations Thread 77"        [_thread_blocked, id=36220, stack(0x000000eba5000000,0x000000eba5100000) (1024K)]
  0x0000027f671a35a0 JavaThread "Unconstrained build operations Thread 78"        [_thread_blocked, id=34544, stack(0x000000eba5100000,0x000000eba5200000) (1024K)]
  0x0000027f671aabc0 JavaThread "Unconstrained build operations Thread 79"        [_thread_blocked, id=12556, stack(0x000000eba5200000,0x000000eba5300000) (1024K)]
  0x0000027f671a70b0 JavaThread "Unconstrained build operations Thread 80"        [_thread_blocked, id=15044, stack(0x000000eba5300000,0x000000eba5400000) (1024K)]
  0x0000027f671a7740 JavaThread "Unconstrained build operations Thread 81"        [_thread_blocked, id=32292, stack(0x000000eba5400000,0x000000eba5500000) (1024K)]
  0x0000027f671a8460 JavaThread "Unconstrained build operations Thread 82"        [_thread_blocked, id=456, stack(0x000000eba5500000,0x000000eba5600000) (1024K)]
  0x0000027f671a9ea0 JavaThread "Unconstrained build operations Thread 83"        [_thread_blocked, id=8952, stack(0x000000eba5600000,0x000000eba5700000) (1024K)]
  0x0000027f671a6390 JavaThread "Unconstrained build operations Thread 84"        [_thread_blocked, id=38392, stack(0x000000eba5700000,0x000000eba5800000) (1024K)]
  0x0000027f671a6a20 JavaThread "Unconstrained build operations Thread 85"        [_thread_blocked, id=29872, stack(0x000000eba5800000,0x000000eba5900000) (1024K)]
  0x0000027f678940a0 JavaThread "included builds"                   [_thread_blocked, id=37104, stack(0x000000eba5900000,0x000000eba5a00000) (1024K)]
  0x0000027f6789a310 JavaThread "Execution worker"                  [_thread_blocked, id=34176, stack(0x000000eba5a00000,0x000000eba5b00000) (1024K)]
  0x0000027f6789b030 JavaThread "Execution worker Thread 2"         [_thread_blocked, id=4080, stack(0x000000eba5b00000,0x000000eba5c00000) (1024K)]
  0x0000027f67896170 JavaThread "Execution worker Thread 3"         [_thread_blocked, id=34636, stack(0x000000eba5c00000,0x000000eba5d00000) (1024K)]
  0x0000027f67896e90 JavaThread "Execution worker Thread 4"         [_thread_blocked, id=40688, stack(0x000000eba5d00000,0x000000eba5e00000) (1024K)]
  0x0000027f67895450 JavaThread "Execution worker Thread 5"         [_thread_blocked, id=40484, stack(0x000000eba5e00000,0x000000eba5f00000) (1024K)]
  0x0000027f6789a9a0 JavaThread "Execution worker Thread 6"         [_thread_blocked, id=40448, stack(0x000000eba5f00000,0x000000eba6000000) (1024K)]
  0x0000027f67895ae0 JavaThread "Execution worker Thread 7"         [_thread_blocked, id=30592, stack(0x000000eba6000000,0x000000eba6100000) (1024K)]
  0x0000027f6789b6c0 JavaThread "Execution worker Thread 8"         [_thread_blocked, id=9624, stack(0x000000eba6100000,0x000000eba6200000) (1024K)]
  0x0000027f67894730 JavaThread "Execution worker Thread 9"         [_thread_blocked, id=31788, stack(0x000000eba6200000,0x000000eba6300000) (1024K)]
  0x0000027f67896800 JavaThread "Execution worker Thread 10"        [_thread_blocked, id=2236, stack(0x000000eba6300000,0x000000eba6400000) (1024K)]
  0x0000027f67894dc0 JavaThread "Execution worker Thread 11"        [_thread_blocked, id=36404, stack(0x000000eba6400000,0x000000eba6500000) (1024K)]
  0x0000027f67897520 JavaThread "Execution worker Thread 12"        [_thread_blocked, id=27076, stack(0x000000eba6500000,0x000000eba6600000) (1024K)]
  0x0000027f67897bb0 JavaThread "Execution worker Thread 13"        [_thread_blocked, id=32984, stack(0x000000eba6600000,0x000000eba6700000) (1024K)]
  0x0000027f67898f60 JavaThread "Execution worker Thread 14"        [_thread_blocked, id=39252, stack(0x000000eba6700000,0x000000eba6800000) (1024K)]
  0x0000027f678995f0 JavaThread "Execution worker Thread 15"        [_thread_blocked, id=35432, stack(0x000000eba6800000,0x000000eba6900000) (1024K)]
  0x0000027f66077b20 JavaThread "Execution worker Thread 16"        [_thread_blocked, id=39376, stack(0x000000eba6900000,0x000000eba6a00000) (1024K)]
  0x0000027f6607b630 JavaThread "Execution worker Thread 17"        [_thread_blocked, id=37680, stack(0x000000eba6a00000,0x000000eba6b00000) (1024K)]
  0x0000027f66077490 JavaThread "Execution worker Thread 18"        [_thread_blocked, id=18200, stack(0x000000eba6b00000,0x000000eba6c00000) (1024K)]
  0x0000027f660753c0 JavaThread "Execution worker Thread 19"        [_thread_blocked, id=30188, stack(0x000000eba6c00000,0x000000eba6d00000) (1024K)]
  0x0000027f66078ed0 JavaThread "Cache worker for execution history cache (D:\学科作业\软件开发\poetry-promotion-system\.gradle\8.7\executionHistory)"        [_thread_blocked, id=40376, stack(0x000000eba6d00000,0x000000eba6e00000) (1024K)]
  0x0000027f66079bf0 JavaThread "Unconstrained build operations Thread 86"        [_thread_blocked, id=40784, stack(0x000000eba6e00000,0x000000eba6f00000) (1024K)]
  0x0000027f6607a280 JavaThread "Unconstrained build operations Thread 87"        [_thread_blocked, id=35100, stack(0x000000eba6f00000,0x000000eba7000000) (1024K)]
  0x0000027f671a42c0 JavaThread "Unconstrained build operations Thread 88"        [_thread_blocked, id=35264, stack(0x000000eba7000000,0x000000eba7100000) (1024K)]
  0x0000027f671a5d00 JavaThread "Unconstrained build operations Thread 89"        [_thread_blocked, id=18580, stack(0x000000eba7100000,0x000000eba7200000) (1024K)]
  0x0000027f67899c80 JavaThread "Unconstrained build operations Thread 90"        [_thread_blocked, id=36212, stack(0x000000eba7200000,0x000000eba7300000) (1024K)]
  0x0000027f6c25bd40 JavaThread "Unconstrained build operations Thread 91"        [_thread_blocked, id=33968, stack(0x000000eba7300000,0x000000eba7400000) (1024K)]
  0x0000027f6c25ca60 JavaThread "Unconstrained build operations Thread 92"        [_thread_blocked, id=29980, stack(0x000000eba7400000,0x000000eba7500000) (1024K)]
  0x0000027f6c25de10 JavaThread "Unconstrained build operations Thread 93"        [_thread_blocked, id=38728, stack(0x000000eba7500000,0x000000eba7600000) (1024K)]
  0x0000027f6c25b020 JavaThread "Unconstrained build operations Thread 94"        [_thread_blocked, id=30976, stack(0x000000eba7600000,0x000000eba7700000) (1024K)]
  0x0000027f6c25a300 JavaThread "Unconstrained build operations Thread 95"        [_thread_blocked, id=24524, stack(0x000000eba7700000,0x000000eba7800000) (1024K)]
  0x0000027f6c25d0f0 JavaThread "Unconstrained build operations Thread 96"        [_thread_blocked, id=34576, stack(0x000000eba7800000,0x000000eba7900000) (1024K)]
  0x0000027f6c257ba0 JavaThread "Unconstrained build operations Thread 97"        [_thread_blocked, id=20260, stack(0x000000eba7900000,0x000000eba7a00000) (1024K)]
  0x0000027f6c25c3d0 JavaThread "Unconstrained build operations Thread 98"        [_thread_blocked, id=13548, stack(0x000000eba7a00000,0x000000eba7b00000) (1024K)]
  0x0000027f6c25d780 JavaThread "Unconstrained build operations Thread 99"        [_thread_blocked, id=25824, stack(0x000000eba7b00000,0x000000eba7c00000) (1024K)]
  0x0000027f6c25e4a0 JavaThread "Unconstrained build operations Thread 100"        [_thread_blocked, id=2112, stack(0x000000eba7c00000,0x000000eba7d00000) (1024K)]
  0x0000027f6c25b6b0 JavaThread "Unconstrained build operations Thread 101"        [_thread_blocked, id=39840, stack(0x000000eba7d00000,0x000000eba7e00000) (1024K)]
  0x0000027f6c259c70 JavaThread "Unconstrained build operations Thread 102"        [_thread_blocked, id=1680, stack(0x000000eba7e00000,0x000000eba7f00000) (1024K)]
  0x0000027f6c258f50 JavaThread "Unconstrained build operations Thread 103"        [_thread_blocked, id=40532, stack(0x000000eba7f00000,0x000000eba8000000) (1024K)]
  0x0000027f6c2595e0 JavaThread "Unconstrained build operations Thread 104"        [_thread_blocked, id=40188, stack(0x000000eba8000000,0x000000eba8100000) (1024K)]
  0x0000027f6c0b05b0 JavaThread "Unconstrained build operations Thread 105"        [_thread_blocked, id=39676, stack(0x000000eba8100000,0x000000eba8200000) (1024K)]
  0x0000027f6c0b0c40 JavaThread "Unconstrained build operations Thread 106"        [_thread_blocked, id=40236, stack(0x000000eba8200000,0x000000eba8300000) (1024K)]
  0x0000027f6c0b12d0 JavaThread "Unconstrained build operations Thread 107"        [_thread_blocked, id=23152, stack(0x000000eba8300000,0x000000eba8400000) (1024K)]
  0x0000027f6c0b1960 JavaThread "Unconstrained build operations Thread 108"        [_thread_blocked, id=28588, stack(0x000000eba8400000,0x000000eba8500000) (1024K)]
  0x0000027f6c0b1ff0 JavaThread "Unconstrained build operations Thread 109"        [_thread_blocked, id=36200, stack(0x000000eba8500000,0x000000eba8600000) (1024K)]
  0x0000027f6c0ae4e0 JavaThread "Unconstrained build operations Thread 110"        [_thread_blocked, id=9520, stack(0x000000eba8600000,0x000000eba8700000) (1024K)]
  0x0000027f6c0aeb70 JavaThread "Unconstrained build operations Thread 111"        [_thread_blocked, id=37192, stack(0x000000eba8700000,0x000000eba8800000) (1024K)]
  0x0000027f6c0b2680 JavaThread "Unconstrained build operations Thread 112"        [_thread_blocked, id=23392, stack(0x000000eba8800000,0x000000eba8900000) (1024K)]
  0x0000027f6c0ac410 JavaThread "Unconstrained build operations Thread 113"        [_thread_blocked, id=5284, stack(0x000000eba8900000,0x000000eba8a00000) (1024K)]
  0x0000027f6c0b2d10 JavaThread "Unconstrained build operations Thread 114"        [_thread_blocked, id=39036, stack(0x000000eba8a00000,0x000000eba8b00000) (1024K)]
  0x0000027f6c0abd80 JavaThread "Unconstrained build operations Thread 115"        [_thread_blocked, id=21128, stack(0x000000eba8b00000,0x000000eba8c00000) (1024K)]
  0x0000027f6c0b9610 JavaThread "Unconstrained build operations Thread 116"        [_thread_blocked, id=25988, stack(0x000000eba8c00000,0x000000eba8d00000) (1024K)]
  0x0000027f6c0b8260 JavaThread "Unconstrained build operations Thread 117"        [_thread_blocked, id=19404, stack(0x000000eba8d00000,0x000000eba8e00000) (1024K)]
  0x0000027f6c0b88f0 JavaThread "Unconstrained build operations Thread 118"        [_thread_blocked, id=30500, stack(0x000000eba8e00000,0x000000eba8f00000) (1024K)]
  0x0000027f6c0b5b00 JavaThread "Unconstrained build operations Thread 119"        [_thread_blocked, id=25876, stack(0x000000eba8f00000,0x000000eba9000000) (1024K)]
  0x0000027f6c0b9ca0 JavaThread "Unconstrained build operations Thread 120"        [_thread_blocked, id=15944, stack(0x000000eba9000000,0x000000eba9100000) (1024K)]
  0x0000027f6c0ba330 JavaThread "Unconstrained build operations Thread 121"        [_thread_blocked, id=27584, stack(0x000000eba9100000,0x000000eba9200000) (1024K)]
  0x0000027f6c0b6820 JavaThread "Unconstrained build operations Thread 122"        [_thread_blocked, id=35760, stack(0x000000eba9200000,0x000000eba9300000) (1024K)]
  0x0000027f6c0b6190 JavaThread "Unconstrained build operations Thread 123"        [_thread_blocked, id=15356, stack(0x000000eba9300000,0x000000eba9400000) (1024K)]
  0x0000027f6c0b6eb0 JavaThread "Unconstrained build operations Thread 124"        [_thread_blocked, id=40128, stack(0x000000eba9400000,0x000000eba9500000) (1024K)]
  0x0000027f6c0b33a0 JavaThread "Unconstrained build operations Thread 125"        [_thread_blocked, id=3176, stack(0x000000eba9500000,0x000000eba9600000) (1024K)]
  0x0000027f6c0b4750 JavaThread "Unconstrained build operations Thread 126"        [_thread_blocked, id=28284, stack(0x000000eba9600000,0x000000eba9700000) (1024K)]
  0x0000027f6c0b3a30 JavaThread "Unconstrained build operations Thread 127"        [_thread_blocked, id=41824, stack(0x000000eba9700000,0x000000eba9800000) (1024K)]
  0x0000027f6c0b40c0 JavaThread "Unconstrained build operations Thread 128"        [_thread_blocked, id=37416, stack(0x000000eba9800000,0x000000eba9900000) (1024K)]
  0x0000027f6c0b4de0 JavaThread "Unconstrained build operations Thread 129"        [_thread_blocked, id=26196, stack(0x000000eba9900000,0x000000eba9a00000) (1024K)]
  0x0000027f6c0b5470 JavaThread "Unconstrained build operations Thread 130"        [_thread_blocked, id=11764, stack(0x000000eba9a00000,0x000000eba9b00000) (1024K)]
  0x0000027f6c0b7540 JavaThread "Unconstrained build operations Thread 131"        [_thread_blocked, id=28048, stack(0x000000eba9b00000,0x000000eba9c00000) (1024K)]
  0x0000027f61b4c030 JavaThread "WorkerExecutor Queue"              [_thread_blocked, id=34668, stack(0x000000eba9c00000,0x000000eba9d00000) (1024K)]
  0x0000027f61b48bb0 JavaThread "Unconstrained build operations Thread 132"        [_thread_blocked, id=25756, stack(0x000000eba9d00000,0x000000eba9e00000) (1024K)]
  0x0000027f61b4cd50 JavaThread "WorkerExecutor Queue Thread 2"        [_thread_blocked, id=33928, stack(0x000000eba9e00000,0x000000eba9f00000) (1024K)]
  0x0000027f61b4b9a0 JavaThread "Unconstrained build operations Thread 133"        [_thread_blocked, id=5552, stack(0x000000eba9f00000,0x000000ebaa000000) (1024K)]
  0x0000027f61b47e90 JavaThread "Unconstrained build operations Thread 134"        [_thread_blocked, id=13712, stack(0x000000ebaa000000,0x000000ebaa100000) (1024K)]
  0x0000027f61b4e790 JavaThread "Unconstrained build operations Thread 135"        [_thread_blocked, id=9348, stack(0x000000ebaa100000,0x000000ebaa200000) (1024K)]
  0x0000027f61b4ac80 JavaThread "Unconstrained build operations Thread 136"        [_thread_blocked, id=29464, stack(0x000000ebaa200000,0x000000ebaa300000) (1024K)]
  0x0000027f61b4d3e0 JavaThread "Unconstrained build operations Thread 137"        [_thread_in_native, id=25200, stack(0x000000ebaa300000,0x000000ebaa400000) (1024K)]
  0x0000027f61b4e100 JavaThread "Unconstrained build operations Thread 138"        [_thread_blocked, id=34272, stack(0x000000ebaa400000,0x000000ebaa500000) (1024K)]
  0x0000027f61b4da70 JavaThread "Unconstrained build operations Thread 139"        [_thread_blocked, id=924, stack(0x000000ebaa500000,0x000000ebaa600000) (1024K)]
  0x0000027f61b48520 JavaThread "Unconstrained build operations Thread 140"        [_thread_blocked, id=41664, stack(0x000000ebaa600000,0x000000ebaa700000) (1024K)]
  0x0000027f61b4f4b0 JavaThread "Unconstrained build operations Thread 141"        [_thread_blocked, id=39316, stack(0x000000ebaa700000,0x000000ebaa800000) (1024K)]
  0x0000027f61b49240 JavaThread "Unconstrained build operations Thread 142"        [_thread_blocked, id=20616, stack(0x000000ebaa800000,0x000000ebaa900000) (1024K)]
  0x0000027f61b4c6c0 JavaThread "Unconstrained build operations Thread 143"        [_thread_blocked, id=13424, stack(0x000000ebaa900000,0x000000ebaaa00000) (1024K)]
  0x0000027f61b498d0 JavaThread "Unconstrained build operations Thread 144"        [_thread_blocked, id=39480, stack(0x000000ebaaa00000,0x000000ebaab00000) (1024K)]
  0x0000027f61b49f60 JavaThread "Unconstrained build operations Thread 145"        [_thread_blocked, id=40732, stack(0x000000ebaab00000,0x000000ebaac00000) (1024K)]
  0x0000027f61b4a5f0 JavaThread "Unconstrained build operations Thread 146"        [_thread_blocked, id=39628, stack(0x000000ebaac00000,0x000000ebaad00000) (1024K)]
  0x0000027f61b4b310 JavaThread "Unconstrained build operations Thread 147"        [_thread_blocked, id=40480, stack(0x000000ebaad00000,0x000000ebaae00000) (1024K)]
  0x0000027f62bdada0 JavaThread "Unconstrained build operations Thread 148"        [_thread_blocked, id=7352, stack(0x000000ebaae00000,0x000000ebaaf00000) (1024K)]
  0x0000027f62bd8cd0 JavaThread "Unconstrained build operations Thread 149"        [_thread_blocked, id=22100, stack(0x000000ebaaf00000,0x000000ebab000000) (1024K)]
  0x0000027f62bdb430 JavaThread "Unconstrained build operations Thread 150"        [_thread_blocked, id=33320, stack(0x000000ebab000000,0x000000ebab100000) (1024K)]
  0x0000027f62bdd500 JavaThread "Unconstrained build operations Thread 151"        [_thread_blocked, id=22948, stack(0x000000ebab100000,0x000000ebab200000) (1024K)]
  0x0000027f62bddb90 JavaThread "Unconstrained build operations Thread 152"        [_thread_blocked, id=14508, stack(0x000000ebab200000,0x000000ebab300000) (1024K)]
  0x0000027f62bd99f0 JavaThread "Unconstrained build operations Thread 153"        [_thread_blocked, id=25696, stack(0x000000ebab300000,0x000000ebab400000) (1024K)]
  0x0000027f62bde8b0 JavaThread "Unconstrained build operations Thread 154"        [_thread_blocked, id=10672, stack(0x000000ebab400000,0x000000ebab500000) (1024K)]
  0x0000027f62bdce70 JavaThread "Unconstrained build operations Thread 155"        [_thread_blocked, id=40692, stack(0x000000ebab500000,0x000000ebab600000) (1024K)]
  0x0000027f62bd9360 JavaThread "Unconstrained build operations Thread 156"        [_thread_blocked, id=41208, stack(0x000000ebab600000,0x000000ebab700000) (1024K)]
  0x0000027f62bda080 JavaThread "Unconstrained build operations Thread 157"        [_thread_blocked, id=40084, stack(0x000000ebab700000,0x000000ebab800000) (1024K)]
  0x0000027f62bdc150 JavaThread "Unconstrained build operations Thread 158"        [_thread_blocked, id=34740, stack(0x000000ebab800000,0x000000ebab900000) (1024K)]
  0x0000027f62bdbac0 JavaThread "Unconstrained build operations Thread 159"        [_thread_blocked, id=11020, stack(0x000000ebab900000,0x000000ebaba00000) (1024K)]
  0x0000027f62bdef40 JavaThread "Unconstrained build operations Thread 160"        [_thread_blocked, id=16912, stack(0x000000ebaba00000,0x000000ebabb00000) (1024K)]
  0x0000027f62bd8640 JavaThread "Unconstrained build operations Thread 161"        [_thread_blocked, id=16180, stack(0x000000ebabb00000,0x000000ebabc00000) (1024K)]
  0x0000027f62bd7fb0 JavaThread "Unconstrained build operations Thread 162"        [_thread_blocked, id=26456, stack(0x000000ebabe00000,0x000000ebabf00000) (1024K)]
  0x0000027f62bdf5d0 JavaThread "Unconstrained build operations Thread 163"        [_thread_blocked, id=39420, stack(0x000000ebabf00000,0x000000ebac000000) (1024K)]
  0x0000027f62bda710 JavaThread "Unconstrained build operations Thread 164"        [_thread_blocked, id=12800, stack(0x000000ebac000000,0x000000ebac100000) (1024K)]
  0x0000027f62bdc7e0 JavaThread "Unconstrained build operations Thread 165"        [_thread_blocked, id=37112, stack(0x000000ebac100000,0x000000ebac200000) (1024K)]
  0x0000027f6c25eb30 JavaThread "Unconstrained build operations Thread 166"        [_thread_blocked, id=5072, stack(0x000000ebac200000,0x000000ebac300000) (1024K)]
  0x0000027f6c258230 JavaThread "Unconstrained build operations Thread 167"        [_thread_blocked, id=31616, stack(0x000000ebac300000,0x000000ebac400000) (1024K)]
  0x0000027f6c2588c0 JavaThread "Unconstrained build operations Thread 168"        [_thread_blocked, id=14904, stack(0x000000ebac400000,0x000000ebac500000) (1024K)]
  0x0000027f6c260570 JavaThread "Unconstrained build operations Thread 169"        [_thread_blocked, id=36008, stack(0x000000ebac500000,0x000000ebac600000) (1024K)]
  0x0000027f6c25fee0 JavaThread "Unconstrained build operations Thread 170"        [_thread_blocked, id=41352, stack(0x000000ebac600000,0x000000ebac700000) (1024K)]
  0x0000027f6c25f1c0 JavaThread "Unconstrained build operations Thread 171"        [_thread_blocked, id=17964, stack(0x000000ebac700000,0x000000ebac800000) (1024K)]
  0x0000027f6c260c00 JavaThread "Unconstrained build operations Thread 172"        [_thread_blocked, id=39464, stack(0x000000ebac800000,0x000000ebac900000) (1024K)]
  0x0000027f6c261290 JavaThread "Unconstrained build operations Thread 173"        [_thread_blocked, id=35368, stack(0x000000ebac900000,0x000000ebaca00000) (1024K)]
  0x0000027f6c261920 JavaThread "Unconstrained build operations Thread 174"        [_thread_blocked, id=26584, stack(0x000000ebaca00000,0x000000ebacb00000) (1024K)]
  0x0000027f6c25a990 JavaThread "Unconstrained build operations Thread 175"        [_thread_blocked, id=12200, stack(0x000000ebacb00000,0x000000ebacc00000) (1024K)]
  0x0000027f6c266150 JavaThread "Unconstrained build operations Thread 176"        [_thread_blocked, id=15848, stack(0x000000ebacc00000,0x000000ebacd00000) (1024K)]
  0x0000027f6c264080 JavaThread "Unconstrained build operations Thread 177"        [_thread_blocked, id=38952, stack(0x000000ebacd00000,0x000000ebace00000) (1024K)]
  0x0000027f6c266e70 JavaThread "Unconstrained build operations Thread 178"        [_thread_blocked, id=29964, stack(0x000000ebace00000,0x000000ebacf00000) (1024K)]
  0x0000027f6c261fb0 JavaThread "Unconstrained build operations Thread 179"        [_thread_blocked, id=34224, stack(0x000000ebacf00000,0x000000ebad000000) (1024K)]
  0x0000027f6c262640 JavaThread "Unconstrained build operations Thread 180"        [_thread_blocked, id=41876, stack(0x000000ebad000000,0x000000ebad100000) (1024K)]
  0x0000027f6c262cd0 JavaThread "Unconstrained build operations Thread 181"        [_thread_blocked, id=33288, stack(0x000000ebad100000,0x000000ebad200000) (1024K)]
  0x0000027f6c263360 JavaThread "Unconstrained build operations Thread 182"        [_thread_blocked, id=26244, stack(0x000000ebad200000,0x000000ebad300000) (1024K)]
  0x0000027f6c2639f0 JavaThread "Unconstrained build operations Thread 183"        [_thread_blocked, id=38484, stack(0x000000ebad300000,0x000000ebad400000) (1024K)]
  0x0000027f6c264710 JavaThread "Unconstrained build operations Thread 184"        [_thread_blocked, id=33096, stack(0x000000ebad400000,0x000000ebad500000) (1024K)]
  0x0000027f6c265ac0 JavaThread "Unconstrained build operations Thread 185"        [_thread_blocked, id=7696, stack(0x000000ebad500000,0x000000ebad600000) (1024K)]
  0x0000027f6c264da0 JavaThread "Unconstrained build operations Thread 186"        [_thread_blocked, id=36380, stack(0x000000ebad600000,0x000000ebad700000) (1024K)]
  0x0000027f6c265430 JavaThread "Unconstrained build operations Thread 187"        [_thread_blocked, id=34208, stack(0x000000ebad700000,0x000000ebad800000) (1024K)]
  0x0000027f6c0acaa0 JavaThread "Unconstrained build operations Thread 188"        [_thread_blocked, id=24024, stack(0x000000ebad800000,0x000000ebad900000) (1024K)]
  0x0000027f6c0af890 JavaThread "Unconstrained build operations Thread 189"        [_thread_blocked, id=38144, stack(0x000000ebad900000,0x000000ebada00000) (1024K)]
  0x0000027f6c0ab6f0 JavaThread "Unconstrained build operations Thread 190"        [_thread_blocked, id=35124, stack(0x000000ebada00000,0x000000ebadb00000) (1024K)]
  0x0000027f6c0ad7c0 JavaThread "Unconstrained build operations Thread 191"        [_thread_blocked, id=26020, stack(0x000000ebadb00000,0x000000ebadc00000) (1024K)]
  0x0000027f6c0ad130 JavaThread "Unconstrained build operations Thread 192"        [_thread_blocked, id=27784, stack(0x000000ebadc00000,0x000000ebadd00000) (1024K)]
  0x0000027f6c0ade50 JavaThread "Unconstrained build operations Thread 193"        [_thread_blocked, id=34288, stack(0x000000ebadd00000,0x000000ebade00000) (1024K)]
  0x0000027f6c0aff20 JavaThread "Unconstrained build operations Thread 194"        [_thread_blocked, id=35932, stack(0x000000ebade00000,0x000000ebadf00000) (1024K)]
  0x0000027f6c0b8f80 JavaThread "Unconstrained build operations Thread 195"        [_thread_blocked, id=23500, stack(0x000000ebadf00000,0x000000ebae000000) (1024K)]
  0x0000027f6c0b7bd0 JavaThread "Unconstrained build operations Thread 196"        [_thread_blocked, id=41356, stack(0x000000ebae000000,0x000000ebae100000) (1024K)]
  0x0000027f67898240 JavaThread "Unconstrained build operations Thread 197"        [_thread_blocked, id=30672, stack(0x000000ebae100000,0x000000ebae200000) (1024K)]
  0x0000027f678988d0 JavaThread "Unconstrained build operations Thread 198"        [_thread_blocked, id=9160, stack(0x000000ebae200000,0x000000ebae300000) (1024K)]
  0x0000027f671aa530 JavaThread "Unconstrained build operations Thread 199"        [_thread_blocked, id=40684, stack(0x000000ebae300000,0x000000ebae400000) (1024K)]
  0x0000027f65e0e090 JavaThread "Unconstrained build operations Thread 200"        [_thread_blocked, id=24916, stack(0x000000ebae400000,0x000000ebae500000) (1024K)]
  0x0000027f65e0d370 JavaThread "WorkerExecutor Queue Thread 3"        [_thread_blocked, id=36048, stack(0x000000ebae500000,0x000000ebae600000) (1024K)]
  0x0000027f65e0da00 JavaThread "pool-3-thread-1"                   [_thread_blocked, id=32660, stack(0x000000ebae600000,0x000000ebae700000) (1024K)]
  0x0000027f65e0e720 JavaThread "stderr"                            [_thread_in_native, id=34640, stack(0x000000ebae700000,0x000000ebae800000) (1024K)]
  0x0000027f65e10e80 JavaThread "stdout"                            [_thread_in_native, id=21192, stack(0x000000ebae800000,0x000000ebae900000) (1024K)]
  0x0000027f65c6afd0 JavaThread "C2 CompilerThread1"         daemon [_thread_blocked, id=40256, stack(0x000000eb9d000000,0x000000eb9d100000) (1024K)]
  0x0000027f65c6d8b0 JavaThread "C2 CompilerThread2"         daemon [_thread_in_native, id=4212, stack(0x000000eb9d100000,0x000000eb9d200000) (1024K)]
  0x0000027f65c6b6a0 JavaThread "C2 CompilerThread3"         daemon [_thread_in_native, id=28420, stack(0x000000ebae900000,0x000000ebaea00000) (1024K)]
=>0x0000027f65c71600 JavaThread "C2 CompilerThread4"         daemon [_thread_in_native, id=30344, stack(0x000000ebaea00000,0x000000ebaeb00000) (1024K)]
  0x0000027f65c6bd70 JavaThread "C1 CompilerThread1"         daemon [_thread_blocked, id=24308, stack(0x000000ebaeb00000,0x000000ebaec00000) (1024K)]
  0x0000027f65c6c440 JavaThread "C2 CompilerThread5"         daemon [_thread_in_native, id=27776, stack(0x000000ebaec00000,0x000000ebaed00000) (1024K)]
  0x0000027f65c6d1e0 JavaThread "C2 CompilerThread6"         daemon [_thread_blocked, id=3128, stack(0x000000ebaed00000,0x000000ebaee00000) (1024K)]
  0x0000027f65c6e650 JavaThread "C2 CompilerThread7"         daemon [_thread_in_native, id=12056, stack(0x000000ebaee00000,0x000000ebaef00000) (1024K)]
Total: 278

Other Threads:
  0x0000027f5caa6dd0 VMThread "VM Thread"                           [id=19804, stack(0x000000eb9c600000,0x000000eb9c700000) (1024K)]
  0x0000027f5c023c10 WatcherThread "VM Periodic Task Thread"        [id=36756, stack(0x000000eb9c500000,0x000000eb9c600000) (1024K)]
  0x0000027f43743cf0 WorkerThread "GC Thread#0"                     [id=4368, stack(0x000000eb9c000000,0x000000eb9c100000) (1024K)]
  0x0000027f616eaca0 WorkerThread "GC Thread#1"                     [id=25840, stack(0x000000eb9d300000,0x000000eb9d400000) (1024K)]
  0x0000027f61460ac0 WorkerThread "GC Thread#2"                     [id=3780, stack(0x000000eb9d400000,0x000000eb9d500000) (1024K)]
  0x0000027f61460e60 WorkerThread "GC Thread#3"                     [id=39920, stack(0x000000eb9d500000,0x000000eb9d600000) (1024K)]
  0x0000027f61461200 WorkerThread "GC Thread#4"                     [id=27096, stack(0x000000eb9d600000,0x000000eb9d700000) (1024K)]
  0x0000027f615dfcb0 WorkerThread "GC Thread#5"                     [id=12060, stack(0x000000eb9d700000,0x000000eb9d800000) (1024K)]
  0x0000027f63595e80 WorkerThread "GC Thread#6"                     [id=13896, stack(0x000000eb9e200000,0x000000eb9e300000) (1024K)]
  0x0000027f63596220 WorkerThread "GC Thread#7"                     [id=40932, stack(0x000000eb9e300000,0x000000eb9e400000) (1024K)]
  0x0000027f633f6b50 WorkerThread "GC Thread#8"                     [id=14436, stack(0x000000eb9e400000,0x000000eb9e500000) (1024K)]
  0x0000027f633f6ef0 WorkerThread "GC Thread#9"                     [id=27904, stack(0x000000eb9e500000,0x000000eb9e600000) (1024K)]
  0x0000027f633f7290 WorkerThread "GC Thread#10"                    [id=41964, stack(0x000000eb9e600000,0x000000eb9e700000) (1024K)]
  0x0000027f633f7630 WorkerThread "GC Thread#11"                    [id=23308, stack(0x000000eb9e700000,0x000000eb9e800000) (1024K)]
  0x0000027f633f6410 WorkerThread "GC Thread#12"                    [id=16680, stack(0x000000eb9e800000,0x000000eb9e900000) (1024K)]
  0x0000027f633f79d0 WorkerThread "GC Thread#13"                    [id=37232, stack(0x000000eb9e900000,0x000000eb9ea00000) (1024K)]
  0x0000027f633f6070 WorkerThread "GC Thread#14"                    [id=7976, stack(0x000000eb9ea00000,0x000000eb9eb00000) (1024K)]
  0x0000027f43754be0 ConcurrentGCThread "G1 Main Marker"            [id=31012, stack(0x000000eb9c100000,0x000000eb9c200000) (1024K)]
  0x0000027f43755760 WorkerThread "G1 Conc#0"                       [id=40012, stack(0x000000eb9c200000,0x000000eb9c300000) (1024K)]
  0x0000027f633f67b0 WorkerThread "G1 Conc#1"                       [id=424, stack(0x000000eb9eb00000,0x000000eb9ec00000) (1024K)]
  0x0000027f635dced0 WorkerThread "G1 Conc#2"                       [id=40284, stack(0x000000eb9ec00000,0x000000eb9ed00000) (1024K)]
  0x0000027f635db570 WorkerThread "G1 Conc#3"                       [id=14324, stack(0x000000eb9ed00000,0x000000eb9ee00000) (1024K)]
  0x0000027f5bf74e40 ConcurrentGCThread "G1 Refine#0"               [id=28932, stack(0x000000eb9c300000,0x000000eb9c400000) (1024K)]
  0x0000027f5bf754d0 ConcurrentGCThread "G1 Service"                [id=31980, stack(0x000000eb9c400000,0x000000eb9c500000) (1024K)]
Total: 24

Threads with active compile tasks:
C2 CompilerThread2  18687 17344       4       org.gradle.internal.operations.DefaultBuildOperationRunner::execute (147 bytes)
C2 CompilerThread3  18687 17362       4       org.gradle.internal.operations.DefaultBuildOperationRunner::execute (23 bytes)
C2 CompilerThread4  18687 17363       4       org.gradle.internal.operations.DefaultBuildOperationRunner$2::execute (12 bytes)
C2 CompilerThread5  18687 17454       4       java.net.URLStreamHandler::parseURL (1124 bytes)
C2 CompilerThread7  18687 17434   !   4       org.gradle.internal.snapshot.impl.DirectorySnapshotter$PathVisitor::doVisitFile (194 bytes)
Total: 5

VM state: not at safepoint (normal execution)

VM Mutex/Monitor currently owned by a thread: None

Heap address: 0x0000000080000000, size: 2048 MB, Compressed Oops mode: 32-bit

CDS archive(s) not mapped
Compressed class space mapped at: 0x0000000100000000-0x0000000140000000, reserved size: 1073741824
Narrow klass base: 0x0000000000000000, Narrow klass shift: 3, Narrow klass range: 0x140000000

GC Precious Log:
 CardTable entry size: 512
 Card Set container configuration: InlinePtr #cards 5 size 8 Array Of Cards #cards 12 size 40 Howl #buckets 4 coarsen threshold 1843 Howl Bitmap #cards 512 size 80 coarsen threshold 460 Card regions per heap region 1 cards per card region 2048
 CPUs: 20 total, 20 available
 Memory: 16108M
 Large Page Support: Disabled
 NUMA Support: Disabled
 Compressed Oops: Enabled (32-bit)
 Heap Region Size: 1M
 Heap Min Capacity: 8M
 Heap Initial Capacity: 252M
 Heap Max Capacity: 2G
 Pre-touch: Disabled
 Parallel Workers: 15
 Concurrent Workers: 4
 Concurrent Refinement Workers: 15
 Periodic GC: Disabled

Heap:
 garbage-first heap   total 280576K, used 238259K [0x0000000080000000, 0x0000000100000000)
  region size 1024K, 89 young (91136K), 9 survivors (9216K)
 Metaspace       used 126304K, committed 128512K, reserved 1179648K
  class space    used 17417K, committed 18496K, reserved 1048576K

Heap Regions: E=young(eden), S=young(survivor), O=old, HS=humongous(starts), HC=humongous(continues), CS=collection set, F=free, TAMS=top-at-mark-start, PB=parsable bottom
|   0|0x0000000080000000, 0x0000000080100000, 0x0000000080100000|100%| O|  |TAMS 0x0000000080000000| PB 0x0000000080000000| Untracked 
|   1|0x0000000080100000, 0x0000000080200000, 0x0000000080200000|100%|HS|  |TAMS 0x0000000080100000| PB 0x0000000080100000| Complete 
|   2|0x0000000080200000, 0x0000000080300000, 0x0000000080300000|100%|HC|  |TAMS 0x0000000080200000| PB 0x0000000080200000| Complete 
|   3|0x0000000080300000, 0x0000000080400000, 0x0000000080400000|100%|HC|  |TAMS 0x0000000080300000| PB 0x0000000080300000| Complete 
|   4|0x0000000080400000, 0x0000000080500000, 0x0000000080500000|100%|HC|  |TAMS 0x0000000080400000| PB 0x0000000080400000| Complete 
|   5|0x0000000080500000, 0x0000000080600000, 0x0000000080600000|100%| O|  |TAMS 0x0000000080500000| PB 0x0000000080500000| Untracked 
|   6|0x0000000080600000, 0x0000000080700000, 0x0000000080700000|100%| O|  |TAMS 0x0000000080600000| PB 0x0000000080600000| Untracked 
|   7|0x0000000080700000, 0x0000000080800000, 0x0000000080800000|100%| O|  |TAMS 0x0000000080700000| PB 0x0000000080700000| Untracked 
|   8|0x0000000080800000, 0x0000000080900000, 0x0000000080900000|100%| O|  |TAMS 0x0000000080800000| PB 0x0000000080800000| Untracked 
|   9|0x0000000080900000, 0x0000000080a00000, 0x0000000080a00000|100%| O|  |TAMS 0x0000000080900000| PB 0x0000000080900000| Untracked 
|  10|0x0000000080a00000, 0x0000000080b00000, 0x0000000080b00000|100%| O|  |TAMS 0x0000000080a00000| PB 0x0000000080a00000| Untracked 
|  11|0x0000000080b00000, 0x0000000080c00000, 0x0000000080c00000|100%| O|  |TAMS 0x0000000080b00000| PB 0x0000000080b00000| Untracked 
|  12|0x0000000080c00000, 0x0000000080d00000, 0x0000000080d00000|100%| O|  |TAMS 0x0000000080c00000| PB 0x0000000080c00000| Untracked 
|  13|0x0000000080d00000, 0x0000000080e00000, 0x0000000080e00000|100%| O|  |TAMS 0x0000000080d00000| PB 0x0000000080d00000| Untracked 
|  14|0x0000000080e00000, 0x0000000080f00000, 0x0000000080f00000|100%| O|  |TAMS 0x0000000080e00000| PB 0x0000000080e00000| Untracked 
|  15|0x0000000080f00000, 0x0000000081000000, 0x0000000081000000|100%| O|  |TAMS 0x0000000080f00000| PB 0x0000000080f00000| Untracked 
|  16|0x0000000081000000, 0x0000000081100000, 0x0000000081100000|100%| O|  |TAMS 0x0000000081000000| PB 0x0000000081000000| Untracked 
|  17|0x0000000081100000, 0x0000000081200000, 0x0000000081200000|100%| O|  |TAMS 0x0000000081100000| PB 0x0000000081100000| Untracked 
|  18|0x0000000081200000, 0x0000000081300000, 0x0000000081300000|100%| O|  |TAMS 0x0000000081200000| PB 0x0000000081200000| Untracked 
|  19|0x0000000081300000, 0x0000000081400000, 0x0000000081400000|100%| O|  |TAMS 0x0000000081300000| PB 0x0000000081300000| Untracked 
|  20|0x0000000081400000, 0x0000000081500000, 0x0000000081500000|100%| O|  |TAMS 0x0000000081400000| PB 0x0000000081400000| Untracked 
|  21|0x0000000081500000, 0x0000000081600000, 0x0000000081600000|100%| O|  |TAMS 0x0000000081500000| PB 0x0000000081500000| Untracked 
|  22|0x0000000081600000, 0x0000000081700000, 0x0000000081700000|100%| O|  |TAMS 0x0000000081600000| PB 0x0000000081600000| Untracked 
|  23|0x0000000081700000, 0x0000000081800000, 0x0000000081800000|100%|HS|  |TAMS 0x0000000081700000| PB 0x0000000081700000| Complete 
|  24|0x0000000081800000, 0x0000000081900000, 0x0000000081900000|100%|HC|  |TAMS 0x0000000081800000| PB 0x0000000081800000| Complete 
|  25|0x0000000081900000, 0x0000000081a00000, 0x0000000081a00000|100%| O|  |TAMS 0x0000000081900000| PB 0x0000000081900000| Untracked 
|  26|0x0000000081a00000, 0x0000000081b00000, 0x0000000081b00000|100%| O|  |TAMS 0x0000000081a00000| PB 0x0000000081a00000| Untracked 
|  27|0x0000000081b00000, 0x0000000081c00000, 0x0000000081c00000|100%| O|  |TAMS 0x0000000081b00000| PB 0x0000000081b00000| Untracked 
|  28|0x0000000081c00000, 0x0000000081d00000, 0x0000000081d00000|100%| O|  |TAMS 0x0000000081c00000| PB 0x0000000081c00000| Untracked 
|  29|0x0000000081d00000, 0x0000000081e00000, 0x0000000081e00000|100%| O|  |TAMS 0x0000000081d00000| PB 0x0000000081d00000| Untracked 
|  30|0x0000000081e00000, 0x0000000081f00000, 0x0000000081f00000|100%| O|  |TAMS 0x0000000081e00000| PB 0x0000000081e00000| Untracked 
|  31|0x0000000081f00000, 0x0000000082000000, 0x0000000082000000|100%| O|  |TAMS 0x0000000081f00000| PB 0x0000000081f00000| Untracked 
|  32|0x0000000082000000, 0x0000000082100000, 0x0000000082100000|100%| O|  |TAMS 0x0000000082000000| PB 0x0000000082000000| Untracked 
|  33|0x0000000082100000, 0x0000000082200000, 0x0000000082200000|100%| O|  |TAMS 0x0000000082100000| PB 0x0000000082100000| Untracked 
|  34|0x0000000082200000, 0x0000000082300000, 0x0000000082300000|100%| O|  |TAMS 0x0000000082200000| PB 0x0000000082200000| Untracked 
|  35|0x0000000082300000, 0x0000000082400000, 0x0000000082400000|100%| O|  |TAMS 0x0000000082300000| PB 0x0000000082300000| Untracked 
|  36|0x0000000082400000, 0x0000000082500000, 0x0000000082500000|100%| O|  |TAMS 0x0000000082400000| PB 0x0000000082400000| Untracked 
|  37|0x0000000082500000, 0x0000000082600000, 0x0000000082600000|100%| O|  |TAMS 0x0000000082500000| PB 0x0000000082500000| Untracked 
|  38|0x0000000082600000, 0x0000000082700000, 0x0000000082700000|100%| O|  |TAMS 0x0000000082600000| PB 0x0000000082600000| Untracked 
|  39|0x0000000082700000, 0x0000000082800000, 0x0000000082800000|100%| O|  |TAMS 0x0000000082700000| PB 0x0000000082700000| Untracked 
|  40|0x0000000082800000, 0x0000000082900000, 0x0000000082900000|100%| O|  |TAMS 0x0000000082800000| PB 0x0000000082800000| Untracked 
|  41|0x0000000082900000, 0x0000000082a00000, 0x0000000082a00000|100%| O|  |TAMS 0x0000000082900000| PB 0x0000000082900000| Untracked 
|  42|0x0000000082a00000, 0x0000000082b00000, 0x0000000082b00000|100%| O|  |TAMS 0x0000000082a00000| PB 0x0000000082a00000| Untracked 
|  43|0x0000000082b00000, 0x0000000082c00000, 0x0000000082c00000|100%| O|  |TAMS 0x0000000082b00000| PB 0x0000000082b00000| Untracked 
|  44|0x0000000082c00000, 0x0000000082d00000, 0x0000000082d00000|100%| O|  |TAMS 0x0000000082c00000| PB 0x0000000082c00000| Untracked 
|  45|0x0000000082d00000, 0x0000000082e00000, 0x0000000082e00000|100%| O|  |TAMS 0x0000000082d00000| PB 0x0000000082d00000| Untracked 
|  46|0x0000000082e00000, 0x0000000082f00000, 0x0000000082f00000|100%| O|  |TAMS 0x0000000082e00000| PB 0x0000000082e00000| Untracked 
|  47|0x0000000082f00000, 0x0000000083000000, 0x0000000083000000|100%| O|  |TAMS 0x0000000082f00000| PB 0x0000000082f00000| Untracked 
|  48|0x0000000083000000, 0x0000000083100000, 0x0000000083100000|100%| O|  |TAMS 0x0000000083000000| PB 0x0000000083000000| Untracked 
|  49|0x0000000083100000, 0x0000000083200000, 0x0000000083200000|100%| O|  |TAMS 0x0000000083100000| PB 0x0000000083100000| Untracked 
|  50|0x0000000083200000, 0x0000000083300000, 0x0000000083300000|100%|HS|  |TAMS 0x0000000083200000| PB 0x0000000083200000| Complete 
|  51|0x0000000083300000, 0x0000000083400000, 0x0000000083400000|100%|HS|  |TAMS 0x0000000083300000| PB 0x0000000083300000| Complete 
|  52|0x0000000083400000, 0x0000000083500000, 0x0000000083500000|100%|HS|  |TAMS 0x0000000083400000| PB 0x0000000083400000| Complete 
|  53|0x0000000083500000, 0x0000000083600000, 0x0000000083600000|100%| O|  |TAMS 0x0000000083500000| PB 0x0000000083500000| Untracked 
|  54|0x0000000083600000, 0x0000000083700000, 0x0000000083700000|100%| O|  |TAMS 0x0000000083600000| PB 0x0000000083600000| Untracked 
|  55|0x0000000083700000, 0x0000000083800000, 0x0000000083800000|100%|HS|  |TAMS 0x0000000083700000| PB 0x0000000083700000| Complete 
|  56|0x0000000083800000, 0x0000000083900000, 0x0000000083900000|100%|HC|  |TAMS 0x0000000083800000| PB 0x0000000083800000| Complete 
|  57|0x0000000083900000, 0x0000000083a00000, 0x0000000083a00000|100%|HS|  |TAMS 0x0000000083900000| PB 0x0000000083900000| Complete 
|  58|0x0000000083a00000, 0x0000000083b00000, 0x0000000083b00000|100%|HC|  |TAMS 0x0000000083a00000| PB 0x0000000083a00000| Complete 
|  59|0x0000000083b00000, 0x0000000083c00000, 0x0000000083c00000|100%|HS|  |TAMS 0x0000000083b00000| PB 0x0000000083b00000| Complete 
|  60|0x0000000083c00000, 0x0000000083d00000, 0x0000000083d00000|100%|HC|  |TAMS 0x0000000083c00000| PB 0x0000000083c00000| Complete 
|  61|0x0000000083d00000, 0x0000000083e00000, 0x0000000083e00000|100%|HC|  |TAMS 0x0000000083d00000| PB 0x0000000083d00000| Complete 
|  62|0x0000000083e00000, 0x0000000083f00000, 0x0000000083f00000|100%|HC|  |TAMS 0x0000000083e00000| PB 0x0000000083e00000| Complete 
|  63|0x0000000083f00000, 0x0000000084000000, 0x0000000084000000|100%|HS|  |TAMS 0x0000000083f00000| PB 0x0000000083f00000| Complete 
|  64|0x0000000084000000, 0x0000000084100000, 0x0000000084100000|100%| O|  |TAMS 0x0000000084000000| PB 0x0000000084000000| Untracked 
|  65|0x0000000084100000, 0x0000000084200000, 0x0000000084200000|100%|HS|  |TAMS 0x0000000084100000| PB 0x0000000084100000| Complete 
|  66|0x0000000084200000, 0x0000000084300000, 0x0000000084300000|100%|HS|  |TAMS 0x0000000084200000| PB 0x0000000084200000| Complete 
|  67|0x0000000084300000, 0x0000000084400000, 0x0000000084400000|100%| O|  |TAMS 0x0000000084300000| PB 0x0000000084300000| Untracked 
|  68|0x0000000084400000, 0x0000000084500000, 0x0000000084500000|100%| O|  |TAMS 0x0000000084400000| PB 0x0000000084400000| Untracked 
|  69|0x0000000084500000, 0x0000000084600000, 0x0000000084600000|100%| O|  |TAMS 0x0000000084500000| PB 0x0000000084500000| Untracked 
|  70|0x0000000084600000, 0x0000000084700000, 0x0000000084700000|100%| O|  |TAMS 0x0000000084600000| PB 0x0000000084600000| Untracked 
|  71|0x0000000084700000, 0x0000000084800000, 0x0000000084800000|100%| O|  |TAMS 0x0000000084700000| PB 0x0000000084700000| Untracked 
|  72|0x0000000084800000, 0x0000000084900000, 0x0000000084900000|100%| O|  |TAMS 0x0000000084800000| PB 0x0000000084800000| Untracked 
|  73|0x0000000084900000, 0x0000000084a00000, 0x0000000084a00000|100%|HS|  |TAMS 0x0000000084900000| PB 0x0000000084900000| Complete 
|  74|0x0000000084a00000, 0x0000000084b00000, 0x0000000084b00000|100%| O|  |TAMS 0x0000000084a00000| PB 0x0000000084a00000| Untracked 
|  75|0x0000000084b00000, 0x0000000084c00000, 0x0000000084c00000|100%| O|  |TAMS 0x0000000084b00000| PB 0x0000000084b00000| Untracked 
|  76|0x0000000084c00000, 0x0000000084d00000, 0x0000000084d00000|100%| O|  |TAMS 0x0000000084c00000| PB 0x0000000084c00000| Untracked 
|  77|0x0000000084d00000, 0x0000000084e00000, 0x0000000084e00000|100%| O|  |TAMS 0x0000000084d00000| PB 0x0000000084d00000| Untracked 
|  78|0x0000000084e00000, 0x0000000084f00000, 0x0000000084f00000|100%|HS|  |TAMS 0x0000000084e00000| PB 0x0000000084e00000| Complete 
|  79|0x0000000084f00000, 0x0000000085000000, 0x0000000085000000|100%|HC|  |TAMS 0x0000000084f00000| PB 0x0000000084f00000| Complete 
|  80|0x0000000085000000, 0x0000000085100000, 0x0000000085100000|100%|HC|  |TAMS 0x0000000085000000| PB 0x0000000085000000| Complete 
|  81|0x0000000085100000, 0x0000000085200000, 0x0000000085200000|100%|HC|  |TAMS 0x0000000085100000| PB 0x0000000085100000| Complete 
|  82|0x0000000085200000, 0x0000000085300000, 0x0000000085300000|100%| O|  |TAMS 0x0000000085200000| PB 0x0000000085200000| Untracked 
|  83|0x0000000085300000, 0x0000000085400000, 0x0000000085400000|100%| O|  |TAMS 0x0000000085300000| PB 0x0000000085300000| Untracked 
|  84|0x0000000085400000, 0x0000000085500000, 0x0000000085500000|100%| O|  |TAMS 0x0000000085400000| PB 0x0000000085400000| Untracked 
|  85|0x0000000085500000, 0x0000000085600000, 0x0000000085600000|100%| O|  |TAMS 0x0000000085500000| PB 0x0000000085500000| Untracked 
|  86|0x0000000085600000, 0x0000000085700000, 0x0000000085700000|100%| O|  |TAMS 0x0000000085600000| PB 0x0000000085600000| Untracked 
|  87|0x0000000085700000, 0x0000000085800000, 0x0000000085800000|100%| O|  |TAMS 0x0000000085700000| PB 0x0000000085700000| Untracked 
|  88|0x0000000085800000, 0x0000000085900000, 0x0000000085900000|100%| O|  |TAMS 0x0000000085800000| PB 0x0000000085800000| Untracked 
|  89|0x0000000085900000, 0x0000000085a00000, 0x0000000085a00000|100%| O|  |TAMS 0x0000000085900000| PB 0x0000000085900000| Untracked 
|  90|0x0000000085a00000, 0x0000000085b00000, 0x0000000085b00000|100%| O|  |TAMS 0x0000000085a00000| PB 0x0000000085a00000| Untracked 
|  91|0x0000000085b00000, 0x0000000085c00000, 0x0000000085c00000|100%| O|  |TAMS 0x0000000085b00000| PB 0x0000000085b00000| Untracked 
|  92|0x0000000085c00000, 0x0000000085d00000, 0x0000000085d00000|100%| O|  |TAMS 0x0000000085c00000| PB 0x0000000085c00000| Untracked 
|  93|0x0000000085d00000, 0x0000000085e00000, 0x0000000085e00000|100%| O|  |TAMS 0x0000000085d00000| PB 0x0000000085d00000| Untracked 
|  94|0x0000000085e00000, 0x0000000085f00000, 0x0000000085f00000|100%| O|  |TAMS 0x0000000085e00000| PB 0x0000000085e00000| Untracked 
|  95|0x0000000085f00000, 0x0000000086000000, 0x0000000086000000|100%| O|  |TAMS 0x0000000085f00000| PB 0x0000000085f00000| Untracked 
|  96|0x0000000086000000, 0x0000000086100000, 0x0000000086100000|100%| O|  |TAMS 0x0000000086000000| PB 0x0000000086000000| Untracked 
|  97|0x0000000086100000, 0x0000000086200000, 0x0000000086200000|100%| O|  |TAMS 0x0000000086100000| PB 0x0000000086100000| Untracked 
|  98|0x0000000086200000, 0x0000000086300000, 0x0000000086300000|100%| O|  |TAMS 0x0000000086200000| PB 0x0000000086200000| Untracked 
|  99|0x0000000086300000, 0x0000000086400000, 0x0000000086400000|100%| O|  |TAMS 0x0000000086300000| PB 0x0000000086300000| Untracked 
| 100|0x0000000086400000, 0x0000000086500000, 0x0000000086500000|100%| O|  |TAMS 0x0000000086400000| PB 0x0000000086400000| Untracked 
| 101|0x0000000086500000, 0x0000000086600000, 0x0000000086600000|100%| O|  |TAMS 0x0000000086500000| PB 0x0000000086500000| Untracked 
| 102|0x0000000086600000, 0x0000000086700000, 0x0000000086700000|100%| O|  |TAMS 0x0000000086600000| PB 0x0000000086600000| Untracked 
| 103|0x0000000086700000, 0x0000000086800000, 0x0000000086800000|100%| O|  |TAMS 0x0000000086700000| PB 0x0000000086700000| Untracked 
| 104|0x0000000086800000, 0x0000000086900000, 0x0000000086900000|100%| O|  |TAMS 0x0000000086800000| PB 0x0000000086800000| Untracked 
| 105|0x0000000086900000, 0x0000000086a00000, 0x0000000086a00000|100%| O|  |TAMS 0x0000000086900000| PB 0x0000000086900000| Untracked 
| 106|0x0000000086a00000, 0x0000000086b00000, 0x0000000086b00000|100%| O|  |TAMS 0x0000000086a00000| PB 0x0000000086a00000| Untracked 
| 107|0x0000000086b00000, 0x0000000086c00000, 0x0000000086c00000|100%| O|  |TAMS 0x0000000086b00000| PB 0x0000000086b00000| Untracked 
| 108|0x0000000086c00000, 0x0000000086d00000, 0x0000000086d00000|100%| O|  |TAMS 0x0000000086c00000| PB 0x0000000086c00000| Untracked 
| 109|0x0000000086d00000, 0x0000000086e00000, 0x0000000086e00000|100%| O|  |TAMS 0x0000000086d00000| PB 0x0000000086d00000| Untracked 
| 110|0x0000000086e00000, 0x0000000086f00000, 0x0000000086f00000|100%| O|  |TAMS 0x0000000086e00000| PB 0x0000000086e00000| Untracked 
| 111|0x0000000086f00000, 0x0000000087000000, 0x0000000087000000|100%| O|  |TAMS 0x0000000086f00000| PB 0x0000000086f00000| Untracked 
| 112|0x0000000087000000, 0x0000000087100000, 0x0000000087100000|100%| O|  |TAMS 0x0000000087000000| PB 0x0000000087000000| Untracked 
| 113|0x0000000087100000, 0x0000000087200000, 0x0000000087200000|100%| O|  |TAMS 0x0000000087100000| PB 0x0000000087100000| Untracked 
| 114|0x0000000087200000, 0x0000000087300000, 0x0000000087300000|100%| O|  |TAMS 0x0000000087200000| PB 0x0000000087200000| Untracked 
| 115|0x0000000087300000, 0x0000000087400000, 0x0000000087400000|100%| O|  |TAMS 0x0000000087300000| PB 0x0000000087300000| Untracked 
| 116|0x0000000087400000, 0x0000000087500000, 0x0000000087500000|100%| O|  |TAMS 0x0000000087400000| PB 0x0000000087400000| Untracked 
| 117|0x0000000087500000, 0x0000000087600000, 0x0000000087600000|100%| O|  |TAMS 0x0000000087500000| PB 0x0000000087500000| Untracked 
| 118|0x0000000087600000, 0x0000000087700000, 0x0000000087700000|100%| O|Cm|TAMS 0x0000000087600000| PB 0x0000000087600000| Complete 
| 119|0x0000000087700000, 0x0000000087800000, 0x0000000087800000|100%| O|  |TAMS 0x0000000087700000| PB 0x0000000087700000| Untracked 
| 120|0x0000000087800000, 0x0000000087900000, 0x0000000087900000|100%| O|Cm|TAMS 0x0000000087800000| PB 0x0000000087800000| Complete 
| 121|0x0000000087900000, 0x0000000087a00000, 0x0000000087a00000|100%| O|  |TAMS 0x0000000087900000| PB 0x0000000087900000| Untracked 
| 122|0x0000000087a00000, 0x0000000087a00000, 0x0000000087b00000|  0%| F|  |TAMS 0x0000000087a00000| PB 0x0000000087a00000| Untracked 
| 123|0x0000000087b00000, 0x0000000087b00000, 0x0000000087c00000|  0%| F|  |TAMS 0x0000000087b00000| PB 0x0000000087b00000| Untracked 
| 124|0x0000000087c00000, 0x0000000087c00000, 0x0000000087d00000|  0%| F|  |TAMS 0x0000000087c00000| PB 0x0000000087c00000| Untracked 
| 125|0x0000000087d00000, 0x0000000087e00000, 0x0000000087e00000|100%| O|  |TAMS 0x0000000087d00000| PB 0x0000000087d00000| Untracked 
| 126|0x0000000087e00000, 0x0000000087f00000, 0x0000000087f00000|100%| O|  |TAMS 0x0000000087e00000| PB 0x0000000087e00000| Untracked 
| 127|0x0000000087f00000, 0x0000000088000000, 0x0000000088000000|100%| O|  |TAMS 0x0000000087f00000| PB 0x0000000087f00000| Untracked 
| 128|0x0000000088000000, 0x0000000088100000, 0x0000000088100000|100%| O|  |TAMS 0x0000000088000000| PB 0x0000000088000000| Untracked 
| 129|0x0000000088100000, 0x0000000088200000, 0x0000000088200000|100%| O|  |TAMS 0x0000000088100000| PB 0x0000000088100000| Untracked 
| 130|0x0000000088200000, 0x0000000088300000, 0x0000000088300000|100%| O|  |TAMS 0x0000000088200000| PB 0x0000000088200000| Untracked 
| 131|0x0000000088300000, 0x0000000088400000, 0x0000000088400000|100%| O|  |TAMS 0x0000000088300000| PB 0x0000000088300000| Untracked 
| 132|0x0000000088400000, 0x0000000088500000, 0x0000000088500000|100%| O|Cm|TAMS 0x0000000088400000| PB 0x0000000088400000| Complete 
| 133|0x0000000088500000, 0x0000000088500000, 0x0000000088600000|  0%| F|  |TAMS 0x0000000088500000| PB 0x0000000088500000| Untracked 
| 134|0x0000000088600000, 0x0000000088700000, 0x0000000088700000|100%| O|  |TAMS 0x0000000088600000| PB 0x0000000088600000| Untracked 
| 135|0x0000000088700000, 0x0000000088800000, 0x0000000088800000|100%| O|  |TAMS 0x0000000088700000| PB 0x0000000088700000| Untracked 
| 136|0x0000000088800000, 0x0000000088900000, 0x0000000088900000|100%| O|Cm|TAMS 0x0000000088800000| PB 0x0000000088800000| Complete 
| 137|0x0000000088900000, 0x0000000088a00000, 0x0000000088a00000|100%| O|Cm|TAMS 0x0000000088900000| PB 0x0000000088900000| Complete 
| 138|0x0000000088a00000, 0x0000000088b00000, 0x0000000088b00000|100%| O|Cm|TAMS 0x0000000088a00000| PB 0x0000000088a00000| Complete 
| 139|0x0000000088b00000, 0x0000000088b00000, 0x0000000088c00000|  0%| F|  |TAMS 0x0000000088b00000| PB 0x0000000088b00000| Untracked 
| 140|0x0000000088c00000, 0x0000000088c193d0, 0x0000000088d00000|  9%| O|  |TAMS 0x0000000088c00000| PB 0x0000000088c00000| Untracked 
| 141|0x0000000088d00000, 0x0000000088d00000, 0x0000000088e00000|  0%| F|  |TAMS 0x0000000088d00000| PB 0x0000000088d00000| Untracked 
| 142|0x0000000088e00000, 0x0000000088e00000, 0x0000000088f00000|  0%| F|  |TAMS 0x0000000088e00000| PB 0x0000000088e00000| Untracked 
| 143|0x0000000088f00000, 0x0000000088f00000, 0x0000000089000000|  0%| F|  |TAMS 0x0000000088f00000| PB 0x0000000088f00000| Untracked 
| 144|0x0000000089000000, 0x0000000089000000, 0x0000000089100000|  0%| F|  |TAMS 0x0000000089000000| PB 0x0000000089000000| Untracked 
| 145|0x0000000089100000, 0x0000000089100000, 0x0000000089200000|  0%| F|  |TAMS 0x0000000089100000| PB 0x0000000089100000| Untracked 
| 146|0x0000000089200000, 0x0000000089200000, 0x0000000089300000|  0%| F|  |TAMS 0x0000000089200000| PB 0x0000000089200000| Untracked 
| 147|0x0000000089300000, 0x0000000089300000, 0x0000000089400000|  0%| F|  |TAMS 0x0000000089300000| PB 0x0000000089300000| Untracked 
| 148|0x0000000089400000, 0x0000000089500000, 0x0000000089500000|100%| O|Cm|TAMS 0x0000000089400000| PB 0x0000000089400000| Complete 
| 149|0x0000000089500000, 0x0000000089600000, 0x0000000089600000|100%| O|Cm|TAMS 0x0000000089500000| PB 0x0000000089500000| Complete 
| 150|0x0000000089600000, 0x0000000089600000, 0x0000000089700000|  0%| F|  |TAMS 0x0000000089600000| PB 0x0000000089600000| Untracked 
| 151|0x0000000089700000, 0x0000000089800000, 0x0000000089800000|100%| O|Cm|TAMS 0x0000000089700000| PB 0x0000000089700000| Complete 
| 152|0x0000000089800000, 0x0000000089900000, 0x0000000089900000|100%| O|Cm|TAMS 0x0000000089800000| PB 0x0000000089800000| Complete 
| 153|0x0000000089900000, 0x0000000089a00000, 0x0000000089a00000|100%| O|Cm|TAMS 0x0000000089900000| PB 0x0000000089900000| Complete 
| 154|0x0000000089a00000, 0x0000000089a00000, 0x0000000089b00000|  0%| F|  |TAMS 0x0000000089a00000| PB 0x0000000089a00000| Untracked 
| 155|0x0000000089b00000, 0x0000000089b00000, 0x0000000089c00000|  0%| F|  |TAMS 0x0000000089b00000| PB 0x0000000089b00000| Untracked 
| 156|0x0000000089c00000, 0x0000000089c00000, 0x0000000089d00000|  0%| F|  |TAMS 0x0000000089c00000| PB 0x0000000089c00000| Untracked 
| 157|0x0000000089d00000, 0x0000000089d00000, 0x0000000089e00000|  0%| F|  |TAMS 0x0000000089d00000| PB 0x0000000089d00000| Untracked 
| 158|0x0000000089e00000, 0x0000000089e00000, 0x0000000089f00000|  0%| F|  |TAMS 0x0000000089e00000| PB 0x0000000089e00000| Untracked 
| 159|0x0000000089f00000, 0x0000000089f00000, 0x000000008a000000|  0%| F|  |TAMS 0x0000000089f00000| PB 0x0000000089f00000| Untracked 
| 160|0x000000008a000000, 0x000000008a000000, 0x000000008a100000|  0%| F|  |TAMS 0x000000008a000000| PB 0x000000008a000000| Untracked 
| 161|0x000000008a100000, 0x000000008a100000, 0x000000008a200000|  0%| F|  |TAMS 0x000000008a100000| PB 0x000000008a100000| Untracked 
| 162|0x000000008a200000, 0x000000008a200000, 0x000000008a300000|  0%| F|  |TAMS 0x000000008a200000| PB 0x000000008a200000| Untracked 
| 163|0x000000008a300000, 0x000000008a300000, 0x000000008a400000|  0%| F|  |TAMS 0x000000008a300000| PB 0x000000008a300000| Untracked 
| 164|0x000000008a400000, 0x000000008a400000, 0x000000008a500000|  0%| F|  |TAMS 0x000000008a400000| PB 0x000000008a400000| Untracked 
| 165|0x000000008a500000, 0x000000008a500000, 0x000000008a600000|  0%| F|  |TAMS 0x000000008a500000| PB 0x000000008a500000| Untracked 
| 166|0x000000008a600000, 0x000000008a693b98, 0x000000008a700000| 57%| S|CS|TAMS 0x000000008a600000| PB 0x000000008a600000| Complete 
| 167|0x000000008a700000, 0x000000008a800000, 0x000000008a800000|100%| S|CS|TAMS 0x000000008a700000| PB 0x000000008a700000| Complete 
| 168|0x000000008a800000, 0x000000008a900000, 0x000000008a900000|100%| S|CS|TAMS 0x000000008a800000| PB 0x000000008a800000| Complete 
| 169|0x000000008a900000, 0x000000008aa00000, 0x000000008aa00000|100%| S|CS|TAMS 0x000000008a900000| PB 0x000000008a900000| Complete 
| 170|0x000000008aa00000, 0x000000008ab00000, 0x000000008ab00000|100%| S|CS|TAMS 0x000000008aa00000| PB 0x000000008aa00000| Complete 
| 171|0x000000008ab00000, 0x000000008ac00000, 0x000000008ac00000|100%| S|CS|TAMS 0x000000008ab00000| PB 0x000000008ab00000| Complete 
| 172|0x000000008ac00000, 0x000000008ad00000, 0x000000008ad00000|100%| S|CS|TAMS 0x000000008ac00000| PB 0x000000008ac00000| Complete 
| 173|0x000000008ad00000, 0x000000008ae00000, 0x000000008ae00000|100%| S|CS|TAMS 0x000000008ad00000| PB 0x000000008ad00000| Complete 
| 174|0x000000008ae00000, 0x000000008ae00000, 0x000000008af00000|  0%| F|  |TAMS 0x000000008ae00000| PB 0x000000008ae00000| Untracked 
| 175|0x000000008af00000, 0x000000008af00000, 0x000000008b000000|  0%| F|  |TAMS 0x000000008af00000| PB 0x000000008af00000| Untracked 
| 176|0x000000008b000000, 0x000000008b000000, 0x000000008b100000|  0%| F|  |TAMS 0x000000008b000000| PB 0x000000008b000000| Untracked 
| 177|0x000000008b100000, 0x000000008b100000, 0x000000008b200000|  0%| F|  |TAMS 0x000000008b100000| PB 0x000000008b100000| Untracked 
| 178|0x000000008b200000, 0x000000008b200000, 0x000000008b300000|  0%| F|  |TAMS 0x000000008b200000| PB 0x000000008b200000| Untracked 
| 179|0x000000008b300000, 0x000000008b300000, 0x000000008b400000|  0%| F|  |TAMS 0x000000008b300000| PB 0x000000008b300000| Untracked 
| 180|0x000000008b400000, 0x000000008b500000, 0x000000008b500000|100%| S|CS|TAMS 0x000000008b400000| PB 0x000000008b400000| Complete 
| 181|0x000000008b500000, 0x000000008b500000, 0x000000008b600000|  0%| F|  |TAMS 0x000000008b500000| PB 0x000000008b500000| Untracked 
| 182|0x000000008b600000, 0x000000008b600000, 0x000000008b700000|  0%| F|  |TAMS 0x000000008b600000| PB 0x000000008b600000| Untracked 
| 183|0x000000008b700000, 0x000000008b700000, 0x000000008b800000|  0%| F|  |TAMS 0x000000008b700000| PB 0x000000008b700000| Untracked 
| 184|0x000000008b800000, 0x000000008b800000, 0x000000008b900000|  0%| F|  |TAMS 0x000000008b800000| PB 0x000000008b800000| Untracked 
| 185|0x000000008b900000, 0x000000008b900000, 0x000000008ba00000|  0%| F|  |TAMS 0x000000008b900000| PB 0x000000008b900000| Untracked 
| 186|0x000000008ba00000, 0x000000008ba00000, 0x000000008bb00000|  0%| F|  |TAMS 0x000000008ba00000| PB 0x000000008ba00000| Untracked 
| 187|0x000000008bb00000, 0x000000008bb00000, 0x000000008bc00000|  0%| F|  |TAMS 0x000000008bb00000| PB 0x000000008bb00000| Untracked 
| 188|0x000000008bc00000, 0x000000008bcf6ea0, 0x000000008bd00000| 96%| E|  |TAMS 0x000000008bc00000| PB 0x000000008bc00000| Complete 
| 189|0x000000008bd00000, 0x000000008be00000, 0x000000008be00000|100%| E|CS|TAMS 0x000000008bd00000| PB 0x000000008bd00000| Complete 
| 190|0x000000008be00000, 0x000000008bf00000, 0x000000008bf00000|100%| E|CS|TAMS 0x000000008be00000| PB 0x000000008be00000| Complete 
| 191|0x000000008bf00000, 0x000000008c000000, 0x000000008c000000|100%| E|  |TAMS 0x000000008bf00000| PB 0x000000008bf00000| Complete 
| 192|0x000000008c000000, 0x000000008c100000, 0x000000008c100000|100%| E|CS|TAMS 0x000000008c000000| PB 0x000000008c000000| Complete 
| 193|0x000000008c100000, 0x000000008c200000, 0x000000008c200000|100%| E|CS|TAMS 0x000000008c100000| PB 0x000000008c100000| Complete 
| 194|0x000000008c200000, 0x000000008c300000, 0x000000008c300000|100%| E|CS|TAMS 0x000000008c200000| PB 0x000000008c200000| Complete 
| 195|0x000000008c300000, 0x000000008c400000, 0x000000008c400000|100%| E|CS|TAMS 0x000000008c300000| PB 0x000000008c300000| Complete 
| 196|0x000000008c400000, 0x000000008c500000, 0x000000008c500000|100%| E|CS|TAMS 0x000000008c400000| PB 0x000000008c400000| Complete 
| 197|0x000000008c500000, 0x000000008c600000, 0x000000008c600000|100%| E|CS|TAMS 0x000000008c500000| PB 0x000000008c500000| Complete 
| 198|0x000000008c600000, 0x000000008c700000, 0x000000008c700000|100%| E|CS|TAMS 0x000000008c600000| PB 0x000000008c600000| Complete 
| 199|0x000000008c700000, 0x000000008c800000, 0x000000008c800000|100%| E|CS|TAMS 0x000000008c700000| PB 0x000000008c700000| Complete 
| 200|0x000000008c800000, 0x000000008c900000, 0x000000008c900000|100%| E|CS|TAMS 0x000000008c800000| PB 0x000000008c800000| Complete 
| 201|0x000000008c900000, 0x000000008ca00000, 0x000000008ca00000|100%| E|CS|TAMS 0x000000008c900000| PB 0x000000008c900000| Complete 
| 202|0x000000008ca00000, 0x000000008cb00000, 0x000000008cb00000|100%| E|CS|TAMS 0x000000008ca00000| PB 0x000000008ca00000| Complete 
| 203|0x000000008cb00000, 0x000000008cc00000, 0x000000008cc00000|100%| E|CS|TAMS 0x000000008cb00000| PB 0x000000008cb00000| Complete 
| 204|0x000000008cc00000, 0x000000008cd00000, 0x000000008cd00000|100%| E|CS|TAMS 0x000000008cc00000| PB 0x000000008cc00000| Complete 
| 205|0x000000008cd00000, 0x000000008ce00000, 0x000000008ce00000|100%| E|CS|TAMS 0x000000008cd00000| PB 0x000000008cd00000| Complete 
| 206|0x000000008ce00000, 0x000000008cf00000, 0x000000008cf00000|100%| E|CS|TAMS 0x000000008ce00000| PB 0x000000008ce00000| Complete 
| 207|0x000000008cf00000, 0x000000008d000000, 0x000000008d000000|100%| E|CS|TAMS 0x000000008cf00000| PB 0x000000008cf00000| Complete 
| 208|0x000000008d000000, 0x000000008d100000, 0x000000008d100000|100%| E|CS|TAMS 0x000000008d000000| PB 0x000000008d000000| Complete 
| 209|0x000000008d100000, 0x000000008d200000, 0x000000008d200000|100%| E|CS|TAMS 0x000000008d100000| PB 0x000000008d100000| Complete 
| 210|0x000000008d200000, 0x000000008d300000, 0x000000008d300000|100%| E|CS|TAMS 0x000000008d200000| PB 0x000000008d200000| Complete 
| 211|0x000000008d300000, 0x000000008d400000, 0x000000008d400000|100%| E|CS|TAMS 0x000000008d300000| PB 0x000000008d300000| Complete 
| 212|0x000000008d400000, 0x000000008d500000, 0x000000008d500000|100%| E|CS|TAMS 0x000000008d400000| PB 0x000000008d400000| Complete 
| 213|0x000000008d500000, 0x000000008d600000, 0x000000008d600000|100%| E|CS|TAMS 0x000000008d500000| PB 0x000000008d500000| Complete 
| 214|0x000000008d600000, 0x000000008d700000, 0x000000008d700000|100%| E|CS|TAMS 0x000000008d600000| PB 0x000000008d600000| Complete 
| 215|0x000000008d700000, 0x000000008d800000, 0x000000008d800000|100%| E|CS|TAMS 0x000000008d700000| PB 0x000000008d700000| Complete 
| 216|0x000000008d800000, 0x000000008d900000, 0x000000008d900000|100%| E|CS|TAMS 0x000000008d800000| PB 0x000000008d800000| Complete 
| 217|0x000000008d900000, 0x000000008da00000, 0x000000008da00000|100%| E|CS|TAMS 0x000000008d900000| PB 0x000000008d900000| Complete 
| 218|0x000000008da00000, 0x000000008db00000, 0x000000008db00000|100%| E|CS|TAMS 0x000000008da00000| PB 0x000000008da00000| Complete 
| 219|0x000000008db00000, 0x000000008dc00000, 0x000000008dc00000|100%| E|CS|TAMS 0x000000008db00000| PB 0x000000008db00000| Complete 
| 220|0x000000008dc00000, 0x000000008dd00000, 0x000000008dd00000|100%| E|CS|TAMS 0x000000008dc00000| PB 0x000000008dc00000| Complete 
| 221|0x000000008dd00000, 0x000000008de00000, 0x000000008de00000|100%| E|CS|TAMS 0x000000008dd00000| PB 0x000000008dd00000| Complete 
| 222|0x000000008de00000, 0x000000008df00000, 0x000000008df00000|100%| E|CS|TAMS 0x000000008de00000| PB 0x000000008de00000| Complete 
| 223|0x000000008df00000, 0x000000008e000000, 0x000000008e000000|100%| E|CS|TAMS 0x000000008df00000| PB 0x000000008df00000| Complete 
| 224|0x000000008e000000, 0x000000008e100000, 0x000000008e100000|100%| E|CS|TAMS 0x000000008e000000| PB 0x000000008e000000| Complete 
| 225|0x000000008e100000, 0x000000008e200000, 0x000000008e200000|100%| E|CS|TAMS 0x000000008e100000| PB 0x000000008e100000| Complete 
| 226|0x000000008e200000, 0x000000008e300000, 0x000000008e300000|100%| E|CS|TAMS 0x000000008e200000| PB 0x000000008e200000| Complete 
| 227|0x000000008e300000, 0x000000008e400000, 0x000000008e400000|100%| E|CS|TAMS 0x000000008e300000| PB 0x000000008e300000| Complete 
| 228|0x000000008e400000, 0x000000008e500000, 0x000000008e500000|100%| E|CS|TAMS 0x000000008e400000| PB 0x000000008e400000| Complete 
| 229|0x000000008e500000, 0x000000008e600000, 0x000000008e600000|100%| E|CS|TAMS 0x000000008e500000| PB 0x000000008e500000| Complete 
| 230|0x000000008e600000, 0x000000008e700000, 0x000000008e700000|100%| E|CS|TAMS 0x000000008e600000| PB 0x000000008e600000| Complete 
| 231|0x000000008e700000, 0x000000008e800000, 0x000000008e800000|100%| E|CS|TAMS 0x000000008e700000| PB 0x000000008e700000| Complete 
| 232|0x000000008e800000, 0x000000008e900000, 0x000000008e900000|100%| E|CS|TAMS 0x000000008e800000| PB 0x000000008e800000| Complete 
| 233|0x000000008e900000, 0x000000008ea00000, 0x000000008ea00000|100%| E|CS|TAMS 0x000000008e900000| PB 0x000000008e900000| Complete 
| 234|0x000000008ea00000, 0x000000008eb00000, 0x000000008eb00000|100%| E|CS|TAMS 0x000000008ea00000| PB 0x000000008ea00000| Complete 
| 235|0x000000008eb00000, 0x000000008ec00000, 0x000000008ec00000|100%| E|CS|TAMS 0x000000008eb00000| PB 0x000000008eb00000| Complete 
| 236|0x000000008ec00000, 0x000000008ed00000, 0x000000008ed00000|100%| E|CS|TAMS 0x000000008ec00000| PB 0x000000008ec00000| Complete 
| 237|0x000000008ed00000, 0x000000008ee00000, 0x000000008ee00000|100%| E|CS|TAMS 0x000000008ed00000| PB 0x000000008ed00000| Complete 
| 238|0x000000008ee00000, 0x000000008ef00000, 0x000000008ef00000|100%| E|CS|TAMS 0x000000008ee00000| PB 0x000000008ee00000| Complete 
| 239|0x000000008ef00000, 0x000000008f000000, 0x000000008f000000|100%| E|CS|TAMS 0x000000008ef00000| PB 0x000000008ef00000| Complete 
| 240|0x000000008f000000, 0x000000008f100000, 0x000000008f100000|100%| E|CS|TAMS 0x000000008f000000| PB 0x000000008f000000| Complete 
| 241|0x000000008f100000, 0x000000008f200000, 0x000000008f200000|100%| E|CS|TAMS 0x000000008f100000| PB 0x000000008f100000| Complete 
| 242|0x000000008f200000, 0x000000008f300000, 0x000000008f300000|100%| E|CS|TAMS 0x000000008f200000| PB 0x000000008f200000| Complete 
| 243|0x000000008f300000, 0x000000008f400000, 0x000000008f400000|100%| E|CS|TAMS 0x000000008f300000| PB 0x000000008f300000| Complete 
| 244|0x000000008f400000, 0x000000008f500000, 0x000000008f500000|100%| E|CS|TAMS 0x000000008f400000| PB 0x000000008f400000| Complete 
| 245|0x000000008f500000, 0x000000008f600000, 0x000000008f600000|100%| E|CS|TAMS 0x000000008f500000| PB 0x000000008f500000| Complete 
| 246|0x000000008f600000, 0x000000008f700000, 0x000000008f700000|100%| E|CS|TAMS 0x000000008f600000| PB 0x000000008f600000| Complete 
| 247|0x000000008f700000, 0x000000008f800000, 0x000000008f800000|100%| E|CS|TAMS 0x000000008f700000| PB 0x000000008f700000| Complete 
| 248|0x000000008f800000, 0x000000008f900000, 0x000000008f900000|100%| E|CS|TAMS 0x000000008f800000| PB 0x000000008f800000| Complete 
| 249|0x000000008f900000, 0x000000008fa00000, 0x000000008fa00000|100%| E|CS|TAMS 0x000000008f900000| PB 0x000000008f900000| Complete 
| 250|0x000000008fa00000, 0x000000008fb00000, 0x000000008fb00000|100%| E|CS|TAMS 0x000000008fa00000| PB 0x000000008fa00000| Complete 
| 251|0x000000008fb00000, 0x000000008fc00000, 0x000000008fc00000|100%| E|CS|TAMS 0x000000008fb00000| PB 0x000000008fb00000| Complete 
| 252|0x000000008fc00000, 0x000000008fd00000, 0x000000008fd00000|100%| E|CS|TAMS 0x000000008fc00000| PB 0x000000008fc00000| Complete 
| 253|0x000000008fd00000, 0x000000008fe00000, 0x000000008fe00000|100%| E|CS|TAMS 0x000000008fd00000| PB 0x000000008fd00000| Complete 
| 254|0x000000008fe00000, 0x000000008ff00000, 0x000000008ff00000|100%| E|CS|TAMS 0x000000008fe00000| PB 0x000000008fe00000| Complete 
| 255|0x000000008ff00000, 0x0000000090000000, 0x0000000090000000|100%| E|CS|TAMS 0x000000008ff00000| PB 0x000000008ff00000| Complete 
| 256|0x0000000090000000, 0x0000000090100000, 0x0000000090100000|100%| E|CS|TAMS 0x0000000090000000| PB 0x0000000090000000| Complete 
| 257|0x0000000090100000, 0x0000000090200000, 0x0000000090200000|100%| E|CS|TAMS 0x0000000090100000| PB 0x0000000090100000| Complete 
|2032|0x00000000ff000000, 0x00000000ff100000, 0x00000000ff100000|100%| E|CS|TAMS 0x00000000ff000000| PB 0x00000000ff000000| Complete 
|2033|0x00000000ff100000, 0x00000000ff200000, 0x00000000ff200000|100%| E|CS|TAMS 0x00000000ff100000| PB 0x00000000ff100000| Complete 
|2034|0x00000000ff200000, 0x00000000ff300000, 0x00000000ff300000|100%| E|CS|TAMS 0x00000000ff200000| PB 0x00000000ff200000| Complete 
|2035|0x00000000ff300000, 0x00000000ff400000, 0x00000000ff400000|100%| E|CS|TAMS 0x00000000ff300000| PB 0x00000000ff300000| Complete 
|2036|0x00000000ff400000, 0x00000000ff500000, 0x00000000ff500000|100%| E|CS|TAMS 0x00000000ff400000| PB 0x00000000ff400000| Complete 
|2037|0x00000000ff500000, 0x00000000ff600000, 0x00000000ff600000|100%| E|CS|TAMS 0x00000000ff500000| PB 0x00000000ff500000| Complete 
|2038|0x00000000ff600000, 0x00000000ff700000, 0x00000000ff700000|100%| E|CS|TAMS 0x00000000ff600000| PB 0x00000000ff600000| Complete 
|2039|0x00000000ff700000, 0x00000000ff800000, 0x00000000ff800000|100%| E|CS|TAMS 0x00000000ff700000| PB 0x00000000ff700000| Complete 
|2040|0x00000000ff800000, 0x00000000ff900000, 0x00000000ff900000|100%| O|  |TAMS 0x00000000ff800000| PB 0x00000000ff800000| Untracked 
|2041|0x00000000ff900000, 0x00000000ffa00000, 0x00000000ffa00000|100%| E|CS|TAMS 0x00000000ff900000| PB 0x00000000ff900000| Complete 
|2042|0x00000000ffa00000, 0x00000000ffb00000, 0x00000000ffb00000|100%| O|  |TAMS 0x00000000ffa00000| PB 0x00000000ffa00000| Untracked 
|2043|0x00000000ffb00000, 0x00000000ffc00000, 0x00000000ffc00000|100%| O|  |TAMS 0x00000000ffb00000| PB 0x00000000ffb00000| Untracked 
|2044|0x00000000ffc00000, 0x00000000ffd00000, 0x00000000ffd00000|100%| E|CS|TAMS 0x00000000ffc00000| PB 0x00000000ffc00000| Complete 
|2045|0x00000000ffd00000, 0x00000000ffe00000, 0x00000000ffe00000|100%| O|  |TAMS 0x00000000ffd00000| PB 0x00000000ffd00000| Untracked 
|2046|0x00000000ffe00000, 0x00000000fff00000, 0x00000000fff00000|100%| O|  |TAMS 0x00000000ffe00000| PB 0x00000000ffe00000| Untracked 
|2047|0x00000000fff00000, 0x0000000100000000, 0x0000000100000000|100%| O|  |TAMS 0x00000000fff00000| PB 0x00000000fff00000| Untracked 

Card table byte_map: [0x0000027f572d0000,0x0000027f576d0000] _byte_map_base: 0x0000027f56ed0000

Marking Bits: (CMBitMap*) 0x0000027f43744300
 Bits: [0x0000027f576d0000, 0x0000027f596d0000)

Polling page: 0x0000027f41df0000

Metaspace:

Usage:
  Non-class:    106.37 MB used.
      Class:     17.02 MB used.
       Both:    123.39 MB used.

Virtual space:
  Non-class space:      128.00 MB reserved,     107.44 MB ( 84%) committed,  2 nodes.
      Class space:        1.00 GB reserved,      18.06 MB (  2%) committed,  1 nodes.
             Both:        1.12 GB reserved,     125.50 MB ( 11%) committed. 

Chunk freelists:
   Non-Class:  3.92 MB
       Class:  13.80 MB
        Both:  17.72 MB

MaxMetaspaceSize: unlimited
CompressedClassSpaceSize: 1.00 GB
Initial GC threshold: 21.00 MB
Current GC threshold: 207.44 MB
CDS: off
 - commit_granule_bytes: 65536.
 - commit_granule_words: 8192.
 - virtual_space_node_default_size: 8388608.
 - enlarge_chunks_in_place: 1.
 - use_allocation_guard: 0.


Internal statistics:

num_allocs_failed_limit: 9.
num_arena_births: 4308.
num_arena_deaths: 0.
num_vsnodes_births: 3.
num_vsnodes_deaths: 0.
num_space_committed: 2007.
num_space_uncommitted: 0.
num_chunks_returned_to_freelist: 9.
num_chunks_taken_from_freelist: 9654.
num_chunk_merges: 9.
num_chunk_splits: 6276.
num_chunks_enlarged: 3934.
num_inconsistent_stats: 0.

CodeHeap 'non-profiled nmethods': size=119168Kb used=8767Kb max_used=8767Kb free=110401Kb
 bounds [0x0000027f4e980000, 0x0000027f4f210000, 0x0000027f55de0000]
CodeHeap 'profiled nmethods': size=119104Kb used=28653Kb max_used=29133Kb free=90450Kb
 bounds [0x0000027f46de0000, 0x0000027f48a60000, 0x0000027f4e230000]
CodeHeap 'non-nmethods': size=7488Kb used=3349Kb max_used=3909Kb free=4138Kb
 bounds [0x0000027f4e230000, 0x0000027f4e610000, 0x0000027f4e980000]
CodeCache: size=245760Kb, used=40769Kb, max_used=41809Kb, free=204989Kb
 total_blobs=16008, nmethods=14982, adapters=925, full_count=0
Compilation: enabled, stopped_count=0, restarted_count=0

Compilation events (20 events):
Event: 18.603 Thread 0x0000027f65c6bd70 nmethod 17444 0x0000027f4f1ca690 code [0x0000027f4f1ca820, 0x0000027f4f1ca8e8]
Event: 18.603 Thread 0x0000027f5cb8e410 nmethod 17443 0x0000027f485d2890 code [0x0000027f485d2a20, 0x0000027f485d2b58]
Event: 18.603 Thread 0x0000027f65c6bd70 17445       1       org.jetbrains.kotlin.incremental.classpathDiff.ClassFileWithContentsProvider::getClassFile (5 bytes)
Event: 18.603 Thread 0x0000027f5cb8e410 17446       3       kotlin.text.StringsKt___StringsKt::dropLast (74 bytes)
Event: 18.604 Thread 0x0000027f65c6bd70 nmethod 17445 0x0000027f4f1ca990 code [0x0000027f4f1cab20, 0x0000027f4f1cabe8]
Event: 18.604 Thread 0x0000027f65c6bd70 17447       3       kotlin.text.StringsKt___StringsKt::take (87 bytes)
Event: 18.604 Thread 0x0000027f5cb8d970 nmethod 17407 0x0000027f4f1cac90 code [0x0000027f4f1cb000, 0x0000027f4f1cd400]
Event: 18.604 Thread 0x0000027f5cb8e410 nmethod 17446 0x0000027f486fb310 code [0x0000027f486fb620, 0x0000027f486fc3b0]
Event: 18.605 Thread 0x0000027f65c6bd70 nmethod 17447 0x0000027f4747c590 code [0x0000027f4747c8a0, 0x0000027f4747d688]
Event: 18.605 Thread 0x0000027f65c6bd70 17448       3       kotlin.ranges.RangesKt___RangesKt::coerceAtMost (11 bytes)
Event: 18.605 Thread 0x0000027f5cb8e410 17449       3       org.jetbrains.kotlin.incremental.classpathDiff.ClassSnapshotter::snapshot$getClassName (50 bytes)
Event: 18.605 Thread 0x0000027f65c6bd70 nmethod 17448 0x0000027f4747c110 code [0x0000027f4747c2a0, 0x0000027f4747c3d8]
Event: 18.605 Thread 0x0000027f65c6bd70 17450       3       org.jetbrains.kotlin.resolve.jvm.JvmClassName::byInternalName (17 bytes)
Event: 18.605 Thread 0x0000027f5cb8d970 17433       4       org.gradle.internal.snapshot.impl.DirectorySnapshotterStatistics$CollectingFileVisitor::visitFile (10 bytes)
Event: 18.605 Thread 0x0000027f65c6bd70 nmethod 17450 0x0000027f481f4290 code [0x0000027f481f4460, 0x0000027f481f4790]
Event: 18.605 Thread 0x0000027f65c6bd70 17451       3       org.jetbrains.kotlin.resolve.jvm.JvmClassName::<init> (18 bytes)
Event: 18.605 Thread 0x0000027f5cb8e410 nmethod 17449 0x0000027f481f3790 code [0x0000027f481f39c0, 0x0000027f481f3fd0]
Event: 18.605 Thread 0x0000027f65c6bd70 nmethod 17451 0x0000027f481f3290 code [0x0000027f481f3440, 0x0000027f481f3670]
Event: 18.605 Thread 0x0000027f5cb8e410 17452       3       org.jetbrains.kotlin.resolve.jvm.JvmClassName::hashCode (8 bytes)
Event: 18.605 Thread 0x0000027f5cb8e410 nmethod 17452 0x0000027f486fae90 code [0x0000027f486fb040, 0x0000027f486fb180]

GC Heap History (20 events):
Event: 10.027 GC heap before
{Heap before GC invocations=36 (full 0):
 garbage-first heap   total 184320K, used 166248K [0x0000000080000000, 0x0000000100000000)
  region size 1024K, 58 young (59392K), 3 survivors (3072K)
 Metaspace       used 110813K, committed 112960K, reserved 1179648K
  class space    used 15619K, committed 16704K, reserved 1048576K
}
Event: 10.035 GC heap after
{Heap after GC invocations=37 (full 0):
 garbage-first heap   total 184320K, used 116451K [0x0000000080000000, 0x0000000100000000)
  region size 1024K, 8 young (8192K), 8 survivors (8192K)
 Metaspace       used 110813K, committed 112960K, reserved 1179648K
  class space    used 15619K, committed 16704K, reserved 1048576K
}
Event: 10.831 GC heap before
{Heap before GC invocations=37 (full 0):
 garbage-first heap   total 184320K, used 169699K [0x0000000080000000, 0x0000000100000000)
  region size 1024K, 60 young (61440K), 8 survivors (8192K)
 Metaspace       used 112587K, committed 114816K, reserved 1179648K
  class space    used 15898K, committed 16960K, reserved 1048576K
}
Event: 10.844 GC heap after
{Heap after GC invocations=38 (full 0):
 garbage-first heap   total 189440K, used 123823K [0x0000000080000000, 0x0000000100000000)
  region size 1024K, 8 young (8192K), 8 survivors (8192K)
 Metaspace       used 112587K, committed 114816K, reserved 1179648K
  class space    used 15898K, committed 16960K, reserved 1048576K
}
Event: 11.089 GC heap before
{Heap before GC invocations=38 (full 0):
 garbage-first heap   total 189440K, used 171951K [0x0000000080000000, 0x0000000100000000)
  region size 1024K, 56 young (57344K), 8 survivors (8192K)
 Metaspace       used 112874K, committed 115008K, reserved 1179648K
  class space    used 15920K, committed 16960K, reserved 1048576K
}
Event: 11.094 GC heap after
{Heap after GC invocations=39 (full 0):
 garbage-first heap   total 189440K, used 128026K [0x0000000080000000, 0x0000000100000000)
  region size 1024K, 5 young (5120K), 5 survivors (5120K)
 Metaspace       used 112874K, committed 115008K, reserved 1179648K
  class space    used 15920K, committed 16960K, reserved 1048576K
}
Event: 11.723 GC heap before
{Heap before GC invocations=40 (full 0):
 garbage-first heap   total 215040K, used 178202K [0x0000000080000000, 0x0000000100000000)
  region size 1024K, 50 young (51200K), 5 survivors (5120K)
 Metaspace       used 114561K, committed 116736K, reserved 1179648K
  class space    used 16109K, committed 17152K, reserved 1048576K
}
Event: 11.727 GC heap after
{Heap after GC invocations=41 (full 0):
 garbage-first heap   total 215040K, used 130395K [0x0000000080000000, 0x0000000100000000)
  region size 1024K, 5 young (5120K), 5 survivors (5120K)
 Metaspace       used 114561K, committed 116736K, reserved 1179648K
  class space    used 16109K, committed 17152K, reserved 1048576K
}
Event: 12.788 GC heap before
{Heap before GC invocations=41 (full 0):
 garbage-first heap   total 215040K, used 196955K [0x0000000080000000, 0x0000000100000000)
  region size 1024K, 69 young (70656K), 5 survivors (5120K)
 Metaspace       used 118972K, committed 121216K, reserved 1179648K
  class space    used 16629K, committed 17728K, reserved 1048576K
}
Event: 12.799 GC heap after
{Heap after GC invocations=42 (full 0):
 garbage-first heap   total 223232K, used 146297K [0x0000000080000000, 0x0000000100000000)
  region size 1024K, 9 young (9216K), 9 survivors (9216K)
 Metaspace       used 118972K, committed 121216K, reserved 1179648K
  class space    used 16629K, committed 17728K, reserved 1048576K
}
Event: 13.011 GC heap before
{Heap before GC invocations=42 (full 0):
 garbage-first heap   total 223232K, used 162681K [0x0000000080000000, 0x0000000100000000)
  region size 1024K, 26 young (26624K), 9 survivors (9216K)
 Metaspace       used 119647K, committed 121856K, reserved 1179648K
  class space    used 16687K, committed 17792K, reserved 1048576K
}
Event: 13.019 GC heap after
{Heap after GC invocations=43 (full 0):
 garbage-first heap   total 223232K, used 156672K [0x0000000080000000, 0x0000000100000000)
  region size 1024K, 8 young (8192K), 8 survivors (8192K)
 Metaspace       used 119647K, committed 121856K, reserved 1179648K
  class space    used 16687K, committed 17792K, reserved 1048576K
}
Event: 13.479 GC heap before
{Heap before GC invocations=44 (full 0):
 garbage-first heap   total 280576K, used 212992K [0x0000000080000000, 0x0000000100000000)
  region size 1024K, 49 young (50176K), 8 survivors (8192K)
 Metaspace       used 122386K, committed 124608K, reserved 1179648K
  class space    used 16976K, committed 18048K, reserved 1048576K
}
Event: 13.485 GC heap after
{Heap after GC invocations=45 (full 0):
 garbage-first heap   total 280576K, used 160360K [0x0000000080000000, 0x0000000100000000)
  region size 1024K, 4 young (4096K), 4 survivors (4096K)
 Metaspace       used 122386K, committed 124608K, reserved 1179648K
  class space    used 16976K, committed 18048K, reserved 1048576K
}
Event: 14.269 GC heap before
{Heap before GC invocations=45 (full 0):
 garbage-first heap   total 280576K, used 243304K [0x0000000080000000, 0x0000000100000000)
  region size 1024K, 86 young (88064K), 4 survivors (4096K)
 Metaspace       used 123903K, committed 126080K, reserved 1179648K
  class space    used 17150K, committed 18176K, reserved 1048576K
}
Event: 14.275 GC heap after
{Heap after GC invocations=46 (full 0):
 garbage-first heap   total 280576K, used 163480K [0x0000000080000000, 0x0000000100000000)
  region size 1024K, 9 young (9216K), 9 survivors (9216K)
 Metaspace       used 123903K, committed 126080K, reserved 1179648K
  class space    used 17150K, committed 18176K, reserved 1048576K
}
Event: 15.140 GC heap before
{Heap before GC invocations=46 (full 0):
 garbage-first heap   total 280576K, used 247448K [0x0000000080000000, 0x0000000100000000)
  region size 1024K, 92 young (94208K), 9 survivors (9216K)
 Metaspace       used 124625K, committed 126784K, reserved 1179648K
  class space    used 17227K, committed 18240K, reserved 1048576K
}
Event: 15.146 GC heap after
{Heap after GC invocations=47 (full 0):
 garbage-first heap   total 280576K, used 167514K [0x0000000080000000, 0x0000000100000000)
  region size 1024K, 7 young (7168K), 7 survivors (7168K)
 Metaspace       used 124625K, committed 126784K, reserved 1179648K
  class space    used 17227K, committed 18240K, reserved 1048576K
}
Event: 16.516 GC heap before
{Heap before GC invocations=47 (full 0):
 garbage-first heap   total 280576K, used 250458K [0x0000000080000000, 0x0000000100000000)
  region size 1024K, 89 young (91136K), 7 survivors (7168K)
 Metaspace       used 125105K, committed 127296K, reserved 1179648K
  class space    used 17280K, committed 18304K, reserved 1048576K
}
Event: 16.518 GC heap after
{Heap after GC invocations=48 (full 0):
 garbage-first heap   total 280576K, used 169651K [0x0000000080000000, 0x0000000100000000)
  region size 1024K, 9 young (9216K), 9 survivors (9216K)
 Metaspace       used 125105K, committed 127296K, reserved 1179648K
  class space    used 17280K, committed 18304K, reserved 1048576K
}

Dll operation events (3 events):
Event: 0.023 Loaded shared library D:\Program Files\Android\Android Studio\jbr\bin\java.dll
Event: 0.033 Loaded shared library D:\Program Files\Android\Android Studio\jbr\bin\zip.dll
Event: 0.435 Loaded shared library D:\Program Files\Android\Android Studio\jbr\bin\verify.dll

Deoptimization events (20 events):
Event: 18.546 Thread 0x0000027f6789a310 Uncommon trap: trap_request=0xffffffbe fr.pc=0x0000027f4f1973b0 relative=0x0000000000001010
Event: 18.546 Thread 0x0000027f6789a310 Uncommon trap: reason=profile_predicate action=maybe_recompile pc=0x0000027f4f1973b0 method=java.util.TimSort.reverseRange([Ljava/lang/Object;II)V @ 5 c2
Event: 18.546 Thread 0x0000027f6789a310 DEOPT PACKING pc=0x0000027f4f1973b0 sp=0x000000eba5afa2b0
Event: 18.546 Thread 0x0000027f6789a310 DEOPT UNPACKING pc=0x0000027f4e2843a2 sp=0x000000eba5afa150 mode 2
Event: 18.546 Thread 0x0000027f6789a310 Uncommon trap: trap_request=0xffffffbe fr.pc=0x0000027f4f1973b0 relative=0x0000000000001010
Event: 18.546 Thread 0x0000027f6789a310 Uncommon trap: reason=profile_predicate action=maybe_recompile pc=0x0000027f4f1973b0 method=java.util.TimSort.reverseRange([Ljava/lang/Object;II)V @ 5 c2
Event: 18.546 Thread 0x0000027f6789a310 DEOPT PACKING pc=0x0000027f4f1973b0 sp=0x000000eba5afa2b0
Event: 18.546 Thread 0x0000027f6789a310 DEOPT UNPACKING pc=0x0000027f4e2843a2 sp=0x000000eba5afa150 mode 2
Event: 18.548 Thread 0x0000027f63289690 Uncommon trap: trap_request=0xffffff45 fr.pc=0x0000027f4f0bfce4 relative=0x00000000000004c4
Event: 18.548 Thread 0x0000027f63289690 Uncommon trap: reason=unstable_if action=reinterpret pc=0x0000027f4f0bfce4 method=java.io.BufferedOutputStream.growIfNeeded(I)V @ 24 c2
Event: 18.548 Thread 0x0000027f63289690 DEOPT PACKING pc=0x0000027f4f0bfce4 sp=0x000000eb9eefe2c0
Event: 18.548 Thread 0x0000027f63289690 DEOPT UNPACKING pc=0x0000027f4e2843a2 sp=0x000000eb9eefe108 mode 2
Event: 18.551 Thread 0x0000027f61b4d3e0 Uncommon trap: trap_request=0xffffff45 fr.pc=0x0000027f4ec08fbc relative=0x0000000000000c9c
Event: 18.551 Thread 0x0000027f61b4d3e0 Uncommon trap: reason=unstable_if action=reinterpret pc=0x0000027f4ec08fbc method=java.util.zip.ZipFile.getZipEntry(Ljava/lang/String;I)Ljava/util/zip/ZipEntry; @ 46 c2
Event: 18.551 Thread 0x0000027f61b4d3e0 DEOPT PACKING pc=0x0000027f4ec08fbc sp=0x000000ebaa3fc080
Event: 18.551 Thread 0x0000027f61b4d3e0 DEOPT UNPACKING pc=0x0000027f4e2843a2 sp=0x000000ebaa3fc048 mode 2
Event: 18.592 Thread 0x0000027f61b4d3e0 Uncommon trap: trap_request=0xffffff45 fr.pc=0x0000027f4ebb2c44 relative=0x0000000000000284
Event: 18.592 Thread 0x0000027f61b4d3e0 Uncommon trap: reason=unstable_if action=reinterpret pc=0x0000027f4ebb2c44 method=kotlin.text.StringsKt__StringsJVMKt.startsWith(Ljava/lang/String;Ljava/lang/String;Z)Z @ 14 c2
Event: 18.592 Thread 0x0000027f61b4d3e0 DEOPT PACKING pc=0x0000027f4ebb2c44 sp=0x000000ebaa3fb820
Event: 18.593 Thread 0x0000027f61b4d3e0 DEOPT UNPACKING pc=0x0000027f4e2843a2 sp=0x000000ebaa3fb7f0 mode 2

Classes loaded (20 events):
Event: 15.072 Loading class jdk/internal/vm/VMSupport
Event: 15.073 Loading class jdk/internal/vm/VMSupport done
Event: 15.073 Loading class sun/nio/cs/ISO_8859_1$Encoder
Event: 15.073 Loading class sun/nio/cs/ISO_8859_1$Encoder done
Event: 15.247 Loading class java/util/concurrent/Executors$DelegatedScheduledExecutorService
Event: 15.247 Loading class java/util/concurrent/Executors$DelegatedExecutorService
Event: 15.247 Loading class java/util/concurrent/Executors$DelegatedExecutorService done
Event: 15.247 Loading class java/util/concurrent/Executors$DelegatedScheduledExecutorService done
Event: 15.251 Loading class java/lang/ProcessImpl
Event: 15.252 Loading class java/lang/ProcessImpl done
Event: 16.337 Loading class java/lang/ProcessHandleImpl
Event: 16.338 Loading class java/lang/ProcessHandleImpl done
Event: 16.339 Loading class java/lang/ProcessImpl$2
Event: 16.339 Loading class java/lang/ProcessImpl$2 done
Event: 16.339 Loading class java/lang/Process$PipeInputStream
Event: 16.339 Loading class java/lang/Process$PipeInputStream done
Event: 16.341 Loading class jdk/internal/event/ProcessStartEvent
Event: 16.341 Loading class jdk/internal/event/ProcessStartEvent done
Event: 18.550 Loading class java/util/zip/ZipFile$ZipEntryIterator
Event: 18.550 Loading class java/util/zip/ZipFile$ZipEntryIterator done

Classes unloaded (0 events):
No events

Classes redefined (0 events):
No events

Internal exceptions (20 events):
Event: 18.597 Thread 0x0000027f61b4d3e0 Exception <a 'sun/nio/fs/WindowsException'{0x000000008c7b15b0}> (0x000000008c7b15b0) 
thrown [s\src\hotspot\share\prims\jni.cpp, line 537]
Event: 18.598 Thread 0x0000027f61b4d3e0 Exception <a 'sun/nio/fs/WindowsException'{0x000000008c7fb448}> (0x000000008c7fb448) 
thrown [s\src\hotspot\share\prims\jni.cpp, line 537]
Event: 18.601 Thread 0x0000027f61b4d3e0 Exception <a 'sun/nio/fs/WindowsException'{0x000000008c5498d0}> (0x000000008c5498d0) 
thrown [s\src\hotspot\share\prims\jni.cpp, line 537]
Event: 18.604 Thread 0x0000027f61b4d3e0 Exception <a 'sun/nio/fs/WindowsException'{0x000000008c419a78}> (0x000000008c419a78) 
thrown [s\src\hotspot\share\prims\jni.cpp, line 537]
Event: 18.608 Thread 0x0000027f61b4d3e0 Exception <a 'sun/nio/fs/WindowsException'{0x000000008c313578}> (0x000000008c313578) 
thrown [s\src\hotspot\share\prims\jni.cpp, line 537]
Event: 18.609 Thread 0x0000027f61b4d3e0 Exception <a 'sun/nio/fs/WindowsException'{0x000000008c337cd0}> (0x000000008c337cd0) 
thrown [s\src\hotspot\share\prims\jni.cpp, line 537]
Event: 18.610 Thread 0x0000027f61b4d3e0 Exception <a 'sun/nio/fs/WindowsException'{0x000000008c3de820}> (0x000000008c3de820) 
thrown [s\src\hotspot\share\prims\jni.cpp, line 537]
Event: 18.611 Thread 0x0000027f61b4d3e0 Exception <a 'sun/nio/fs/WindowsException'{0x000000008c20e668}> (0x000000008c20e668) 
thrown [s\src\hotspot\share\prims\jni.cpp, line 537]
Event: 18.612 Thread 0x0000027f61b4d3e0 Exception <a 'sun/nio/fs/WindowsException'{0x000000008c223cf0}> (0x000000008c223cf0) 
thrown [s\src\hotspot\share\prims\jni.cpp, line 537]
Event: 18.613 Thread 0x0000027f61b4d3e0 Exception <a 'sun/nio/fs/WindowsException'{0x000000008c123770}> (0x000000008c123770) 
thrown [s\src\hotspot\share\prims\jni.cpp, line 537]
Event: 18.615 Thread 0x0000027f61b4d3e0 Exception <a 'sun/nio/fs/WindowsException'{0x000000008c143278}> (0x000000008c143278) 
thrown [s\src\hotspot\share\prims\jni.cpp, line 537]
Event: 18.616 Thread 0x0000027f61b4d3e0 Exception <a 'sun/nio/fs/WindowsException'{0x000000008c14d588}> (0x000000008c14d588) 
thrown [s\src\hotspot\share\prims\jni.cpp, line 537]
Event: 18.617 Thread 0x0000027f61b4d3e0 Exception <a 'sun/nio/fs/WindowsException'{0x000000008c1582c0}> (0x000000008c1582c0) 
thrown [s\src\hotspot\share\prims\jni.cpp, line 537]
Event: 18.618 Thread 0x0000027f61b4d3e0 Exception <a 'sun/nio/fs/WindowsException'{0x000000008c170c08}> (0x000000008c170c08) 
thrown [s\src\hotspot\share\prims\jni.cpp, line 537]
Event: 18.619 Thread 0x0000027f61b4d3e0 Exception <a 'sun/nio/fs/WindowsException'{0x000000008c18ccf8}> (0x000000008c18ccf8) 
thrown [s\src\hotspot\share\prims\jni.cpp, line 537]
Event: 18.620 Thread 0x0000027f61b4d3e0 Exception <a 'sun/nio/fs/WindowsException'{0x000000008c19d060}> (0x000000008c19d060) 
thrown [s\src\hotspot\share\prims\jni.cpp, line 537]
Event: 18.621 Thread 0x0000027f61b4d3e0 Exception <a 'sun/nio/fs/WindowsException'{0x000000008c1a5ec0}> (0x000000008c1a5ec0) 
thrown [s\src\hotspot\share\prims\jni.cpp, line 537]
Event: 18.624 Thread 0x0000027f61b4d3e0 Exception <a 'sun/nio/fs/WindowsException'{0x000000008c1bc528}> (0x000000008c1bc528) 
thrown [s\src\hotspot\share\prims\jni.cpp, line 537]
Event: 18.626 Thread 0x0000027f61b4d3e0 Exception <a 'sun/nio/fs/WindowsException'{0x000000008c1cd3d0}> (0x000000008c1cd3d0) 
thrown [s\src\hotspot\share\prims\jni.cpp, line 537]
Event: 18.626 Thread 0x0000027f61b4d3e0 Exception <a 'sun/nio/fs/WindowsException'{0x000000008c1d82c8}> (0x000000008c1d82c8) 
thrown [s\src\hotspot\share\prims\jni.cpp, line 537]

ZGC Phase Switch (0 events):
No events

VM Operations (20 events):
Event: 15.060 Executing VM operation: ICBufferFull
Event: 15.060 Executing VM operation: ICBufferFull done
Event: 15.140 Executing VM operation: G1CollectForAllocation (G1 Evacuation Pause)
Event: 15.146 Executing VM operation: G1CollectForAllocation (G1 Evacuation Pause) done
Event: 16.153 Executing VM operation: Cleanup
Event: 16.153 Executing VM operation: Cleanup done
Event: 16.340 Executing VM operation: HandshakeAllThreads (Deoptimize)
Event: 16.340 Executing VM operation: HandshakeAllThreads (Deoptimize) done
Event: 16.516 Executing VM operation: G1CollectForAllocation (G1 Evacuation Pause)
Event: 16.518 Executing VM operation: G1CollectForAllocation (G1 Evacuation Pause) done
Event: 16.545 Executing VM operation: G1PauseRemark
Event: 16.548 Executing VM operation: G1PauseRemark done
Event: 16.564 Executing VM operation: G1PauseCleanup
Event: 16.564 Executing VM operation: G1PauseCleanup done
Event: 18.288 Executing VM operation: HandshakeAllThreads (Deoptimize)
Event: 18.288 Executing VM operation: HandshakeAllThreads (Deoptimize) done
Event: 18.288 Executing VM operation: Cleanup
Event: 18.288 Executing VM operation: Cleanup done
Event: 18.419 Executing VM operation: ICBufferFull
Event: 18.419 Executing VM operation: ICBufferFull done

Memory protections (0 events):
No events

Nmethod flushes (20 events):
Event: 16.547 Thread 0x0000027f5caa6dd0 flushing  nmethod 0x0000027f4704f310
Event: 16.547 Thread 0x0000027f5caa6dd0 flushing  nmethod 0x0000027f47597f90
Event: 16.547 Thread 0x0000027f5caa6dd0 flushing  nmethod 0x0000027f4769e690
Event: 16.547 Thread 0x0000027f5caa6dd0 flushing  nmethod 0x0000027f4769ec10
Event: 16.547 Thread 0x0000027f5caa6dd0 flushing  nmethod 0x0000027f4769f390
Event: 16.547 Thread 0x0000027f5caa6dd0 flushing  nmethod 0x0000027f4769fa10
Event: 16.547 Thread 0x0000027f5caa6dd0 flushing  nmethod 0x0000027f4775ee10
Event: 16.547 Thread 0x0000027f5caa6dd0 flushing  nmethod 0x0000027f477bb310
Event: 16.547 Thread 0x0000027f5caa6dd0 flushing  nmethod 0x0000027f477bc390
Event: 16.547 Thread 0x0000027f5caa6dd0 flushing  nmethod 0x0000027f477bc810
Event: 16.547 Thread 0x0000027f5caa6dd0 flushing  nmethod 0x0000027f47817010
Event: 16.547 Thread 0x0000027f5caa6dd0 flushing  nmethod 0x0000027f47a57b10
Event: 16.547 Thread 0x0000027f5caa6dd0 flushing  nmethod 0x0000027f480a6c10
Event: 16.547 Thread 0x0000027f5caa6dd0 flushing  nmethod 0x0000027f48378d90
Event: 16.547 Thread 0x0000027f5caa6dd0 flushing  nmethod 0x0000027f4842f290
Event: 16.547 Thread 0x0000027f5caa6dd0 flushing  nmethod 0x0000027f485f5290
Event: 16.547 Thread 0x0000027f5caa6dd0 flushing  nmethod 0x0000027f485f6410
Event: 16.547 Thread 0x0000027f5caa6dd0 flushing  nmethod 0x0000027f48682690
Event: 16.547 Thread 0x0000027f5caa6dd0 flushing  nmethod 0x0000027f4868cc10
Event: 16.547 Thread 0x0000027f5caa6dd0 flushing  nmethod 0x0000027f48697910

Events (20 events):
Event: 13.749 Thread 0x0000027f6789a310 Thread added: 0x0000027f6c0b8f80
Event: 13.750 Thread 0x0000027f6789a310 Thread added: 0x0000027f6c0b7bd0
Event: 13.750 Thread 0x0000027f6789a310 Thread added: 0x0000027f67898240
Event: 13.751 Thread 0x0000027f6789a310 Thread added: 0x0000027f678988d0
Event: 13.755 Thread 0x0000027f6789a310 Thread added: 0x0000027f671aa530
Event: 13.755 Thread 0x0000027f6789a310 Thread added: 0x0000027f65e0e090
Event: 14.959 Thread 0x0000027f6789a310 Thread added: 0x0000027f65e0d370
Event: 15.248 Thread 0x0000027f61b4c030 Thread added: 0x0000027f65e0da00
Event: 16.342 Thread 0x0000027f61b4c030 Thread added: 0x0000027f65e0e720
Event: 16.342 Thread 0x0000027f61b4c030 Thread added: 0x0000027f65e10e80
Event: 16.415 Thread 0x0000027f5cd0b8e0 Thread exited: 0x0000027f5cd0b8e0
Event: 16.416 Thread 0x0000027f5cd33110 Thread exited: 0x0000027f5cd33110
Event: 18.232 Thread 0x0000027f5cb8d970 Thread added: 0x0000027f65c6afd0
Event: 18.232 Thread 0x0000027f5cb8d970 Thread added: 0x0000027f65c6d8b0
Event: 18.233 Thread 0x0000027f5cb8d970 Thread added: 0x0000027f65c6b6a0
Event: 18.233 Thread 0x0000027f5cb8d970 Thread added: 0x0000027f65c71600
Event: 18.233 Thread 0x0000027f65c6d8b0 Thread added: 0x0000027f65c6bd70
Event: 18.245 Thread 0x0000027f5cb8e410 Thread added: 0x0000027f65c6c440
Event: 18.250 Thread 0x0000027f65c6c440 Thread added: 0x0000027f65c6d1e0
Event: 18.598 Thread 0x0000027f65c6bd70 Thread added: 0x0000027f65c6e650


Dynamic libraries:
0x00007ff755df0000 - 0x00007ff755dfa000 	D:\Program Files\Android\Android Studio\jbr\bin\java.exe
0x00007ff85e690000 - 0x00007ff85e8a8000 	C:\Windows\SYSTEM32\ntdll.dll
0x00007ff85df00000 - 0x00007ff85dfc4000 	C:\Windows\System32\KERNEL32.DLL
0x00007ff85b8e0000 - 0x00007ff85bcb3000 	C:\Windows\System32\KERNELBASE.dll
0x00007ff85bd40000 - 0x00007ff85be51000 	C:\Windows\System32\ucrtbase.dll
0x00007fffcd000000 - 0x00007fffcd01b000 	D:\Program Files\Android\Android Studio\jbr\bin\VCRUNTIME140.dll
0x00007fffc9de0000 - 0x00007fffc9df8000 	D:\Program Files\Android\Android Studio\jbr\bin\jli.dll
0x00007ff85c5d0000 - 0x00007ff85c782000 	C:\Windows\System32\USER32.dll
0x00007ff85bfd0000 - 0x00007ff85bff6000 	C:\Windows\System32\win32u.dll
0x00007ff85dcc0000 - 0x00007ff85dce9000 	C:\Windows\System32\GDI32.dll
0x00007ff85c0a0000 - 0x00007ff85c1bb000 	C:\Windows\System32\gdi32full.dll
0x00007ff85c000000 - 0x00007ff85c09a000 	C:\Windows\System32\msvcp_win.dll
0x00007ff846390000 - 0x00007ff84662c000 	C:\Windows\WinSxS\amd64_microsoft.windows.common-controls_6595b64144ccf1df_6.0.22621.6060_none_2712eda17382d24b\COMCTL32.dll
0x00007ff85de50000 - 0x00007ff85def7000 	C:\Windows\System32\msvcrt.dll
0x00007ff85d660000 - 0x00007ff85d691000 	C:\Windows\System32\IMM32.DLL
0x000000006c800000 - 0x000000006c80d000 	C:\Program Files (x86)\360\360Safe\safemon\SafeWrapper.dll
0x00007ff85dfd0000 - 0x00007ff85e081000 	C:\Windows\System32\ADVAPI32.dll
0x00007ff85d030000 - 0x00007ff85d0d8000 	C:\Windows\System32\sechost.dll
0x00007ff85bee0000 - 0x00007ff85bf08000 	C:\Windows\System32\bcrypt.dll
0x00007ff85e3a0000 - 0x00007ff85e4b8000 	C:\Windows\System32\RPCRT4.dll
0x00007ff852760000 - 0x00007ff852865000 	C:\Program Files (x86)\360\360Safe\safemon\libzdtp64.dll
0x00007ff85c790000 - 0x00007ff85d02c000 	C:\Windows\System32\SHELL32.dll
0x00007ff85b7a0000 - 0x00007ff85b8df000 	C:\Windows\System32\wintypes.dll
0x00007ff85d2c0000 - 0x00007ff85d651000 	C:\Windows\System32\combase.dll
0x00007ff85c440000 - 0x00007ff85c4a9000 	C:\Windows\System32\SHLWAPI.dll
0x00007ff85b3a0000 - 0x00007ff85b3aa000 	C:\Windows\SYSTEM32\VERSION.dll
0x00007ffff5120000 - 0x00007ffff512c000 	D:\Program Files\Android\Android Studio\jbr\bin\vcruntime140_1.dll
0x00007fff409d0000 - 0x00007fff40a5d000 	D:\Program Files\Android\Android Studio\jbr\bin\msvcp140.dll
0x00007fff18390000 - 0x00007fff19026000 	D:\Program Files\Android\Android Studio\jbr\bin\server\jvm.dll
0x00007ff85dc40000 - 0x00007ff85dcb1000 	C:\Windows\System32\WS2_32.dll
0x00007ff851450000 - 0x00007ff851484000 	C:\Windows\SYSTEM32\WINMM.dll
0x00007ff85a500000 - 0x00007ff85a54d000 	C:\Windows\SYSTEM32\POWRPROF.dll
0x00007ff85a4e0000 - 0x00007ff85a4f3000 	C:\Windows\SYSTEM32\UMPDC.dll
0x00007ff85a780000 - 0x00007ff85a798000 	C:\Windows\SYSTEM32\kernel.appcore.dll
0x00007ffff1ba0000 - 0x00007ffff1baa000 	D:\Program Files\Android\Android Studio\jbr\bin\jimage.dll
0x00007ff859000000 - 0x00007ff859233000 	C:\Windows\SYSTEM32\DBGHELP.DLL
0x00007ff85dcf0000 - 0x00007ff85ddc8000 	C:\Windows\System32\OLEAUT32.dll
0x00007ff84d920000 - 0x00007ff84d952000 	C:\Windows\SYSTEM32\dbgcore.DLL
0x00007ff85be60000 - 0x00007ff85bedb000 	C:\Windows\System32\bcryptPrimitives.dll
0x00007fffeb650000 - 0x00007fffeb65e000 	D:\Program Files\Android\Android Studio\jbr\bin\instrument.dll
0x00007fffc9dc0000 - 0x00007fffc9de0000 	D:\Program Files\Android\Android Studio\jbr\bin\java.dll
0x00007fffc9da0000 - 0x00007fffc9db8000 	D:\Program Files\Android\Android Studio\jbr\bin\zip.dll
0x00007ff8595e0000 - 0x00007ff859efa000 	C:\Windows\SYSTEM32\windows.storage.dll
0x00007ff85c4b0000 - 0x00007ff85c5b4000 	C:\Windows\System32\SHCORE.dll
0x00007ff85b6d0000 - 0x00007ff85b6f5000 	C:\Windows\SYSTEM32\profapi.dll
0x00007fffcca00000 - 0x00007fffcca10000 	D:\Program Files\Android\Android Studio\jbr\bin\net.dll
0x00007ff851b20000 - 0x00007ff851c4c000 	C:\Windows\SYSTEM32\WINHTTP.dll
0x00007ff85ac50000 - 0x00007ff85acb9000 	C:\Windows\system32\mswsock.dll
0x00007fffc9cb0000 - 0x00007fffc9cc6000 	D:\Program Files\Android\Android Studio\jbr\bin\nio.dll
0x00007ffff9960000 - 0x00007ffff9970000 	D:\Program Files\Android\Android Studio\jbr\bin\verify.dll
0x00007fffaf950000 - 0x00007fffaf977000 	C:\Users\11201\.gradle\native\c067742578af261105cb4f569cf0c3c89f3d7b1fecec35dd04571415982c5e48\windows-amd64\native-platform.dll
0x00007fff17c70000 - 0x00007fff17db4000 	C:\Users\11201\.gradle\native\38dada09dfb8b06ba9b0570ebf7e218e3eb74d4ef43ca46872605cf95ebc2f47\windows-amd64\native-platform-file-events.dll
0x00007fffc9ca0000 - 0x00007fffc9ca9000 	D:\Program Files\Android\Android Studio\jbr\bin\management.dll
0x00007fffc9c90000 - 0x00007fffc9c9b000 	D:\Program Files\Android\Android Studio\jbr\bin\management_ext.dll
0x00007ff85d720000 - 0x00007ff85d728000 	C:\Windows\System32\PSAPI.DLL
0x00007ff85ae90000 - 0x00007ff85aeab000 	C:\Windows\SYSTEM32\CRYPTSP.dll
0x00007ff85a6e0000 - 0x00007ff85a717000 	C:\Windows\system32\rsaenh.dll
0x00007ff85ad10000 - 0x00007ff85ad38000 	C:\Windows\SYSTEM32\USERENV.dll
0x00007ff85ae80000 - 0x00007ff85ae8c000 	C:\Windows\SYSTEM32\CRYPTBASE.dll
0x00007ff85b3b0000 - 0x00007ff85b3dd000 	C:\Windows\SYSTEM32\IPHLPAPI.DLL
0x00007ff85ddd0000 - 0x00007ff85ddd9000 	C:\Windows\System32\NSI.dll
0x00007fffc9c80000 - 0x00007fffc9c89000 	D:\Program Files\Android\Android Studio\jbr\bin\extnet.dll
0x00007ff849be0000 - 0x00007ff849be8000 	C:\Windows\system32\wshunix.dll
0x00007ff843cd0000 - 0x00007ff843d1b000 	C:\Program Files (x86)\Sangfor\SSL\ClientComponent7\SangforNspX64.dll
0x00007ff85e1a0000 - 0x00007ff85e341000 	C:\Windows\System32\ole32.dll
0x00007ff82d6c0000 - 0x00007ff82d6d7000 	C:\Windows\system32\napinsp.dll
0x00007ff82d6a0000 - 0x00007ff82d6bb000 	C:\Windows\system32\pnrpnsp.dll
0x00007ff85a210000 - 0x00007ff85a308000 	C:\Windows\SYSTEM32\DNSAPI.dll
0x00007ff82c760000 - 0x00007ff82c771000 	C:\Windows\System32\winrnr.dll
0x00007ff850df0000 - 0x00007ff850e05000 	C:\Windows\system32\wshbth.dll
0x00007ff82c660000 - 0x00007ff82c681000 	C:\Windows\system32\nlansp_c.dll
0x00007ff84f030000 - 0x00007ff84f03a000 	C:\Windows\System32\rasadhlp.dll
0x00007ff850c90000 - 0x00007ff850d14000 	C:\Windows\System32\fwpuclnt.dll
0x00007ff85a890000 - 0x00007ff85a8c4000 	C:\Windows\SYSTEM32\ntmarta.dll

JVMTI agents:
C:\Users\11201\.gradle\wrapper\dists\gradle-8.7-all\549ctztx5g5jixmk70l9ykwir\gradle-8.7\lib\agents\gradle-instrumentation-agent-8.7.jar path:D:\Program Files\Android\Android Studio\jbr\bin\instrument.dll, loaded, initialized, instrumentlib options:none

dbghelp: loaded successfully - version: 4.0.5 - missing functions: none
symbol engine: initialized successfully - sym options: 0x614 - pdb path: .;D:\Program Files\Android\Android Studio\jbr\bin;C:\Windows\SYSTEM32;C:\Windows\WinSxS\amd64_microsoft.windows.common-controls_6595b64144ccf1df_6.0.22621.6060_none_2712eda17382d24b;C:\Program Files (x86)\360\360Safe\safemon;D:\Program Files\Android\Android Studio\jbr\bin\server;C:\Users\11201\.gradle\native\c067742578af261105cb4f569cf0c3c89f3d7b1fecec35dd04571415982c5e48\windows-amd64;C:\Users\11201\.gradle\native\38dada09dfb8b06ba9b0570ebf7e218e3eb74d4ef43ca46872605cf95ebc2f47\windows-amd64;C:\Program Files (x86)\Sangfor\SSL\ClientComponent7

VM Arguments:
jvm_args: --add-opens=java.base/java.util=ALL-UNNAMED --add-opens=java.base/java.lang=ALL-UNNAMED --add-opens=java.base/java.lang.invoke=ALL-UNNAMED --add-opens=java.prefs/java.util.prefs=ALL-UNNAMED --add-opens=java.base/java.nio.charset=ALL-UNNAMED --add-opens=java.base/java.net=ALL-UNNAMED --add-opens=java.base/java.util.concurrent.atomic=ALL-UNNAMED -Xmx2048m -Dfile.encoding=UTF-8 -Duser.country=CN -Duser.language=zh -Duser.variant -javaagent:C:\Users\11201\.gradle\wrapper\dists\gradle-8.7-all\549ctztx5g5jixmk70l9ykwir\gradle-8.7\lib\agents\gradle-instrumentation-agent-8.7.jar 
java_command: org.gradle.launcher.daemon.bootstrap.GradleDaemon 8.7
java_class_path (initial): C:\Users\11201\.gradle\wrapper\dists\gradle-8.7-all\549ctztx5g5jixmk70l9ykwir\gradle-8.7\lib\gradle-launcher-8.7.jar
Launcher Type: SUN_STANDARD

[Global flags]
     intx CICompilerCount                          = 12                                        {product} {ergonomic}
     uint ConcGCThreads                            = 4                                         {product} {ergonomic}
     uint G1ConcRefinementThreads                  = 15                                        {product} {ergonomic}
   size_t G1HeapRegionSize                         = 1048576                                   {product} {ergonomic}
    uintx GCDrainStackTargetSize                   = 64                                        {product} {ergonomic}
   size_t InitialHeapSize                          = 264241152                                 {product} {ergonomic}
   size_t MarkStackSize                            = 4194304                                   {product} {ergonomic}
   size_t MaxHeapSize                              = 2147483648                                {product} {command line}
   size_t MaxNewSize                               = 1287651328                                {product} {ergonomic}
   size_t MinHeapDeltaBytes                        = 1048576                                   {product} {ergonomic}
   size_t MinHeapSize                              = 8388608                                   {product} {ergonomic}
    uintx NonNMethodCodeHeapSize                   = 7602480                                {pd product} {ergonomic}
    uintx NonProfiledCodeHeapSize                  = 122027880                              {pd product} {ergonomic}
    uintx ProfiledCodeHeapSize                     = 122027880                              {pd product} {ergonomic}
    uintx ReservedCodeCacheSize                    = 251658240                              {pd product} {ergonomic}
     bool SegmentedCodeCache                       = true                                      {product} {ergonomic}
   size_t SoftMaxHeapSize                          = 2147483648                             {manageable} {ergonomic}
     bool UseCompressedOops                        = true                           {product lp64_product} {ergonomic}
     bool UseG1GC                                  = true                                      {product} {ergonomic}
     bool UseLargePagesIndividualAllocation        = false                                  {pd product} {ergonomic}

Logging:
Log output configuration:
 #0: stdout all=warning uptime,level,tags foldmultilines=false
 #1: stderr all=off uptime,level,tags foldmultilines=false

Release file:
JAVA_VERSION="21.0.9" 
MODULES="java.base java.compiler java.datatransfer java.xml java.prefs java.desktop java.instrument java.logging java.management java.security.sasl java.naming java.rmi java.management.rmi java.net.http java.scripting java.security.jgss java.transaction.xa java.sql java.sql.rowset java.xml.crypto java.se java.smartcardio jdk.accessibility jdk.internal.jvmstat jdk.attach jdk.charsets jdk.internal.opt jdk.zipfs jdk.compiler jdk.crypto.ec jdk.crypto.cryptoki jdk.dynalink jdk.hotspot.agent jdk.httpserver jdk.internal.ed jdk.internal.le jdk.internal.vm.ci jdk.jartool jdk.javadoc jdk.jcmd jdk.jdeps jdk.jdwp.agent jdk.jdi jdk.jfr jdk.jlink jdk.jsobject jdk.localedata jdk.management jdk.management.agent jdk.management.jfr jdk.naming.dns jdk.naming.rmi jdk.net jdk.sctp jdk.security.auth jdk.security.jgss jdk.unsupported jdk.unsupported.desktop jdk.xml.dom" 
IMPLEMENTOR="JetBrains s.r.o." 
JAVA_RUNTIME_VERSION="21.0.9+-14649483-b1163.86" 
LIBC="default" 
OS_ARCH="x86_64" 
OS_NAME="Windows" 
SOURCE=".:git:554d0c326095" 

Environment Variables:
JAVA_HOME=C:\Program Files\Eclipse Adoptium\jdk-21.0.10.7-hotspot\
CLASSPATH=.;C:\Program Files\Eclipse Adoptium\jdk-21.0.10.7-hotspot\\lib;C:\Program Files\Eclipse Adoptium\jdk-21.0.10.7-hotspot\\lib\tools.jar
PATH=C:\Program Files\Eclipse Adoptium\jdk-21.0.10.7-hotspot\bin;C:\Program Files\Eclipse Adoptium\jdk-17.0.18.8-hotspot\bin;C:\Program Files\Eclipse Adoptium\jdk-21.0.10.7-hotspot\\bin;D:\Gurobi\win64\bin;C:\Program Files (x86)\VMware\VMware Workstation\bin\;D:\ruanjian\gnuplot\bin;D:\mys;l-8.0.41-winx64\bin;D:\ruanjian\apache-tomcat-9.0.104\bin;D:\demo\node\;D:\demo\node\node_global\node_modules;D:\demo\;C:\Program Files\MySQL\MySQL Server 8.4\bin;C:\Users\11201\AppData\Local\Programs\Python\Python313\Scripts;C:\Users\11201\AppData\Local\Programs\Python\Python313;D:\matlab\runtime\win64;D:\matlab\bin;D:\matlab\polyspace\bin;C:\Windows\System32;C:\Program Files\dotnet\;D:\MapGIS 10\program;C:\Pro;ram Files\Git\cmd;C:\Users\11201\AppData\Local\Google\Chrome\Application;D:\Program Files\apache-maven-3.9.11\bin;C:\Program Files\Microsoft SQL Server\150\Tools\Binn\;C:\Program Files\Microsoft SQL Server\Client SDK\ODBC\170\Tools\Binn\;C:\Program Files\Git\cmd;D:\ruanjian\΢��web�����߹���\dll;D:\Pro;ram Files\Git\bin;D:\Program Files\Redis 5.0;D:\Android\sdk\platform-tools;D:\Program Files\TortoiseSVN\bin;D:\Program Files\TortoiseGit\bin;".;C:\Program Files\Eclipse Adoptium\jdk-21.0.10.7-hotspot\\lib;C:\Program Files\Eclipse Adoptium\jdk-21.0.10.7-hotspot\\lib\tools.jar";C:\Program Files (x86)\Windows Kits\10\Windows Performance Toolkit\;D:\Program Files\Go\bin;D:\Program Files\Sqlite;D:\Program Files\Git\cmd;C:\Program Files\Docker\Docker\resources\bin;D:\ProgramFiles\opencv;C:\Program Files\MySQL\MySQL Shell 8.0\bin\;D:\pycharm\PyCharm Community Edition 2025.1.3.1\bin;;D:\IntelliJ IDEA 2025.2.4\bin;D:\demo\node\node_global;C:\Users\11201\AppData\Roaming\npm;D:\vscode\Microsoft VS Code\bin;C:\Users\11201\.dotnet\tools;C:\Users\11201\go\bin
USERNAME=11201
OS=Windows_NT
PROCESSOR_IDENTIFIER=Intel64 Family 6 Model 186 Stepping 2, GenuineIntel
TMP=C:\Users\11201\AppData\Local\Temp
TEMP=C:\Users\11201\AppData\Local\Temp




Periodic native trim disabled

JNI global refs:
JNI global refs: 45, weak refs: 6

JNI global refs memory usage: 835, weak refs: 833

Process memory usage:
Resident Set Size: 346672K (2% of 16494648K total physical memory with 3265656K free physical memory)

OOME stack traces (most recent first):
Classloader memory used:
Loader org.gradle.internal.classloader.VisitableURLClassLoader                         : 43270K
Loader org.gradle.internal.classloader.VisitableURLClassLoader$InstrumentingVisitableURLClassLoader: 36943K
Loader bootstrap                                                                       : 31750K
Loader org.gradle.initialization.MixInLegacyTypesClassLoader                           : 12794K
Loader jdk.internal.loader.ClassLoaders$PlatformClassLoader                            : 603K
Loader jdk.internal.reflect.DelegatingClassLoader                                      : 399K
Loader org.gradle.internal.classloader.VisitableURLClassLoader                         : 302K
Loader jdk.internal.loader.ClassLoaders$AppClassLoader                                 : 230K
Loader org.gradle.groovy.scripts.internal.DefaultScriptCompilationHandler$ScriptClassLoader: 137K
Loader org.codehaus.groovy.runtime.callsite.CallSiteClassLoader                        : 27488B
Loader sun.reflect.misc.MethodUtil                                                     : 2984B

Classes loaded by more than one classloader:
Class Program                                                                         : loaded 7 times (x 72B)
Class Build_gradle                                                                    : loaded 5 times (x 130B)
Class Build_gradle$1                                                                  : loaded 5 times (x 74B)
Class org.gradle.internal.classloader.FilteringClassLoader                            : loaded 2 times (x 105B)
Class [Lcom.google.common.collect.MapMakerInternalMap$Segment;                        : loaded 2 times (x 69B)
Class com.google.common.io.FileWriteMode                                              : loaded 2 times (x 79B)
Class [Lcom.google.common.base.AbstractIterator$State;                                : loaded 2 times (x 69B)
Class com.google.common.base.CharMatcher$IsEither                                     : loaded 2 times (x 111B)
Class org.gradle.internal.classloader.ClassLoaderHierarchy                            : loaded 2 times (x 70B)
Class com.google.common.collect.AbstractMapBasedMultimap$WrappedCollection            : loaded 2 times (x 124B)
Class com.google.common.collect.ImmutableEnumSet                                      : loaded 2 times (x 146B)
Class com.google.common.util.concurrent.ExecutionError                                : loaded 2 times (x 82B)
Class com.google.common.collect.ImmutableList$1                                       : loaded 2 times (x 97B)
Class ijJvmDebugger1_8t7po7ios6lwbzqulbj5h14bo$_run_closure1$_closure2                : loaded 2 times (x 140B)
Class org.gradle.api.internal.classpath.ManifestUtil                                  : loaded 2 times (x 71B)
Class com.google.common.collect.RegularImmutableMap                                   : loaded 2 times (x 121B)
Class com.google.common.collect.ImmutableMap$MapViewOfValuesAsSingletonSets           : loaded 2 times (x 125B)
Class org.apache.commons.io.function.IOFunction                                       : loaded 2 times (x 70B)
Class com.google.common.collect.TransformedListIterator                               : loaded 2 times (x 93B)
Class [Lorg.objectweb.asm.Symbol;                                                     : loaded 2 times (x 69B)
Class org.objectweb.asm.ClassVisitor                                                  : loaded 2 times (x 88B)
Class com.google.common.collect.UnmodifiableListIterator                              : loaded 2 times (x 95B)
Class com.google.common.collect.MapMakerInternalMap$StrongKeyDummyValueEntry$LinkedStrongKeyDummyValueEntry: loaded 2 times (x 82B)
Class com.google.common.collect.MapMakerInternalMap$Strength                          : loaded 2 times (x 80B)
Class org.objectweb.asm.MethodTooLargeException                                       : loaded 2 times (x 83B)
Class [Lcom.google.common.cache.CacheBuilder$OneWeigher;                              : loaded 2 times (x 69B)
Class com.google.common.base.Suppliers                                                : loaded 2 times (x 71B)
Class com.google.common.base.Platform$JdkPatternCompiler                              : loaded 2 times (x 75B)
Class org.gradle.internal.classloader.DefaultClassLoaderFactory                       : loaded 2 times (x 82B)
Class [Lcom.google.common.collect.AbstractIterator$State;                             : loaded 2 times (x 69B)
Class com.google.common.base.CharMatcher$None                                         : loaded 2 times (x 112B)
Class org.gradle.internal.classloader.ClassLoaderVisitor                              : loaded 2 times (x 76B)
Class [Lcom.google.common.collect.ImmutableMapEntry;                                  : loaded 2 times (x 69B)
Class org.gradle.api.internal.classpath.EffectiveClassPath                            : loaded 2 times (x 90B)
Class com.google.common.collect.AbstractIterator$1                                    : loaded 2 times (x 71B)
Class com.google.common.collect.ImmutableRangeSet                                     : loaded 2 times (x 115B)
Class [Lorg.apache.commons.io.StandardLineSeparator;                                  : loaded 2 times (x 69B)
Class org.apache.commons.io.output.StringBuilderWriter                                : loaded 2 times (x 100B)
Class com.google.common.collect.ImmutableEnumMap                                      : loaded 2 times (x 125B)
Class com.google.common.collect.ListMultimap                                          : loaded 2 times (x 70B)
Class com.google.common.collect.Iterators$EmptyModifiableIterator                     : loaded 2 times (x 86B)
Class com.google.common.collect.Sets$1                                                : loaded 2 times (x 139B)
Class org.objectweb.asm.AnnotationVisitor                                             : loaded 2 times (x 78B)
Class com.google.common.base.Splitter                                                 : loaded 2 times (x 72B)
Class org.gradle.api.internal.DefaultClassPathProvider                                : loaded 2 times (x 76B)
Class org.apache.commons.io.FilenameUtils                                             : loaded 2 times (x 71B)
Class com.google.common.collect.MapMakerInternalMap$Strength$1                        : loaded 2 times (x 80B)
Class com.google.common.collect.Maps$ViewCachingAbstractMap                           : loaded 2 times (x 125B)
Class com.google.common.collect.Sets$2                                                : loaded 2 times (x 139B)
Class [Lorg.gradle.api.internal.ClassPathProvider;                                    : loaded 2 times (x 69B)
Class org.gradle.api.internal.ClassPathProvider                                       : loaded 2 times (x 70B)
Class com.google.common.collect.MapMakerInternalMap$Strength$2                        : loaded 2 times (x 80B)
Class [Lorg.objectweb.asm.AnnotationVisitor;                                          : loaded 2 times (x 69B)
Class com.google.common.collect.Sets$3                                                : loaded 2 times (x 139B)
Class com.google.common.util.concurrent.AbstractFuture$SafeAtomicHelper               : loaded 2 times (x 79B)
Class com.google.common.cache.LocalCache$LocalLoadingCache                            : loaded 2 times (x 134B)
Class com.google.common.base.AbstractIterator$State                                   : loaded 2 times (x 79B)
Class org.gradle.internal.service.UnknownServiceException                             : loaded 2 times (x 83B)
Class com.google.common.collect.MapMakerInternalMap$StrongValueEntry                  : loaded 2 times (x 70B)
Class com.google.common.collect.Sets$4                                                : loaded 2 times (x 139B)
Class org.objectweb.asm.ModuleVisitor                                                 : loaded 2 times (x 81B)
Class com.google.common.cache.LocalCache$Strength$1                                   : loaded 2 times (x 81B)
Class com.google.common.util.concurrent.SettableFuture                                : loaded 2 times (x 114B)
Class com.google.common.cache.LocalCache$Strength$2                                   : loaded 2 times (x 81B)
Class com.google.common.collect.Interners$InternerImpl                                : loaded 2 times (x 75B)
Class com.google.common.collect.Interner                                              : loaded 2 times (x 70B)
Class com.google.common.collect.TransformedIterator                                   : loaded 2 times (x 80B)
Class com.google.common.cache.LocalCache$Strength$3                                   : loaded 2 times (x 81B)
Class com.google.common.collect.MapDifference                                         : loaded 2 times (x 70B)
Class com.google.common.base.Splitter$1                                               : loaded 2 times (x 77B)
Class com.google.common.collect.MapMaker$Dummy                                        : loaded 2 times (x 79B)
Class org.objectweb.asm.FieldWriter                                                   : loaded 2 times (x 78B)
Class com.google.common.cache.CacheBuilder$NullListener                               : loaded 2 times (x 82B)
Class org.gradle.internal.classpath.TransformedClassPath                              : loaded 2 times (x 96B)
Class com.google.common.collect.ImmutableRangeSet$AsSet                               : loaded 2 times (x 299B)
Class org.apache.commons.io.output.UnsynchronizedByteArrayOutputStream                : loaded 2 times (x 102B)
Class com.google.common.cache.CacheLoader$FunctionToCacheLoader                       : loaded 2 times (x 75B)
Class com.google.common.collect.Iterators$ArrayItr                                    : loaded 2 times (x 97B)
Class com.google.common.collect.ImmutableCollection$Builder                           : loaded 2 times (x 76B)
Class ijJvmDebugger1_8t7po7ios6lwbzqulbj5h14bo$_run_closure1                          : loaded 2 times (x 139B)
Class com.google.common.collect.BaseImmutableMultimap                                 : loaded 2 times (x 123B)
Class org.apache.commons.io.output.ByteArrayOutputStream                              : loaded 2 times (x 102B)
Class com.google.common.base.Joiner                                                   : loaded 2 times (x 79B)
Class com.google.common.base.MoreObjects                                              : loaded 2 times (x 71B)
Class [Lorg.objectweb.asm.Type;                                                       : loaded 2 times (x 69B)
Class com.google.common.collect.Platform                                              : loaded 2 times (x 71B)
Class com.google.common.collect.UnmodifiableIterator                                  : loaded 2 times (x 80B)
Class org.gradle.internal.service.ServiceLocator                                      : loaded 2 times (x 70B)
Class org.apache.commons.io.FileExistsException                                       : loaded 2 times (x 82B)
Class com.google.common.base.Ascii                                                    : loaded 2 times (x 71B)
Class com.google.common.collect.SingletonImmutableBiMap                               : loaded 2 times (x 143B)
Class com.google.common.cache.LocalCache$1                                            : loaded 2 times (x 89B)
Class com.google.common.collect.AbstractMapEntry                                      : loaded 2 times (x 81B)
Class com.google.common.collect.MapMakerInternalMap$AbstractStrongKeyEntry            : loaded 2 times (x 80B)
Class com.google.common.collect.Sets$ImprovedAbstractSet                              : loaded 2 times (x 135B)
Class com.google.common.collect.ImmutableList$Builder                                 : loaded 2 times (x 77B)
Class com.google.common.cache.LocalCache$2                                            : loaded 2 times (x 142B)
Class com.google.common.collect.AbstractMultimap                                      : loaded 2 times (x 123B)
Class com.google.common.collect.ImmutableRangeSet$1                                   : loaded 2 times (x 209B)
Class com.google.common.util.concurrent.AbstractFuture$UnsafeAtomicHelper$1           : loaded 2 times (x 76B)
Class com.google.common.collect.RegularImmutableAsList                                : loaded 2 times (x 216B)
Class com.google.common.base.Optional                                                 : loaded 2 times (x 80B)
Class com.google.common.collect.Range                                                 : loaded 2 times (x 87B)
Class com.google.common.util.concurrent.AbstractFuture$Trusted                        : loaded 2 times (x 70B)
Class com.google.common.collect.Iterators                                             : loaded 2 times (x 71B)
Class com.google.common.base.CharMatcher$RangesMatcher                                : loaded 2 times (x 112B)
Class com.google.common.io.ByteSink$AsCharSink                                        : loaded 2 times (x 80B)
Class com.google.common.util.concurrent.UncheckedExecutionException                   : loaded 2 times (x 82B)
Class com.google.common.collect.Lists$StringAsImmutableList                           : loaded 2 times (x 207B)
Class org.gradle.kotlin.dsl.VersionCatalogAccessorsKt                                 : loaded 2 times (x 71B)
Class com.google.common.collect.ImmutableSortedSetFauxverideShim                      : loaded 2 times (x 147B)
Class com.google.common.base.CharMatcher$JavaLetterOrDigit                            : loaded 2 times (x 111B)
Class org.gradle.internal.InternalTransformer                                         : loaded 2 times (x 70B)
Class com.google.common.collect.AbstractMapBasedMultimap$KeySet$1                     : loaded 2 times (x 82B)
Class org.objectweb.asm.ClassWriter                                                   : loaded 2 times (x 106B)
Class com.google.common.cache.CacheLoader$UnsupportedLoadingOperationException        : loaded 2 times (x 82B)
Class com.google.common.base.CharMatcher$And                                          : loaded 2 times (x 112B)
Class org.gradle.internal.classloader.ClasspathUtil$1                                 : loaded 2 times (x 76B)
Class com.google.common.collect.FluentIterable$1                                      : loaded 2 times (x 81B)
Class com.google.common.base.Objects                                                  : loaded 2 times (x 71B)
Class org.objectweb.asm.FieldVisitor                                                  : loaded 2 times (x 77B)
Class com.google.common.collect.IndexedImmutableSet                                   : loaded 2 times (x 150B)
Class com.google.common.collect.ImmutableMap$1                                        : loaded 2 times (x 81B)
Class com.google.common.collect.BiMap                                                 : loaded 2 times (x 70B)
Class org.gradle.api.internal.classpath.DefaultModuleRegistry$DefaultModule           : loaded 2 times (x 86B)
Class com.google.common.base.Absent                                                   : loaded 2 times (x 80B)
Class com.google.common.collect.FluentIterable$2                                      : loaded 2 times (x 81B)
Class com.google.common.collect.RegularImmutableMap$KeySet                            : loaded 2 times (x 150B)
Class com.google.common.collect.AbstractIterator                                      : loaded 2 times (x 82B)
Class com.google.common.collect.FluentIterable$3                                      : loaded 2 times (x 81B)
Class com.google.common.math.MathPreconditions                                        : loaded 2 times (x 71B)
Class com.google.common.collect.Multiset                                              : loaded 2 times (x 70B)
Class com.google.common.collect.ArrayListMultimapGwtSerializationDependencies         : loaded 2 times (x 172B)
Class com.google.common.collect.ObjectArrays                                          : loaded 2 times (x 71B)
Class com.google.common.collect.AbstractIndexedListIterator                           : loaded 2 times (x 96B)
Class org.apache.commons.io.output.NullOutputStream                                   : loaded 2 times (x 85B)
Class com.google.common.collect.ImmutableMapEntrySet                                  : loaded 2 times (x 151B)
Class org.gradle.api.internal.classpath.Module                                        : loaded 2 times (x 70B)
Class com.google.common.cache.Weigher                                                 : loaded 2 times (x 70B)
Class org.gradle.api.internal.classpath.UnknownModuleException                        : loaded 2 times (x 82B)
Class org.gradle.cache.GlobalCache                                                    : loaded 2 times (x 70B)
Class com.google.common.base.Stopwatch                                                : loaded 2 times (x 72B)
Class com.google.common.cache.LocalCache$Strength                                     : loaded 2 times (x 81B)
Class com.google.common.cache.Cache                                                   : loaded 2 times (x 70B)
Class com.google.common.io.Files$2                                                    : loaded 2 times (x 76B)
Class org.apache.commons.io.filefilter.IOFileFilter                                   : loaded 2 times (x 70B)
Class com.google.common.util.concurrent.AbstractFuture$Cancellation                   : loaded 2 times (x 72B)
Class com.google.common.collect.ImmutableMap$Builder                                  : loaded 2 times (x 82B)
Class com.google.common.base.NullnessCasts                                            : loaded 2 times (x 71B)
Class com.google.common.base.Present                                                  : loaded 2 times (x 81B)
Class com.google.common.collect.AbstractMapBasedMultimap$WrappedCollection$WrappedIterator: loaded 2 times (x 84B)
Class com.google.common.cache.RemovalListener                                         : loaded 2 times (x 70B)
Class org.gradle.api.internal.DefaultClassPathRegistry                                : loaded 2 times (x 76B)
Class com.google.common.primitives.IntsMethodsForWeb                                  : loaded 2 times (x 71B)
Class com.google.common.collect.Multimap                                              : loaded 2 times (x 70B)
Class org.gradle.api.internal.ClassPathRegistry                                       : loaded 2 times (x 70B)
Class org.gradle.internal.classpath.DefaultClassPath$ImmutableUniqueList              : loaded 2 times (x 199B)
Class com.google.common.collect.NullnessCasts                                         : loaded 2 times (x 71B)
Class com.google.common.collect.MapMakerInternalMap$Segment                           : loaded 2 times (x 142B)
Class com.google.common.base.ExtraObjectsMethodsForWeb                                : loaded 2 times (x 71B)
Class org.apache.commons.io.IOUtils                                                   : loaded 2 times (x 71B)
Class com.google.common.base.Equivalence$Identity                                     : loaded 2 times (x 82B)
Class com.google.common.io.ByteSink                                                   : loaded 2 times (x 76B)
Class com.google.common.cache.CacheBuilder                                            : loaded 2 times (x 72B)
Class com.google.common.collect.SingletonImmutableList                                : loaded 2 times (x 207B)
Class Settings_gradle$1                                                               : loaded 2 times (x 75B)
Class org.gradle.internal.classpath.ClassPath                                         : loaded 2 times (x 70B)
Class org.gradle.api.UncheckedIOException                                             : loaded 2 times (x 82B)
Class com.google.common.collect.Interners$InternerBuilder                             : loaded 2 times (x 76B)
Class com.google.common.io.Files$FileByteSource                                       : loaded 2 times (x 85B)
Class com.google.common.collect.ImmutableList$ReverseImmutableList                    : loaded 2 times (x 208B)
Class com.google.common.base.JdkPattern                                               : loaded 2 times (x 75B)
Class org.objectweb.asm.SymbolTable$Entry                                             : loaded 2 times (x 74B)
Class com.google.common.util.concurrent.AbstractFuture$AtomicHelper                   : loaded 2 times (x 78B)
Class org.objectweb.asm.Edge                                                          : loaded 2 times (x 72B)
Class com.google.common.base.Suppliers$SupplierOfInstance                             : loaded 2 times (x 79B)
Class com.google.common.collect.Iterators$1                                           : loaded 2 times (x 81B)
Class com.google.common.cache.LocalCache$ComputingValueReference                      : loaded 2 times (x 96B)
Class com.google.common.collect.SingletonImmutableSet                                 : loaded 2 times (x 146B)
Class com.google.common.collect.ImmutableMap$IteratorBasedImmutableMap                : loaded 2 times (x 125B)
Class com.google.common.cache.LocalCache$Segment                                      : loaded 2 times (x 154B)
Class com.google.common.collect.SortedIterable                                        : loaded 2 times (x 70B)
Class [Lorg.objectweb.asm.SymbolTable$Entry;                                          : loaded 2 times (x 69B)
Class com.google.common.cache.CacheLoader                                             : loaded 2 times (x 74B)
Class com.google.common.collect.Iterators$4                                           : loaded 2 times (x 82B)
Class com.google.common.collect.ImmutableBiMap                                        : loaded 2 times (x 143B)
Class com.google.common.collect.AbstractListMultimap                                  : loaded 2 times (x 172B)
Class org.gradle.internal.installation.GradleInstallation$1                           : loaded 2 times (x 75B)
Class org.gradle.api.internal.classpath.ModuleRegistry                                : loaded 2 times (x 70B)
Class com.google.common.util.concurrent.internal.InternalFutureFailureAccess          : loaded 2 times (x 72B)
Class com.google.common.collect.Iterators$5                                           : loaded 2 times (x 82B)
Class com.google.common.collect.ImmutableSet$JdkBackedSetBuilderImpl                  : loaded 2 times (x 76B)
Class com.google.common.base.Splitter$SplittingIterator                               : loaded 2 times (x 84B)
Class com.google.common.io.Closer$SuppressingSuppressor                               : loaded 2 times (x 75B)
Class com.google.common.util.concurrent.AbstractFuture$UnsafeAtomicHelper             : loaded 2 times (x 78B)
Class com.google.common.cache.LocalCache$LocalManualCache$1                           : loaded 2 times (x 75B)
Class com.google.common.base.CharMatcher$ForPredicate                                 : loaded 2 times (x 112B)
Class com.google.common.collect.ImmutableCollection                                   : loaded 2 times (x 125B)
Class com.google.common.base.CharMatcher$AnyOf                                        : loaded 2 times (x 112B)
Class org.gradle.api.internal.classpath.DefaultModuleRegistry                         : loaded 2 times (x 86B)
Class com.google.common.util.concurrent.ListenableFuture                              : loaded 2 times (x 70B)
Class com.google.common.cache.ReferenceEntry                                          : loaded 2 times (x 70B)
Class com.google.common.collect.ImmutableSet$CachingAsList                            : loaded 2 times (x 147B)
Class com.google.common.base.Converter                                                : loaded 2 times (x 90B)
Class com.google.common.collect.Lists                                                 : loaded 2 times (x 71B)
Class com.google.common.base.CharMatcher$Any                                          : loaded 2 times (x 112B)
Class com.google.common.util.concurrent.AbstractFuture                                : loaded 2 times (x 106B)
Class com.google.common.base.FunctionalEquivalence                                    : loaded 2 times (x 83B)
Class com.google.common.collect.Iterators$9                                           : loaded 2 times (x 81B)
Class com.google.common.collect.AbstractMapBasedMultimap                              : loaded 2 times (x 139B)
Class com.google.common.collect.ImmutableAsList                                       : loaded 2 times (x 209B)
Class org.objectweb.asm.RecordComponentVisitor                                        : loaded 2 times (x 77B)
Class com.google.common.cache.CacheLoader$SupplierToCacheLoader                       : loaded 2 times (x 75B)
Class ijKotlinCoroutineJvmDebugInit1_6zg3uwa41tzw7ohij9n9xlytb$_run_closure1$_closure2: loaded 2 times (x 139B)
Class com.google.common.collect.Maps$EntryTransformer                                 : loaded 2 times (x 70B)
Class org.gradle.internal.service.ServiceLookupException                              : loaded 2 times (x 82B)
Class com.google.common.collect.ImmutableSortedSet                                    : loaded 2 times (x 299B)
Class [Lcom.google.common.cache.LocalCache$EntryFactory;                              : loaded 2 times (x 69B)
Class com.google.common.base.CharMatcher$JavaLetter                                   : loaded 2 times (x 111B)
Class ijKotlinCoroutineJvmDebugInit1_6zg3uwa41tzw7ohij9n9xlytb$_run_closure1          : loaded 2 times (x 139B)
Class org.gradle.internal.classloader.ClassLoaderFactory                              : loaded 2 times (x 70B)
Class com.google.common.collect.ImmutableMap$SerializedForm                           : loaded 2 times (x 73B)
Class com.google.common.cache.LocalCache$LocalManualCache                             : loaded 2 times (x 99B)
Class com.google.common.base.CharMatcher$IsNot                                        : loaded 2 times (x 111B)
Class com.google.common.base.CommonPattern                                            : loaded 2 times (x 74B)
Class ijJvmDebugger1_8t7po7ios6lwbzqulbj5h14bo                                        : loaded 2 times (x 179B)
Class org.gradle.internal.service.CachingServiceLocator                               : loaded 2 times (x 82B)
Class com.google.common.collect.RegularImmutableSortedSet                             : loaded 2 times (x 299B)
Class com.google.common.collect.AbstractMapBasedMultimap$KeySet                       : loaded 2 times (x 137B)
Class com.google.common.math.IntMath                                                  : loaded 2 times (x 71B)
Class com.google.common.collect.MapMakerInternalMap$InternalEntry                     : loaded 2 times (x 70B)
Class com.google.common.collect.Iterators$10                                          : loaded 2 times (x 81B)
Class com.google.common.collect.ImmutableMapEntry                                     : loaded 2 times (x 85B)
Class com.google.common.base.CharMatcher$JavaDigit                                    : loaded 2 times (x 111B)
Class com.google.common.collect.ImmutableMultimap                                     : loaded 2 times (x 147B)
Class com.google.common.base.Equivalence                                              : loaded 2 times (x 82B)
Class com.google.common.collect.ImmutableMapEntry$NonTerminalImmutableMapEntry        : loaded 2 times (x 85B)
Class com.google.common.base.Function                                                 : loaded 2 times (x 70B)
Class com.google.common.collect.IndexedImmutableSet$1                                 : loaded 2 times (x 212B)
Class org.apache.commons.io.output.AbstractByteArrayOutputStream                      : loaded 2 times (x 102B)
Class com.google.common.cache.CacheBuilder$OneWeigher                                 : loaded 2 times (x 82B)
Class com.google.common.collect.RegularImmutableList                                  : loaded 2 times (x 212B)
Class org.gradle.kotlin.dsl.TestImplementationConfigurationAccessorsKt                : loaded 2 times (x 71B)
Class com.google.common.collect.ImmutableBiMapFauxverideShim                          : loaded 2 times (x 120B)
Class org.gradle.internal.classloader.ClasspathUtil                                   : loaded 2 times (x 71B)
Class com.google.common.base.Charsets                                                 : loaded 2 times (x 71B)
Class com.google.common.util.concurrent.Uninterruptibles                              : loaded 2 times (x 71B)
Class com.google.common.collect.Maps                                                  : loaded 2 times (x 71B)
Class com.google.common.base.CharMatcher$JavaUpperCase                                : loaded 2 times (x 111B)
Class org.gradle.api.specs.Spec                                                       : loaded 2 times (x 70B)
Class com.google.common.collect.MapMaker                                              : loaded 2 times (x 72B)
Class org.apache.commons.io.file.PathFilter                                           : loaded 2 times (x 70B)
Class [Lcom.google.common.collect.ImmutableEntry;                                     : loaded 2 times (x 69B)
Class com.google.common.cache.LocalCache$LoadingValueReference                        : loaded 2 times (x 96B)
Class com.google.common.primitives.Ints                                               : loaded 2 times (x 71B)
Class com.google.common.collect.MapMakerInternalMap$StrongKeyDummyValueEntry          : loaded 2 times (x 82B)
Class com.google.common.base.Platform                                                 : loaded 2 times (x 71B)
Class Build_gradle$2                                                                  : loaded 2 times (x 78B)
Class com.google.common.collect.AbstractMapBasedMultimap$WrappedList                  : loaded 2 times (x 205B)
Class [Lorg.objectweb.asm.AnnotationWriter;                                           : loaded 2 times (x 69B)
Class com.google.common.primitives.Ints$IntConverter                                  : loaded 2 times (x 90B)
Class com.google.common.collect.Maps$8                                                : loaded 2 times (x 82B)
Class [Lcom.google.common.collect.Iterators$EmptyModifiableIterator;                  : loaded 2 times (x 69B)
Class com.google.common.collect.ImmutableRangeSet$Builder                             : loaded 2 times (x 77B)
Class com.google.common.collect.Sets$SetView                                          : loaded 2 times (x 138B)
Class com.google.common.cache.LocalCache$StrongValueReference                         : loaded 2 times (x 90B)
Class com.google.common.util.concurrent.AbstractFuture$SynchronizedHelper             : loaded 2 times (x 78B)
Class com.google.common.base.CharMatcher$Invisible                                    : loaded 2 times (x 112B)
Class com.google.common.graph.SuccessorsFunction                                      : loaded 2 times (x 70B)
Class org.objectweb.asm.Type                                                          : loaded 2 times (x 72B)
Class org.gradle.internal.classloader.VisitableURLClassLoader$InstrumentingVisitableURLClassLoader: loaded 2 times (x 123B)
Class com.google.common.collect.MapMakerInternalMap$StrongKeyDummyValueEntry$Helper   : loaded 2 times (x 79B)
Class org.apache.commons.io.FileUtils                                                 : loaded 2 times (x 71B)
Class com.google.common.io.Files$FileByteSink                                         : loaded 2 times (x 77B)
Class org.objectweb.asm.ByteVector                                                    : loaded 2 times (x 79B)
Class [Lcom.google.common.cache.CacheBuilder$NullListener;                            : loaded 2 times (x 69B)
Class com.google.common.math.IntMath$1                                                : loaded 2 times (x 71B)
Class org.gradle.internal.classloader.VisitableURLClassLoader$Spec                    : loaded 2 times (x 74B)
Class org.gradle.internal.classpath.DefaultClassPath                                  : loaded 2 times (x 90B)
Class org.objectweb.asm.Symbol                                                        : loaded 2 times (x 73B)
Class com.google.common.base.AbstractIterator                                         : loaded 2 times (x 80B)
Class com.google.common.io.Closer                                                     : loaded 2 times (x 78B)
Class com.google.common.collect.ImmutableSet                                          : loaded 2 times (x 145B)
Class com.google.common.collect.RegularImmutableMap$Values                            : loaded 2 times (x 207B)
Class com.google.common.base.CharMatcher$BitSetMatcher                                : loaded 2 times (x 112B)
Class com.google.common.base.CharMatcher$Ascii                                        : loaded 2 times (x 112B)
Class org.gradle.internal.classloader.ClassLoaderSpec                                 : loaded 2 times (x 71B)
Class org.objectweb.asm.AnnotationWriter                                              : loaded 2 times (x 79B)
Class com.google.common.cache.CacheStats                                              : loaded 2 times (x 71B)
Class com.google.common.collect.Interners                                             : loaded 2 times (x 71B)
Class com.google.common.io.Closer$Suppressor                                          : loaded 2 times (x 70B)
Class com.google.common.io.LineProcessor                                              : loaded 2 times (x 70B)
Class org.objectweb.asm.RecordComponentWriter                                         : loaded 2 times (x 78B)
Class com.google.common.util.concurrent.AbstractFuture$Listener                       : loaded 2 times (x 72B)
Class com.google.common.base.CharMatcher$Or                                           : loaded 2 times (x 112B)
Class Settings_gradle$1$1                                                             : loaded 2 times (x 75B)
Class org.objectweb.asm.Attribute                                                     : loaded 2 times (x 77B)
Class com.google.common.base.Supplier                                                 : loaded 2 times (x 70B)
Class org.gradle.internal.classloader.VisitableURLClassLoader                         : loaded 2 times (x 117B)
Class com.google.common.collect.ImmutableList$SerializedForm                          : loaded 2 times (x 73B)
Class com.google.common.util.concurrent.AbstractFuture$Waiter                         : loaded 2 times (x 72B)
Class Settings_gradle                                                                 : loaded 2 times (x 128B)
Class org.gradle.internal.Cast                                                        : loaded 2 times (x 71B)
Class org.gradle.api.Action                                                           : loaded 2 times (x 70B)
Class com.google.common.collect.MapMakerInternalMap                                   : loaded 2 times (x 161B)
Class com.google.common.collect.Sets                                                  : loaded 2 times (x 71B)
Class org.objectweb.asm.Handler                                                       : loaded 2 times (x 72B)
Class com.google.common.base.Ticker                                                   : loaded 2 times (x 72B)
Class com.google.common.base.Strings                                                  : loaded 2 times (x 71B)
Class com.google.common.base.CharMatcher$FastMatcher                                  : loaded 2 times (x 111B)
Class org.gradle.internal.agents.InstrumentingClassLoader                             : loaded 2 times (x 70B)
Class [Lcom.google.common.cache.LocalCache$Segment;                                   : loaded 2 times (x 69B)
Class [Lcom.google.common.cache.LocalCache$Strength;                                  : loaded 2 times (x 69B)
Class com.google.common.cache.CacheBuilder$1                                          : loaded 2 times (x 85B)
Class com.google.common.collect.ImmutableMap                                          : loaded 2 times (x 120B)
Class com.google.common.base.Predicate                                                : loaded 2 times (x 70B)
Class org.gradle.internal.classpath.DefaultClassPath$ImmutableUniqueList$Builder      : loaded 2 times (x 75B)
Class com.google.common.collect.MapMakerInternalMap$WeakValueReference                : loaded 2 times (x 70B)
Class com.google.common.collect.AbstractRangeSet                                      : loaded 2 times (x 114B)
Class com.google.common.cache.LocalCache                                              : loaded 2 times (x 187B)
Class com.google.common.cache.CacheBuilder$2                                          : loaded 2 times (x 72B)
Class com.google.common.base.CharMatcher$NegatedFastMatcher                           : loaded 2 times (x 113B)
Class [Lcom.google.common.collect.AbstractMapEntry;                                   : loaded 2 times (x 69B)
Class com.google.common.collect.ImmutableEntry                                        : loaded 2 times (x 82B)
Class com.google.common.collect.ArrayListMultimap                                     : loaded 2 times (x 172B)
Class com.google.common.base.AbstractIterator$1                                       : loaded 2 times (x 71B)
Class com.google.common.base.CharMatcher$Digit                                        : loaded 2 times (x 112B)
Class org.gradle.api.GradleException                                                  : loaded 2 times (x 82B)
Class org.apache.commons.io.StandardLineSeparator                                     : loaded 2 times (x 79B)
Class com.google.common.collect.CollectPreconditions                                  : loaded 2 times (x 71B)
Class com.google.common.base.CharMatcher$JavaIsoControl                               : loaded 2 times (x 112B)
Class [Lcom.google.common.collect.MapMakerInternalMap$Strength;                       : loaded 2 times (x 69B)
Class [Lcom.google.common.io.FileWriteMode;                                           : loaded 2 times (x 69B)
Class com.google.common.collect.SortedMapDifference                                   : loaded 2 times (x 70B)
Class com.google.common.base.CharMatcher$JavaLowerCase                                : loaded 2 times (x 111B)
Class ijKotlinCoroutineJvmDebugInit1_6zg3uwa41tzw7ohij9n9xlytb                        : loaded 2 times (x 179B)
Class Build_gradle$1$1                                                                : loaded 2 times (x 74B)
Class com.google.common.collect.Iterables$4                                           : loaded 2 times (x 81B)
Class com.google.common.collect.MapMakerInternalMap$StrongKeyDummyValueSegment        : loaded 2 times (x 142B)
Class com.google.common.io.Files                                                      : loaded 2 times (x 71B)
Class com.google.common.cache.LocalCache$EntryFactory                                 : loaded 2 times (x 83B)
Class [Lcom.google.common.collect.MapMaker$Dummy;                                     : loaded 2 times (x 69B)
Class com.google.common.cache.LocalCache$AbstractReferenceEntry                       : loaded 2 times (x 107B)
Class com.google.common.base.Splitter$1$1                                             : loaded 2 times (x 86B)
Class com.google.common.base.CharMatcher$Whitespace                                   : loaded 2 times (x 112B)
Class org.gradle.internal.IoActions                                                   : loaded 2 times (x 71B)
Class com.google.common.collect.ImmutableMapKeySet                                    : loaded 2 times (x 150B)
Class com.google.common.collect.ImmutableRangeSet$ComplementRanges                    : loaded 2 times (x 207B)
Class org.objectweb.asm.SymbolTable                                                   : loaded 2 times (x 72B)
Class com.google.common.cache.CacheLoader$InvalidCacheLoadException                   : loaded 2 times (x 82B)
Class com.google.common.collect.ImmutableSet$RegularSetBuilderImpl                    : loaded 2 times (x 77B)
Class com.google.common.base.CharMatcher$SingleWidth                                  : loaded 2 times (x 112B)
Class org.gradle.internal.classloader.SystemClassLoaderSpec                           : loaded 2 times (x 71B)
Class com.google.common.collect.FluentIterable                                        : loaded 2 times (x 81B)
Class com.google.common.cache.LocalCache$StrongEntry                                  : loaded 2 times (x 108B)
Class com.google.common.util.concurrent.AbstractFuture$TrustedFuture                  : loaded 2 times (x 114B)
Class com.google.common.cache.LoadingCache                                            : loaded 2 times (x 70B)
Class org.gradle.kotlin.dsl.ImplementationConfigurationAccessorsKt                    : loaded 2 times (x 71B)
Class org.objectweb.asm.MethodWriter                                                  : loaded 2 times (x 106B)
Class [Lcom.google.common.cache.Weigher;                                              : loaded 2 times (x 69B)
Class com.google.common.collect.RegularImmutableMap$BucketOverflowException           : loaded 2 times (x 82B)
Class com.google.common.collect.AbstractMapBasedMultimap$RandomAccessWrappedList      : loaded 2 times (x 205B)
Class com.google.common.collect.AbstractIterator$State                                : loaded 2 times (x 79B)
Class com.google.common.collect.RegularImmutableBiMap                                 : loaded 2 times (x 148B)
Class com.google.common.cache.LocalCache$ValueReference                               : loaded 2 times (x 70B)
Class com.google.common.base.CharMatcher$Negated                                      : loaded 2 times (x 113B)
Class com.google.common.base.CharMatcher$Is                                           : loaded 2 times (x 111B)
Class com.google.common.util.concurrent.AbstractFuture$Failure                        : loaded 2 times (x 72B)
Class com.google.common.base.Equivalence$Equals                                       : loaded 2 times (x 82B)
Class com.google.common.collect.Hashing                                               : loaded 2 times (x 71B)
Class com.google.common.base.PatternCompiler                                          : loaded 2 times (x 70B)
Class com.google.common.base.Preconditions                                            : loaded 2 times (x 71B)
Class com.google.common.collect.ImmutableSetMultimap                                  : loaded 2 times (x 180B)
Class com.google.common.io.CharSink                                                   : loaded 2 times (x 79B)
Class com.google.common.base.Joiner$1                                                 : loaded 2 times (x 80B)
Class org.objectweb.asm.Label                                                         : loaded 2 times (x 73B)
Class org.objectweb.asm.CurrentFrame                                                  : loaded 2 times (x 73B)
Class org.objectweb.asm.ClassTooLargeException                                        : loaded 2 times (x 83B)
Class com.google.common.collect.PeekingIterator                                       : loaded 2 times (x 70B)
Class com.google.common.base.CharMatcher                                              : loaded 2 times (x 111B)
Class com.google.common.collect.MapMakerInternalMap$InternalEntryHelper               : loaded 2 times (x 70B)
Class com.google.common.collect.Maps$IteratorBasedAbstractMap                         : loaded 2 times (x 125B)
Class com.google.common.collect.RangeGwtSerializationDependencies                     : loaded 2 times (x 71B)
Class com.google.common.base.Joiner$2                                                 : loaded 2 times (x 79B)
Class org.objectweb.asm.Frame                                                         : loaded 2 times (x 73B)
Class org.objectweb.asm.MethodVisitor                                                 : loaded 2 times (x 105B)
Class com.google.common.cache.LocalCache$EntryFactory$1                               : loaded 2 times (x 83B)
Class [Lcom.google.common.cache.RemovalListener;                                      : loaded 2 times (x 69B)
Class com.google.common.base.CharMatcher$1                                            : loaded 2 times (x 113B)
Class com.google.common.base.CharMatcher$NamedFastMatcher                             : loaded 2 times (x 112B)
Class com.google.common.collect.RangeSet                                              : loaded 2 times (x 70B)
Class com.google.common.cache.LocalCache$EntryFactory$2                               : loaded 2 times (x 83B)
Class com.google.common.collect.CollectCollectors                                     : loaded 2 times (x 71B)
Class org.objectweb.asm.ModuleWriter                                                  : loaded 2 times (x 82B)
Class com.google.common.cache.LocalCache$EntryFactory$3                               : loaded 2 times (x 83B)
Class com.google.common.base.Ticker$1                                                 : loaded 2 times (x 72B)
Class com.google.common.collect.ImmutableMapEntrySet$RegularEntrySet                  : loaded 2 times (x 151B)
Class com.google.common.collect.Maps$BiMapConverter                                   : loaded 2 times (x 90B)
Class com.google.common.collect.SetMultimap                                           : loaded 2 times (x 70B)
Class com.google.common.cache.LocalCache$EntryFactory$4                               : loaded 2 times (x 83B)
Class com.google.common.collect.ImmutableSet$Builder                                  : loaded 2 times (x 85B)
Class com.google.common.base.CharMatcher$InRange                                      : loaded 2 times (x 111B)
Class Settings_gradle$1$1$1                                                           : loaded 2 times (x 75B)
Class com.google.common.cache.LocalCache$EntryFactory$5                               : loaded 2 times (x 83B)
Class Settings_gradle$1$1$2                                                           : loaded 2 times (x 75B)
Class com.google.common.base.PairwiseEquivalence                                      : loaded 2 times (x 83B)
Class org.apache.commons.io.output.AppendableWriter                                   : loaded 2 times (x 100B)
Class com.google.common.cache.LocalCache$EntryFactory$6                               : loaded 2 times (x 83B)
Class org.gradle.internal.installation.CurrentGradleInstallationLocator               : loaded 2 times (x 71B)
Class org.apache.commons.io.output.ThresholdingOutputStream                           : loaded 2 times (x 94B)
Class com.google.common.collect.Maps$KeySet                                           : loaded 2 times (x 137B)
Class com.google.common.cache.LocalCache$EntryFactory$7                               : loaded 2 times (x 83B)
Class com.google.common.collect.ImmutableSet$EmptySetBuilderImpl                      : loaded 2 times (x 76B)
Class com.google.common.collect.ImmutableList                                         : loaded 2 times (x 206B)
Class org.gradle.internal.service.DefaultServiceLocator                               : loaded 2 times (x 83B)
Class com.google.common.collect.Maps$EntrySet                                         : loaded 2 times (x 136B)
Class com.google.common.cache.LocalCache$EntryFactory$8                               : loaded 2 times (x 83B)
Class com.google.common.collect.ImmutableSet$SetBuilderImpl                           : loaded 2 times (x 76B)
Class org.gradle.internal.installation.CurrentGradleInstallation                      : loaded 2 times (x 73B)
Class com.google.common.cache.CacheLoader$1                                           : loaded 2 times (x 75B)
Class com.google.common.collect.ForwardingObject                                      : loaded 2 times (x 72B)
Class com.google.common.collect.ImmutableList$SubList                                 : loaded 2 times (x 208B)
Class org.gradle.util.internal.GUtil                                                  : loaded 2 times (x 71B)
Class com.google.common.io.ByteSource                                                 : loaded 2 times (x 84B)
Class com.google.common.util.concurrent.AbstractFuture$SetFuture                      : loaded 2 times (x 75B)
Class com.google.common.cache.AbstractCache$StatsCounter                              : loaded 2 times (x 70B)
Class com.google.common.collect.MapMakerInternalMap$1                                 : loaded 2 times (x 83B)
Class com.google.common.collect.Iterators$MergingIterator                             : loaded 2 times (x 81B)
Class com.google.common.collect.RegularImmutableSet                                   : loaded 2 times (x 148B)
Class org.gradle.internal.installation.GradleInstallation                             : loaded 2 times (x 75B)
Class com.google.common.collect.Iterables                                             : loaded 2 times (x 71B)
Class com.google.common.base.Splitter$Strategy                                        : loaded 2 times (x 70B)

---------------  S Y S T E M  ---------------

OS:
 Windows 11 , 64 bit Build 22621 (10.0.22621.5415)
OS uptime: 0 days 7:57 hours
Hyper-V role detected

CPU: total 20 (initial active 20) (10 cores per cpu, 2 threads per core) family 6 model 186 stepping 2 microcode 0x410e, cx8, cmov, fxsr, ht, mmx, 3dnowpref, sse, sse2, sse3, ssse3, sse4.1, sse4.2, popcnt, lzcnt, tsc, tscinvbit, avx, avx2, aes, erms, clmul, bmi1, bmi2, adx, sha, fma, vzeroupper, clflush, clflushopt, clwb, hv, serialize, rdtscp, rdpid, fsrm, f16c, cet_ibt, cet_ss
Processor Information for processor 0
  Max Mhz: 2400, Current Mhz: 2400, Mhz Limit: 2400
Processor Information for processor 1
  Max Mhz: 2400, Current Mhz: 2400, Mhz Limit: 2400
Processor Information for processor 2
  Max Mhz: 2400, Current Mhz: 2400, Mhz Limit: 2400
Processor Information for processor 3
  Max Mhz: 2400, Current Mhz: 2400, Mhz Limit: 2400
Processor Information for processor 4
  Max Mhz: 2400, Current Mhz: 2400, Mhz Limit: 2400
Processor Information for processor 5
  Max Mhz: 2400, Current Mhz: 2400, Mhz Limit: 2400
Processor Information for processor 6
  Max Mhz: 2400, Current Mhz: 2400, Mhz Limit: 2400
Processor Information for processor 7
  Max Mhz: 2400, Current Mhz: 2400, Mhz Limit: 2400
Processor Information for processor 8
  Max Mhz: 2400, Current Mhz: 2400, Mhz Limit: 2400
Processor Information for processor 9
  Max Mhz: 2400, Current Mhz: 2400, Mhz Limit: 2400
Processor Information for processor 10
  Max Mhz: 2400, Current Mhz: 2400, Mhz Limit: 2400
Processor Information for processor 11
  Max Mhz: 2400, Current Mhz: 2400, Mhz Limit: 2400
Processor Information for processor 12
  Max Mhz: 2400, Current Mhz: 1800, Mhz Limit: 1800
Processor Information for processor 13
  Max Mhz: 2400, Current Mhz: 1800, Mhz Limit: 1800
Processor Information for processor 14
  Max Mhz: 2400, Current Mhz: 1800, Mhz Limit: 1800
Processor Information for processor 15
  Max Mhz: 2400, Current Mhz: 1800, Mhz Limit: 1800
Processor Information for processor 16
  Max Mhz: 2400, Current Mhz: 1800, Mhz Limit: 1800
Processor Information for processor 17
  Max Mhz: 2400, Current Mhz: 1800, Mhz Limit: 1800
Processor Information for processor 18
  Max Mhz: 2400, Current Mhz: 1800, Mhz Limit: 1800
Processor Information for processor 19
  Max Mhz: 2400, Current Mhz: 1800, Mhz Limit: 1800

Memory: 4k page, system-wide physical 16108M (3382M free)
TotalPageFile size 43366M (AvailPageFile size 281M)
current process WorkingSet (physical memory assigned to process): 375M, peak: 612M
current process commit charge ("private bytes"): 735M, peak: 748M

vm_info: OpenJDK 64-Bit Server VM (21.0.9+-14649483-b1163.86) for windows-amd64 JRE (21.0.9+-14649483-b1163.86), built on 2025-12-30T22:08:35Z by "builder" with MS VC++ 16.10 / 16.11 (VS2019)

END.
