
  .   ____          _            __ _ _
 /\\ / ___'_ __ _ _(_)_ __  __ _ \ \ \ \
( ( )\___ | '_ | '_| | '_ \/ _` | \ \ \ \
 \\/  ___)| |_)| | | | | || (_| |  ) ) ) )
  '  |____| .__|_| |_|_| |_\__, | / / / /
 =========|_|==============|___/=/_/_/_/

 :: Spring Boot ::                (v3.3.4)

2026-04-21T19:19:47.513+08:00  INFO 21432 --- [           main] c.e.p.backend.PoetryBackendApplication   : Starting PoetryBackendApplication v1.0.0 using Java 17.0.1 with PID 21432 (D:\Poetry.app\backend\target\poetry-backend-1.0.0.jar started by YJJ in D:\Poetry.app\backend)
2026-04-21T19:19:47.516+08:00 DEBUG 21432 --- [           main] c.e.p.backend.PoetryBackendApplication   : Running with Spring Boot v3.3.4, Spring v6.1.13
2026-04-21T19:19:47.517+08:00  INFO 21432 --- [           main] c.e.p.backend.PoetryBackendApplication   : No active profile set, falling back to 1 default profile: "default"
2026-04-21T19:19:47.517+08:00 DEBUG 21432 --- [           main] o.s.boot.SpringApplication               : Loading source class com.example.poetry.backend.PoetryBackendApplication
2026-04-21T19:19:47.553+08:00 DEBUG 21432 --- [           main] ConfigServletWebServerApplicationContext : Refreshing org.springframework.boot.web.servlet.context.AnnotationConfigServletWebServerApplicationContext@4c1f22f3
2026-04-21T19:19:48.649+08:00 DEBUG 21432 --- [           main] .s.b.w.e.t.TomcatServletWebServerFactory : Code archive: D:\Poetry.app\backend\target\poetry-backend-1.0.0.jar
2026-04-21T19:19:48.650+08:00 DEBUG 21432 --- [           main] .s.b.w.e.t.TomcatServletWebServerFactory : Code archive: D:\Poetry.app\backend\target\poetry-backend-1.0.0.jar
2026-04-21T19:19:48.650+08:00 DEBUG 21432 --- [           main] .s.b.w.e.t.TomcatServletWebServerFactory : None of the document roots [src/main/webapp, public, static] point to a directory and will be ignored.
2026-04-21T19:19:48.673+08:00  INFO 21432 --- [           main] o.s.b.w.embedded.tomcat.TomcatWebServer  : Tomcat initialized with port 8080 (http)
2026-04-21T19:19:48.687+08:00  INFO 21432 --- [           main] o.apache.catalina.core.StandardService   : Starting service [Tomcat]
2026-04-21T19:19:48.687+08:00  INFO 21432 --- [           main] o.apache.catalina.core.StandardEngine    : Starting Servlet engine: [Apache Tomcat/10.1.30]
2026-04-21T19:19:48.727+08:00  INFO 21432 --- [           main] o.a.c.c.C.[Tomcat].[localhost].[/]       : Initializing Spring embedded WebApplicationContext
2026-04-21T19:19:48.728+08:00 DEBUG 21432 --- [           main] w.s.c.ServletWebServerApplicationContext : Published root WebApplicationContext as ServletContext attribute with name [org.springframework.web.context.WebApplicationContext.ROOT]
2026-04-21T19:19:48.730+08:00  INFO 21432 --- [           main] w.s.c.ServletWebServerApplicationContext : Root WebApplicationContext: initialization completed in 1175 ms
2026-04-21T19:19:48.744+08:00 DEBUG 21432 --- [           main] o.s.b.w.s.ServletContextInitializerBeans : Mapping filters: characterEncodingFilter urls=[/*] order=-2147483648, formContentFilter urls=[/*] order=-9900, requestContextFilter urls=[/*] order=-105
2026-04-21T19:19:48.745+08:00 DEBUG 21432 --- [           main] o.s.b.w.s.ServletContextInitializerBeans : Mapping servlets: dispatcherServlet urls=[/]
2026-04-21T19:19:48.767+08:00 DEBUG 21432 --- [           main] o.s.b.w.s.f.OrderedRequestContextFilter  : Filter 'requestContextFilter' configured for use
2026-04-21T19:19:48.771+08:00 DEBUG 21432 --- [           main] s.b.w.s.f.OrderedCharacterEncodingFilter : Filter 'characterEncodingFilter' configured for use
2026-04-21T19:19:48.771+08:00 DEBUG 21432 --- [           main] o.s.b.w.s.f.OrderedFormContentFilter     : Filter 'formContentFilter' configured for use
2026-04-21T19:19:48.788+08:00 DEBUG 21432 --- [           main] ySourcesPropertyResolver$DefaultResolver : Found key 'POETRY_DB_PASSWORD' in PropertySource 'systemEnvironment' with value of type String
2026-04-21T19:19:48.788+08:00 DEBUG 21432 --- [           main] ySourcesPropertyResolver$DefaultResolver : Found key 'POETRY_DB_USERNAME' in PropertySource 'systemEnvironment' with value of type String
2026-04-21T19:19:49.050+08:00 DEBUG 21432 --- [           main] s.w.s.m.m.a.RequestMappingHandlerMapping : 5 mappings in 'requestMappingHandlerMapping'
2026-04-21T19:19:49.086+08:00 DEBUG 21432 --- [           main] o.s.b.a.AutoConfigurationPackages        : @EnableAutoConfiguration was declared on a class in the package 'com.example.poetry.backend'. Automatic @Repository and @Entity scanning is enabled.
2026-04-21T19:19:49.149+08:00 DEBUG 21432 --- [           main] o.s.w.s.handler.SimpleUrlHandlerMapping  : Patterns [/webjars/**, /**] in 'resourceHandlerMapping'
2026-04-21T19:19:49.183+08:00 DEBUG 21432 --- [           main] s.w.s.m.m.a.RequestMappingHandlerAdapter : ControllerAdvice beans: 0 @ModelAttribute, 0 @InitBinder, 1 RequestBodyAdvice, 1 ResponseBodyAdvice
2026-04-21T19:19:49.229+08:00 DEBUG 21432 --- [           main] .m.m.a.ExceptionHandlerExceptionResolver : ControllerAdvice beans: 0 @ExceptionHandler, 1 ResponseBodyAdvice
2026-04-21T19:19:49.343+08:00  INFO 21432 --- [           main] o.s.b.w.embedded.tomcat.TomcatWebServer  : Tomcat started on port 8080 (http) with context path '/'
2026-04-21T19:19:49.355+08:00 DEBUG 21432 --- [           main] .s.b.a.l.ConditionEvaluationReportLogger : 


============================
CONDITIONS EVALUATION REPORT
============================


Positive matches:
-----------------

   AopAutoConfiguration matched:
      - @ConditionalOnProperty (spring.aop.auto=true) matched (OnPropertyCondition)

   AopAutoConfiguration.ClassProxyingConfiguration matched:
      - @ConditionalOnMissingClass did not find unwanted class 'org.aspectj.weaver.Advice' (OnClassCondition)
      - @ConditionalOnProperty (spring.aop.proxy-target-class=true) matched (OnPropertyCondition)

   ApplicationAvailabilityAutoConfiguration#applicationAvailability matched:
      - @ConditionalOnMissingBean (types: org.springframework.boot.availability.ApplicationAvailability; SearchStrategy: all) did not find any beans (OnBeanCondition)

   DataSourceAutoConfiguration matched:
      - @ConditionalOnClass found required classes 'javax.sql.DataSource', 'org.springframework.jdbc.datasource.embedded.EmbeddedDatabaseType' (OnClassCondition)
      - @ConditionalOnMissingBean (types: io.r2dbc.spi.ConnectionFactory; SearchStrategy: all) did not find any beans (OnBeanCondition)

   DataSourceAutoConfiguration.PooledDataSourceConfiguration matched:
      - AnyNestedCondition 1 matched 1 did not; NestedCondition on DataSourceAutoConfiguration.PooledDataSourceCondition.PooledDataSourceAvailable PooledDataSource found supported DataSource; NestedCondition on DataSourceAutoConfiguration.PooledDataSourceCondition.ExplicitType @ConditionalOnProperty (spring.datasource.type) did not find property 'type' (DataSourceAutoConfiguration.PooledDataSourceCondition)
      - @ConditionalOnMissingBean (types: javax.sql.DataSource,javax.sql.XADataSource; SearchStrategy: all) did not find any beans (OnBeanCondition)

   DataSourceAutoConfiguration.PooledDataSourceConfiguration#jdbcConnectionDetails matched:
      - @ConditionalOnMissingBean (types: org.springframework.boot.autoconfigure.jdbc.JdbcConnectionDetails; SearchStrategy: all) did not find any beans (OnBeanCondition)

   DataSourceConfiguration.Hikari matched:
      - @ConditionalOnClass found required class 'com.zaxxer.hikari.HikariDataSource' (OnClassCondition)
      - @ConditionalOnProperty (spring.datasource.type=com.zaxxer.hikari.HikariDataSource) matched (OnPropertyCondition)
      - @ConditionalOnMissingBean (types: javax.sql.DataSource; SearchStrategy: all) did not find any beans (OnBeanCondition)

   DataSourceInitializationConfiguration matched:
      - @ConditionalOnClass found required class 'org.springframework.jdbc.datasource.init.DatabasePopulator' (OnClassCondition)
      - @ConditionalOnSingleCandidate (types: javax.sql.DataSource; SearchStrategy: all) found a single bean 'dataSource'; @ConditionalOnMissingBean (types: org.springframework.boot.autoconfigure.sql.init.SqlDataSourceScriptDatabaseInitializer,org.springframework.boot.autoconfigure.sql.init.SqlR2dbcScriptDatabaseInitializer; SearchStrategy: all) did not find any beans (OnBeanCondition)

   DataSourceJmxConfiguration matched:
      - @ConditionalOnProperty (spring.jmx.enabled=true) matched (OnPropertyCondition)

   DataSourceJmxConfiguration.Hikari matched:
      - @ConditionalOnClass found required class 'com.zaxxer.hikari.HikariDataSource' (OnClassCondition)
      - @ConditionalOnSingleCandidate (types: javax.sql.DataSource; SearchStrategy: all) found a single bean 'dataSource' (OnBeanCondition)

   DataSourcePoolMetadataProvidersConfiguration.HikariPoolDataSourceMetadataProviderConfiguration matched:
      - @ConditionalOnClass found required class 'com.zaxxer.hikari.HikariDataSource' (OnClassCondition)

   DataSourceTransactionManagerAutoConfiguration matched:
      - @ConditionalOnClass found required classes 'javax.sql.DataSource', 'org.springframework.jdbc.core.JdbcTemplate', 'org.springframework.transaction.TransactionManager' (OnClassCondition)

   DataSourceTransactionManagerAutoConfiguration.JdbcTransactionManagerConfiguration matched:
      - @ConditionalOnSingleCandidate (types: javax.sql.DataSource; SearchStrategy: all) found a single bean 'dataSource' (OnBeanCondition)

   DataSourceTransactionManagerAutoConfiguration.JdbcTransactionManagerConfiguration#transactionManager matched:
      - @ConditionalOnMissingBean (types: org.springframework.transaction.TransactionManager; SearchStrategy: all) did not find any beans (OnBeanCondition)

   DispatcherServletAutoConfiguration matched:
      - @ConditionalOnClass found required class 'org.springframework.web.servlet.DispatcherServlet' (OnClassCondition)
      - found 'session' scope (OnWebApplicationCondition)

   DispatcherServletAutoConfiguration.DispatcherServletConfiguration matched:
      - @ConditionalOnClass found required class 'jakarta.servlet.ServletRegistration' (OnClassCondition)
      - Default DispatcherServlet did not find dispatcher servlet beans (DispatcherServletAutoConfiguration.DefaultDispatcherServletCondition)

   DispatcherServletAutoConfiguration.DispatcherServletRegistrationConfiguration matched:
      - @ConditionalOnClass found required class 'jakarta.servlet.ServletRegistration' (OnClassCondition)
      - DispatcherServlet Registration did not find servlet registration bean (DispatcherServletAutoConfiguration.DispatcherServletRegistrationCondition)

   DispatcherServletAutoConfiguration.DispatcherServletRegistrationConfiguration#dispatcherServletRegistration matched:
      - @ConditionalOnBean (names: dispatcherServlet types: org.springframework.web.servlet.DispatcherServlet; SearchStrategy: all) found bean 'dispatcherServlet' (OnBeanCondition)

   EmbeddedWebServerFactoryCustomizerAutoConfiguration matched:
      - @ConditionalOnWebApplication (required) found 'session' scope (OnWebApplicationCondition)
      - @ConditionalOnWarDeployment the application is not deployed as a WAR file. (OnWarDeploymentCondition)

   EmbeddedWebServerFactoryCustomizerAutoConfiguration.TomcatWebServerFactoryCustomizerConfiguration matched:
      - @ConditionalOnClass found required classes 'org.apache.catalina.startup.Tomcat', 'org.apache.coyote.UpgradeProtocol' (OnClassCondition)

   ErrorMvcAutoConfiguration matched:
      - @ConditionalOnClass found required classes 'jakarta.servlet.Servlet', 'org.springframework.web.servlet.DispatcherServlet' (OnClassCondition)
      - found 'session' scope (OnWebApplicationCondition)

   ErrorMvcAutoConfiguration#basicErrorController matched:
      - @ConditionalOnMissingBean (types: org.springframework.boot.web.servlet.error.ErrorController; SearchStrategy: current) did not find any beans (OnBeanCondition)

   ErrorMvcAutoConfiguration#errorAttributes matched:
      - @ConditionalOnMissingBean (types: org.springframework.boot.web.servlet.error.ErrorAttributes; SearchStrategy: current) did not find any beans (OnBeanCondition)

   ErrorMvcAutoConfiguration.DefaultErrorViewResolverConfiguration#conventionErrorViewResolver matched:
      - @ConditionalOnBean (types: org.springframework.web.servlet.DispatcherServlet; SearchStrategy: all) found bean 'dispatcherServlet'; @ConditionalOnMissingBean (types: org.springframework.boot.autoconfigure.web.servlet.error.ErrorViewResolver; SearchStrategy: all) did not find any beans (OnBeanCondition)

   ErrorMvcAutoConfiguration.WhitelabelErrorViewConfiguration matched:
      - @ConditionalOnProperty (server.error.whitelabel.enabled) matched (OnPropertyCondition)
      - ErrorTemplate Missing did not find error template view (ErrorMvcAutoConfiguration.ErrorTemplateMissingCondition)

   ErrorMvcAutoConfiguration.WhitelabelErrorViewConfiguration#beanNameViewResolver matched:
      - @ConditionalOnMissingBean (types: org.springframework.web.servlet.view.BeanNameViewResolver; SearchStrategy: all) did not find any beans (OnBeanCondition)

   ErrorMvcAutoConfiguration.WhitelabelErrorViewConfiguration#defaultErrorView matched:
      - @ConditionalOnMissingBean (names: error; SearchStrategy: all) did not find any beans (OnBeanCondition)

   GenericCacheConfiguration matched:
      - Cache org.springframework.boot.autoconfigure.cache.GenericCacheConfiguration automatic cache type (CacheCondition)

   HttpEncodingAutoConfiguration matched:
      - @ConditionalOnClass found required class 'org.springframework.web.filter.CharacterEncodingFilter' (OnClassCondition)
      - found 'session' scope (OnWebApplicationCondition)
      - @ConditionalOnProperty (server.servlet.encoding.enabled) matched (OnPropertyCondition)

   HttpEncodingAutoConfiguration#characterEncodingFilter matched:
      - @ConditionalOnMissingBean (types: org.springframework.web.filter.CharacterEncodingFilter; SearchStrategy: all) did not find any beans (OnBeanCondition)

   HttpMessageConvertersAutoConfiguration matched:
      - @ConditionalOnClass found required class 'org.springframework.http.converter.HttpMessageConverter' (OnClassCondition)
      - NoneNestedConditions 0 matched 1 did not; NestedCondition on HttpMessageConvertersAutoConfiguration.NotReactiveWebApplicationCondition.ReactiveWebApplication did not find reactive web application classes (HttpMessageConvertersAutoConfiguration.NotReactiveWebApplicationCondition)

   HttpMessageConvertersAutoConfiguration#messageConverters matched:
      - @ConditionalOnMissingBean (types: org.springframework.boot.autoconfigure.http.HttpMessageConverters; SearchStrategy: all) did not find any beans (OnBeanCondition)

   HttpMessageConvertersAutoConfiguration.StringHttpMessageConverterConfiguration matched:
      - @ConditionalOnClass found required class 'org.springframework.http.converter.StringHttpMessageConverter' (OnClassCondition)

   HttpMessageConvertersAutoConfiguration.StringHttpMessageConverterConfiguration#stringHttpMessageConverter matched:
      - @ConditionalOnMissingBean (types: org.springframework.http.converter.StringHttpMessageConverter; SearchStrategy: all) did not find any beans (OnBeanCondition)

   JacksonAutoConfiguration matched:
      - @ConditionalOnClass found required class 'com.fasterxml.jackson.databind.ObjectMapper' (OnClassCondition)

   JacksonAutoConfiguration.Jackson2ObjectMapperBuilderCustomizerConfiguration matched:
      - @ConditionalOnClass found required class 'org.springframework.http.converter.json.Jackson2ObjectMapperBuilder' (OnClassCondition)

   JacksonAutoConfiguration.JacksonObjectMapperBuilderConfiguration matched:
      - @ConditionalOnClass found required class 'org.springframework.http.converter.json.Jackson2ObjectMapperBuilder' (OnClassCondition)

   JacksonAutoConfiguration.JacksonObjectMapperBuilderConfiguration#jacksonObjectMapperBuilder matched:
      - @ConditionalOnMissingBean (types: org.springframework.http.converter.json.Jackson2ObjectMapperBuilder; SearchStrategy: all) did not find any beans (OnBeanCondition)

   JacksonAutoConfiguration.JacksonObjectMapperConfiguration matched:
      - @ConditionalOnClass found required class 'org.springframework.http.converter.json.Jackson2ObjectMapperBuilder' (OnClassCondition)

   JacksonAutoConfiguration.JacksonObjectMapperConfiguration#jacksonObjectMapper matched:
      - @ConditionalOnMissingBean (types: com.fasterxml.jackson.databind.ObjectMapper; SearchStrategy: all) did not find any beans (OnBeanCondition)

   JacksonAutoConfiguration.ParameterNamesModuleConfiguration matched:
      - @ConditionalOnClass found required class 'com.fasterxml.jackson.module.paramnames.ParameterNamesModule' (OnClassCondition)

   JacksonAutoConfiguration.ParameterNamesModuleConfiguration#parameterNamesModule matched:
      - @ConditionalOnMissingBean (types: com.fasterxml.jackson.module.paramnames.ParameterNamesModule; SearchStrategy: all) did not find any beans (OnBeanCondition)

   JacksonHttpMessageConvertersConfiguration.MappingJackson2HttpMessageConverterConfiguration matched:
      - @ConditionalOnClass found required class 'com.fasterxml.jackson.databind.ObjectMapper' (OnClassCondition)
      - @ConditionalOnProperty (spring.mvc.converters.preferred-json-mapper=jackson) matched (OnPropertyCondition)
      - @ConditionalOnBean (types: com.fasterxml.jackson.databind.ObjectMapper; SearchStrategy: all) found bean 'jacksonObjectMapper' (OnBeanCondition)

   JacksonHttpMessageConvertersConfiguration.MappingJackson2HttpMessageConverterConfiguration#mappingJackson2HttpMessageConverter matched:
      - @ConditionalOnMissingBean (types: org.springframework.http.converter.json.MappingJackson2HttpMessageConverter ignored: org.springframework.hateoas.server.mvc.TypeConstrainedMappingJackson2HttpMessageConverter,org.springframework.data.rest.webmvc.alps.AlpsJsonHttpMessageConverter; SearchStrategy: all) did not find any beans (OnBeanCondition)

   JdbcClientAutoConfiguration matched:
      - @ConditionalOnSingleCandidate (types: org.springframework.jdbc.core.namedparam.NamedParameterJdbcTemplate; SearchStrategy: all) found a single bean 'namedParameterJdbcTemplate'; @ConditionalOnMissingBean (types: org.springframework.jdbc.core.simple.JdbcClient; SearchStrategy: all) did not find any beans (OnBeanCondition)

   JdbcTemplateAutoConfiguration matched:
      - @ConditionalOnClass found required classes 'javax.sql.DataSource', 'org.springframework.jdbc.core.JdbcTemplate' (OnClassCondition)
      - @ConditionalOnSingleCandidate (types: javax.sql.DataSource; SearchStrategy: all) found a single bean 'dataSource' (OnBeanCondition)

   JdbcTemplateConfiguration matched:
      - @ConditionalOnMissingBean (types: org.springframework.jdbc.core.JdbcOperations; SearchStrategy: all) did not find any beans (OnBeanCondition)

   LifecycleAutoConfiguration#defaultLifecycleProcessor matched:
      - @ConditionalOnMissingBean (names: lifecycleProcessor; SearchStrategy: current) did not find any beans (OnBeanCondition)

   MultipartAutoConfiguration matched:
      - @ConditionalOnClass found required classes 'jakarta.servlet.Servlet', 'org.springframework.web.multipart.support.StandardServletMultipartResolver', 'jakarta.servlet.MultipartConfigElement' (OnClassCondition)
      - found 'session' scope (OnWebApplicationCondition)
      - @ConditionalOnProperty (spring.servlet.multipart.enabled) matched (OnPropertyCondition)

   MultipartAutoConfiguration#multipartConfigElement matched:
      - @ConditionalOnMissingBean (types: jakarta.servlet.MultipartConfigElement; SearchStrategy: all) did not find any beans (OnBeanCondition)

   MultipartAutoConfiguration#multipartResolver matched:
      - @ConditionalOnMissingBean (types: org.springframework.web.multipart.MultipartResolver; SearchStrategy: all) did not find any beans (OnBeanCondition)

   NamedParameterJdbcTemplateConfiguration matched:
      - @ConditionalOnSingleCandidate (types: org.springframework.jdbc.core.JdbcTemplate; SearchStrategy: all) found a single bean 'jdbcTemplate'; @ConditionalOnMissingBean (types: org.springframework.jdbc.core.namedparam.NamedParameterJdbcOperations; SearchStrategy: all) did not find any beans (OnBeanCondition)

   NoOpCacheConfiguration matched:
      - Cache org.springframework.boot.autoconfigure.cache.NoOpCacheConfiguration automatic cache type (CacheCondition)

   PersistenceExceptionTranslationAutoConfiguration matched:
      - @ConditionalOnClass found required class 'org.springframework.dao.annotation.PersistenceExceptionTranslationPostProcessor' (OnClassCondition)

   PersistenceExceptionTranslationAutoConfiguration#persistenceExceptionTranslationPostProcessor matched:
      - @ConditionalOnProperty (spring.dao.exceptiontranslation.enabled) matched (OnPropertyCondition)
      - @ConditionalOnMissingBean (types: org.springframework.dao.annotation.PersistenceExceptionTranslationPostProcessor; SearchStrategy: all) did not find any beans (OnBeanCondition)

   PropertyPlaceholderAutoConfiguration#propertySourcesPlaceholderConfigurer matched:
      - @ConditionalOnMissingBean (types: org.springframework.context.support.PropertySourcesPlaceholderConfigurer; SearchStrategy: current) did not find any beans (OnBeanCondition)

   RestClientAutoConfiguration matched:
      - @ConditionalOnClass found required class 'org.springframework.web.client.RestClient' (OnClassCondition)
      - NoneNestedConditions 0 matched 1 did not; NestedCondition on NotReactiveWebApplicationCondition.ReactiveWebApplication did not find reactive web application classes (NotReactiveWebApplicationCondition)

   RestClientAutoConfiguration#httpMessageConvertersRestClientCustomizer matched:
      - @ConditionalOnMissingBean (types: org.springframework.boot.autoconfigure.web.client.HttpMessageConvertersRestClientCustomizer; SearchStrategy: all) did not find any beans (OnBeanCondition)

   RestClientAutoConfiguration#restClientBuilder matched:
      - @ConditionalOnMissingBean (types: org.springframework.web.client.RestClient$Builder; SearchStrategy: all) did not find any beans (OnBeanCondition)

   RestClientAutoConfiguration#restClientBuilderConfigurer matched:
      - @ConditionalOnMissingBean (types: org.springframework.boot.autoconfigure.web.client.RestClientBuilderConfigurer; SearchStrategy: all) did not find any beans (OnBeanCondition)

   RestClientAutoConfiguration#restClientSsl matched:
      - @ConditionalOnBean (types: org.springframework.boot.ssl.SslBundles; SearchStrategy: all) found bean 'sslBundleRegistry'; @ConditionalOnMissingBean (types: org.springframework.boot.autoconfigure.web.client.RestClientSsl; SearchStrategy: all) did not find any beans (OnBeanCondition)

   RestTemplateAutoConfiguration matched:
      - @ConditionalOnClass found required class 'org.springframework.web.client.RestTemplate' (OnClassCondition)
      - NoneNestedConditions 0 matched 1 did not; NestedCondition on NotReactiveWebApplicationCondition.ReactiveWebApplication did not find reactive web application classes (NotReactiveWebApplicationCondition)

   RestTemplateAutoConfiguration#restTemplateBuilder matched:
      - @ConditionalOnMissingBean (types: org.springframework.boot.web.client.RestTemplateBuilder; SearchStrategy: all) did not find any beans (OnBeanCondition)

   ServletWebServerFactoryAutoConfiguration matched:
      - @ConditionalOnClass found required class 'jakarta.servlet.ServletRequest' (OnClassCondition)
      - found 'session' scope (OnWebApplicationCondition)

   ServletWebServerFactoryAutoConfiguration#tomcatServletWebServerFactoryCustomizer matched:
      - @ConditionalOnClass found required class 'org.apache.catalina.startup.Tomcat' (OnClassCondition)

   ServletWebServerFactoryConfiguration.EmbeddedTomcat matched:
      - @ConditionalOnClass found required classes 'jakarta.servlet.Servlet', 'org.apache.catalina.startup.Tomcat', 'org.apache.coyote.UpgradeProtocol' (OnClassCondition)
      - @ConditionalOnMissingBean (types: org.springframework.boot.web.servlet.server.ServletWebServerFactory; SearchStrategy: current) did not find any beans (OnBeanCondition)

   SimpleCacheConfiguration matched:
      - Cache org.springframework.boot.autoconfigure.cache.SimpleCacheConfiguration automatic cache type (CacheCondition)

   SqlInitializationAutoConfiguration matched:
      - @ConditionalOnProperty (spring.sql.init.enabled) matched (OnPropertyCondition)
      - NoneNestedConditions 0 matched 1 did not; NestedCondition on SqlInitializationAutoConfiguration.SqlInitializationModeCondition.ModeIsNever @ConditionalOnProperty (spring.sql.init.mode=never) did not find property 'mode' (SqlInitializationAutoConfiguration.SqlInitializationModeCondition)

   SslAutoConfiguration#sslBundleRegistry matched:
      - @ConditionalOnMissingBean (types: org.springframework.boot.ssl.SslBundleRegistry,org.springframework.boot.ssl.SslBundles; SearchStrategy: all) did not find any beans (OnBeanCondition)

   TaskExecutionAutoConfiguration matched:
      - @ConditionalOnClass found required class 'org.springframework.scheduling.concurrent.ThreadPoolTaskExecutor' (OnClassCondition)

   TaskExecutorConfigurations.SimpleAsyncTaskExecutorBuilderConfiguration#simpleAsyncTaskExecutorBuilder matched:
      - @ConditionalOnMissingBean (types: org.springframework.boot.task.SimpleAsyncTaskExecutorBuilder; SearchStrategy: all) did not find any beans (OnBeanCondition)
      - @ConditionalOnThreading found PLATFORM (OnThreadingCondition)

   TaskExecutorConfigurations.TaskExecutorBuilderConfiguration#taskExecutorBuilder matched:
      - @ConditionalOnMissingBean (types: org.springframework.boot.task.TaskExecutorBuilder; SearchStrategy: all) did not find any beans (OnBeanCondition)

   TaskExecutorConfigurations.TaskExecutorConfiguration matched:
      - @ConditionalOnMissingBean (types: java.util.concurrent.Executor; SearchStrategy: all) did not find any beans (OnBeanCondition)

   TaskExecutorConfigurations.TaskExecutorConfiguration#applicationTaskExecutor matched:
      - @ConditionalOnThreading found PLATFORM (OnThreadingCondition)

   TaskExecutorConfigurations.ThreadPoolTaskExecutorBuilderConfiguration#threadPoolTaskExecutorBuilder matched:
      - @ConditionalOnMissingBean (types: org.springframework.boot.task.TaskExecutorBuilder,org.springframework.boot.task.ThreadPoolTaskExecutorBuilder; SearchStrategy: all) did not find any beans (OnBeanCondition)

   TaskSchedulingAutoConfiguration matched:
      - @ConditionalOnClass found required class 'org.springframework.scheduling.concurrent.ThreadPoolTaskScheduler' (OnClassCondition)

   TaskSchedulingConfigurations.SimpleAsyncTaskSchedulerBuilderConfiguration#simpleAsyncTaskSchedulerBuilder matched:
      - @ConditionalOnMissingBean (types: org.springframework.boot.task.SimpleAsyncTaskSchedulerBuilder; SearchStrategy: all) did not find any beans (OnBeanCondition)
      - @ConditionalOnThreading found PLATFORM (OnThreadingCondition)

   TaskSchedulingConfigurations.TaskSchedulerBuilderConfiguration#taskSchedulerBuilder matched:
      - @ConditionalOnMissingBean (types: org.springframework.boot.task.TaskSchedulerBuilder; SearchStrategy: all) did not find any beans (OnBeanCondition)

   TaskSchedulingConfigurations.ThreadPoolTaskSchedulerBuilderConfiguration#threadPoolTaskSchedulerBuilder matched:
      - @ConditionalOnMissingBean (types: org.springframework.boot.task.TaskSchedulerBuilder,org.springframework.boot.task.ThreadPoolTaskSchedulerBuilder; SearchStrategy: all) did not find any beans (OnBeanCondition)

   TransactionAutoConfiguration matched:
      - @ConditionalOnClass found required class 'org.springframework.transaction.PlatformTransactionManager' (OnClassCondition)

   TransactionAutoConfiguration.EnableTransactionManagementConfiguration matched:
      - @ConditionalOnBean (types: org.springframework.transaction.TransactionManager; SearchStrategy: all) found bean 'transactionManager'; @ConditionalOnMissingBean (types: org.springframework.transaction.annotation.AbstractTransactionManagementConfiguration; SearchStrategy: all) did not find any beans (OnBeanCondition)

   TransactionAutoConfiguration.EnableTransactionManagementConfiguration.CglibAutoProxyConfiguration matched:
      - @ConditionalOnProperty (spring.aop.proxy-target-class=true) matched (OnPropertyCondition)

   TransactionAutoConfiguration.TransactionTemplateConfiguration matched:
      - @ConditionalOnSingleCandidate (types: org.springframework.transaction.PlatformTransactionManager; SearchStrategy: all) found a single bean 'transactionManager' (OnBeanCondition)

   TransactionAutoConfiguration.TransactionTemplateConfiguration#transactionTemplate matched:
      - @ConditionalOnMissingBean (types: org.springframework.transaction.support.TransactionOperations; SearchStrategy: all) did not find any beans (OnBeanCondition)

   TransactionManagerCustomizationAutoConfiguration matched:
      - @ConditionalOnClass found required class 'org.springframework.transaction.PlatformTransactionManager' (OnClassCondition)

   TransactionManagerCustomizationAutoConfiguration#platformTransactionManagerCustomizers matched:
      - @ConditionalOnMissingBean (types: org.springframework.boot.autoconfigure.transaction.TransactionManagerCustomizers; SearchStrategy: all) did not find any beans (OnBeanCondition)

   ValidationAutoConfiguration matched:
      - @ConditionalOnClass found required class 'jakarta.validation.executable.ExecutableValidator' (OnClassCondition)
      - @ConditionalOnResource found location classpath:META-INF/services/jakarta.validation.spi.ValidationProvider (OnResourceCondition)

   ValidationAutoConfiguration#defaultValidator matched:
      - @ConditionalOnMissingBean (types: jakarta.validation.Validator; SearchStrategy: all) did not find any beans (OnBeanCondition)

   ValidationAutoConfiguration#methodValidationPostProcessor matched:
      - @ConditionalOnMissingBean (types: org.springframework.validation.beanvalidation.MethodValidationPostProcessor; SearchStrategy: current) did not find any beans (OnBeanCondition)

   WebMvcAutoConfiguration matched:
      - @ConditionalOnClass found required classes 'jakarta.servlet.Servlet', 'org.springframework.web.servlet.DispatcherServlet', 'org.springframework.web.servlet.config.annotation.WebMvcConfigurer' (OnClassCondition)
      - found 'session' scope (OnWebApplicationCondition)
      - @ConditionalOnMissingBean (types: org.springframework.web.servlet.config.annotation.WebMvcConfigurationSupport; SearchStrategy: all) did not find any beans (OnBeanCondition)

   WebMvcAutoConfiguration#formContentFilter matched:
      - @ConditionalOnProperty (spring.mvc.formcontent.filter.enabled) matched (OnPropertyCondition)
      - @ConditionalOnMissingBean (types: org.springframework.web.filter.FormContentFilter; SearchStrategy: all) did not find any beans (OnBeanCondition)

   WebMvcAutoConfiguration.EnableWebMvcConfiguration#flashMapManager matched:
      - @ConditionalOnMissingBean (names: flashMapManager; SearchStrategy: all) did not find any beans (OnBeanCondition)

   WebMvcAutoConfiguration.EnableWebMvcConfiguration#localeResolver matched:
      - @ConditionalOnMissingBean (names: localeResolver; SearchStrategy: all) did not find any beans (OnBeanCondition)

   WebMvcAutoConfiguration.EnableWebMvcConfiguration#themeResolver matched:
      - @ConditionalOnMissingBean (names: themeResolver; SearchStrategy: all) did not find any beans (OnBeanCondition)

   WebMvcAutoConfiguration.WebMvcAutoConfigurationAdapter#defaultViewResolver matched:
      - @ConditionalOnMissingBean (types: org.springframework.web.servlet.view.InternalResourceViewResolver; SearchStrategy: all) did not find any beans (OnBeanCondition)

   WebMvcAutoConfiguration.WebMvcAutoConfigurationAdapter#requestContextFilter matched:
      - @ConditionalOnMissingBean (types: org.springframework.web.context.request.RequestContextListener,org.springframework.web.filter.RequestContextFilter; SearchStrategy: all) did not find any beans (OnBeanCondition)

   WebMvcAutoConfiguration.WebMvcAutoConfigurationAdapter#viewResolver matched:
      - @ConditionalOnBean (types: org.springframework.web.servlet.ViewResolver; SearchStrategy: all) found beans 'defaultViewResolver', 'beanNameViewResolver', 'mvcViewResolver'; @ConditionalOnMissingBean (names: viewResolver types: org.springframework.web.servlet.view.ContentNegotiatingViewResolver; SearchStrategy: all) did not find any beans (OnBeanCondition)

   WebSocketServletAutoConfiguration matched:
      - @ConditionalOnClass found required classes 'jakarta.servlet.Servlet', 'jakarta.websocket.server.ServerContainer' (OnClassCondition)
      - found 'session' scope (OnWebApplicationCondition)

   WebSocketServletAutoConfiguration.TomcatWebSocketConfiguration matched:
      - @ConditionalOnClass found required classes 'org.apache.catalina.startup.Tomcat', 'org.apache.tomcat.websocket.server.WsSci' (OnClassCondition)

   WebSocketServletAutoConfiguration.TomcatWebSocketConfiguration#websocketServletWebServerCustomizer matched:
      - @ConditionalOnMissingBean (names: websocketServletWebServerCustomizer; SearchStrategy: all) did not find any beans (OnBeanCondition)


Negative matches:
-----------------

   ActiveMQAutoConfiguration:
      Did not match:
         - @ConditionalOnClass did not find required class 'jakarta.jms.ConnectionFactory' (OnClassCondition)

   AopAutoConfiguration.AspectJAutoProxyingConfiguration:
      Did not match:
         - @ConditionalOnClass did not find required class 'org.aspectj.weaver.Advice' (OnClassCondition)

   ArtemisAutoConfiguration:
      Did not match:
         - @ConditionalOnClass did not find required class 'jakarta.jms.ConnectionFactory' (OnClassCondition)

   BatchAutoConfiguration:
      Did not match:
         - @ConditionalOnClass did not find required class 'org.springframework.batch.core.launch.JobLauncher' (OnClassCondition)

   Cache2kCacheConfiguration:
      Did not match:
         - @ConditionalOnClass did not find required class 'org.cache2k.Cache2kBuilder' (OnClassCondition)

   CacheAutoConfiguration:
      Did not match:
         - @ConditionalOnBean (types: org.springframework.cache.interceptor.CacheAspectSupport; SearchStrategy: all) did not find any beans of type org.springframework.cache.interceptor.CacheAspectSupport (OnBeanCondition)
      Matched:
         - @ConditionalOnClass found required class 'org.springframework.cache.CacheManager' (OnClassCondition)

   CacheAutoConfiguration.CacheManagerEntityManagerFactoryDependsOnPostProcessor:
      Did not match:
         - @ConditionalOnClass did not find required class 'org.springframework.orm.jpa.LocalContainerEntityManagerFactoryBean' (OnClassCondition)
         - Ancestor org.springframework.boot.autoconfigure.cache.CacheAutoConfiguration did not match (ConditionEvaluationReport.AncestorsMatchedCondition)

   CaffeineCacheConfiguration:
      Did not match:
         - @ConditionalOnClass did not find required class 'com.github.benmanes.caffeine.cache.Caffeine' (OnClassCondition)

   CassandraAutoConfiguration:
      Did not match:
         - @ConditionalOnClass did not find required class 'com.datastax.oss.driver.api.core.CqlSession' (OnClassCondition)

   CassandraDataAutoConfiguration:
      Did not match:
         - @ConditionalOnClass did not find required class 'com.datastax.oss.driver.api.core.CqlSession' (OnClassCondition)

   CassandraReactiveDataAutoConfiguration:
      Did not match:
         - @ConditionalOnClass did not find required class 'com.datastax.oss.driver.api.core.CqlSession' (OnClassCondition)

   CassandraReactiveRepositoriesAutoConfiguration:
      Did not match:
         - @ConditionalOnClass did not find required class 'org.springframework.data.cassandra.ReactiveSession' (OnClassCondition)

   CassandraRepositoriesAutoConfiguration:
      Did not match:
         - @ConditionalOnClass did not find required class 'com.datastax.oss.driver.api.core.CqlSession' (OnClassCondition)

   ClientHttpConnectorAutoConfiguration:
      Did not match:
         - @ConditionalOnClass did not find required class 'org.springframework.web.reactive.function.client.WebClient' (OnClassCondition)

   CodecsAutoConfiguration:
      Did not match:
         - @ConditionalOnClass did not find required class 'org.springframework.web.reactive.function.client.WebClient' (OnClassCondition)

   CouchbaseAutoConfiguration:
      Did not match:
         - @ConditionalOnClass did not find required class 'com.couchbase.client.java.Cluster' (OnClassCondition)

   CouchbaseCacheConfiguration:
      Did not match:
         - @ConditionalOnClass did not find required class 'com.couchbase.client.java.Cluster' (OnClassCondition)

   CouchbaseDataAutoConfiguration:
      Did not match:
         - @ConditionalOnClass did not find required class 'com.couchbase.client.java.Bucket' (OnClassCondition)

   CouchbaseReactiveDataAutoConfiguration:
      Did not match:
         - @ConditionalOnClass did not find required class 'com.couchbase.client.java.Cluster' (OnClassCondition)

   CouchbaseReactiveRepositoriesAutoConfiguration:
      Did not match:
         - @ConditionalOnClass did not find required class 'com.couchbase.client.java.Cluster' (OnClassCondition)

   CouchbaseRepositoriesAutoConfiguration:
      Did not match:
         - @ConditionalOnClass did not find required class 'com.couchbase.client.java.Bucket' (OnClassCondition)

   DataSourceAutoConfiguration.EmbeddedDatabaseConfiguration:
      Did not match:
         - EmbeddedDataSource spring.datasource.url is set (DataSourceAutoConfiguration.EmbeddedDatabaseCondition)

   DataSourceCheckpointRestoreConfiguration:
      Did not match:
         - @ConditionalOnClass did not find required class 'org.crac.Resource' (OnClassCondition)

   DataSourceConfiguration.Dbcp2:
      Did not match:
         - @ConditionalOnClass did not find required class 'org.apache.commons.dbcp2.BasicDataSource' (OnClassCondition)

   DataSourceConfiguration.Generic:
      Did not match:
         - @ConditionalOnProperty (spring.datasource.type) did not find property 'spring.datasource.type' (OnPropertyCondition)

   DataSourceConfiguration.OracleUcp:
      Did not match:
         - @ConditionalOnClass did not find required classes 'oracle.ucp.jdbc.PoolDataSourceImpl', 'oracle.jdbc.OracleConnection' (OnClassCondition)

   DataSourceConfiguration.Tomcat:
      Did not match:
         - @ConditionalOnClass did not find required class 'org.apache.tomcat.jdbc.pool.DataSource' (OnClassCondition)

   DataSourceJmxConfiguration.TomcatDataSourceJmxConfiguration:
      Did not match:
         - @ConditionalOnClass did not find required class 'org.apache.tomcat.jdbc.pool.DataSourceProxy' (OnClassCondition)

   DataSourcePoolMetadataProvidersConfiguration.CommonsDbcp2PoolDataSourceMetadataProviderConfiguration:
      Did not match:
         - @ConditionalOnClass did not find required class 'org.apache.commons.dbcp2.BasicDataSource' (OnClassCondition)

   DataSourcePoolMetadataProvidersConfiguration.OracleUcpPoolDataSourceMetadataProviderConfiguration:
      Did not match:
         - @ConditionalOnClass did not find required classes 'oracle.ucp.jdbc.PoolDataSource', 'oracle.jdbc.OracleConnection' (OnClassCondition)

   DataSourcePoolMetadataProvidersConfiguration.TomcatDataSourcePoolMetadataProviderConfiguration:
      Did not match:
         - @ConditionalOnClass did not find required class 'org.apache.tomcat.jdbc.pool.DataSource' (OnClassCondition)

   DispatcherServletAutoConfiguration.DispatcherServletConfiguration#multipartResolver:
      Did not match:
         - @ConditionalOnBean (types: org.springframework.web.multipart.MultipartResolver; SearchStrategy: all) did not find any beans of type org.springframework.web.multipart.MultipartResolver (OnBeanCondition)

   ElasticsearchClientAutoConfiguration:
      Did not match:
         - @ConditionalOnClass did not find required class 'co.elastic.clients.elasticsearch.ElasticsearchClient' (OnClassCondition)

   ElasticsearchDataAutoConfiguration:
      Did not match:
         - @ConditionalOnClass did not find required class 'org.springframework.data.elasticsearch.client.elc.ElasticsearchTemplate' (OnClassCondition)

   ElasticsearchRepositoriesAutoConfiguration:
      Did not match:
         - @ConditionalOnClass did not find required class 'org.springframework.data.elasticsearch.repository.ElasticsearchRepository' (OnClassCondition)

   ElasticsearchRestClientAutoConfiguration:
      Did not match:
         - @ConditionalOnClass did not find required class 'org.elasticsearch.client.RestClientBuilder' (OnClassCondition)

   EmbeddedLdapAutoConfiguration:
      Did not match:
         - @ConditionalOnClass did not find required class 'com.unboundid.ldap.listener.InMemoryDirectoryServer' (OnClassCondition)

   EmbeddedWebServerFactoryCustomizerAutoConfiguration.JettyWebServerFactoryCustomizerConfiguration:
      Did not match:
         - @ConditionalOnClass did not find required classes 'org.eclipse.jetty.server.Server', 'org.eclipse.jetty.util.Loader', 'org.eclipse.jetty.ee10.webapp.WebAppContext' (OnClassCondition)

   EmbeddedWebServerFactoryCustomizerAutoConfiguration.NettyWebServerFactoryCustomizerConfiguration:
      Did not match:
         - @ConditionalOnClass did not find required class 'reactor.netty.http.server.HttpServer' (OnClassCondition)

   EmbeddedWebServerFactoryCustomizerAutoConfiguration.TomcatWebServerFactoryCustomizerConfiguration#tomcatVirtualThreadsProtocolHandlerCustomizer:
      Did not match:
         - @ConditionalOnThreading did not find VIRTUAL (OnThreadingCondition)

   EmbeddedWebServerFactoryCustomizerAutoConfiguration.UndertowWebServerFactoryCustomizerConfiguration:
      Did not match:
         - @ConditionalOnClass did not find required classes 'io.undertow.Undertow', 'org.xnio.SslClientAuthMode' (OnClassCondition)

   ErrorWebFluxAutoConfiguration:
      Did not match:
         - @ConditionalOnClass did not find required class 'org.springframework.web.reactive.config.WebFluxConfigurer' (OnClassCondition)

   FlywayAutoConfiguration:
      Did not match:
         - @ConditionalOnClass did not find required class 'org.flywaydb.core.Flyway' (OnClassCondition)

   FreeMarkerAutoConfiguration:
      Did not match:
         - @ConditionalOnClass did not find required class 'freemarker.template.Configuration' (OnClassCondition)

   GraphQlAutoConfiguration:
      Did not match:
         - @ConditionalOnClass did not find required class 'graphql.GraphQL' (OnClassCondition)

   GraphQlQueryByExampleAutoConfiguration:
      Did not match:
         - @ConditionalOnClass did not find required class 'graphql.GraphQL' (OnClassCondition)

   GraphQlQuerydslAutoConfiguration:
      Did not match:
         - @ConditionalOnClass did not find required class 'com.querydsl.core.Query' (OnClassCondition)

   GraphQlRSocketAutoConfiguration:
      Did not match:
         - @ConditionalOnClass did not find required class 'graphql.GraphQL' (OnClassCondition)

   GraphQlReactiveQueryByExampleAutoConfiguration:
      Did not match:
         - @ConditionalOnClass did not find required class 'graphql.GraphQL' (OnClassCondition)

   GraphQlReactiveQuerydslAutoConfiguration:
      Did not match:
         - @ConditionalOnClass did not find required class 'com.querydsl.core.Query' (OnClassCondition)

   GraphQlWebFluxAutoConfiguration:
      Did not match:
         - @ConditionalOnClass did not find required class 'graphql.GraphQL' (OnClassCondition)

   GraphQlWebFluxSecurityAutoConfiguration:
      Did not match:
         - @ConditionalOnClass did not find required class 'graphql.GraphQL' (OnClassCondition)

   GraphQlWebMvcAutoConfiguration:
      Did not match:
         - @ConditionalOnClass did not find required class 'graphql.GraphQL' (OnClassCondition)

   GraphQlWebMvcSecurityAutoConfiguration:
      Did not match:
         - @ConditionalOnClass did not find required class 'graphql.GraphQL' (OnClassCondition)

   GroovyTemplateAutoConfiguration:
      Did not match:
         - @ConditionalOnClass did not find required class 'groovy.text.markup.MarkupTemplateEngine' (OnClassCondition)

   GsonAutoConfiguration:
      Did not match:
         - @ConditionalOnClass did not find required class 'com.google.gson.Gson' (OnClassCondition)

   GsonHttpMessageConvertersConfiguration:
      Did not match:
         - @ConditionalOnClass did not find required class 'com.google.gson.Gson' (OnClassCondition)

   H2ConsoleAutoConfiguration:
      Did not match:
         - @ConditionalOnClass did not find required class 'org.h2.server.web.JakartaWebServlet' (OnClassCondition)

   HazelcastAutoConfiguration:
      Did not match:
         - @ConditionalOnClass did not find required class 'com.hazelcast.core.HazelcastInstance' (OnClassCondition)

   HazelcastCacheConfiguration:
      Did not match:
         - @ConditionalOnClass did not find required class 'com.hazelcast.core.HazelcastInstance' (OnClassCondition)

   HazelcastJpaDependencyAutoConfiguration:
      Did not match:
         - @ConditionalOnClass did not find required class 'com.hazelcast.core.HazelcastInstance' (OnClassCondition)

   HibernateJpaAutoConfiguration:
      Did not match:
         - @ConditionalOnClass did not find required class 'jakarta.persistence.EntityManager' (OnClassCondition)

   HttpHandlerAutoConfiguration:
      Did not match:
         - @ConditionalOnClass did not find required class 'org.springframework.web.reactive.DispatcherHandler' (OnClassCondition)

   HypermediaAutoConfiguration:
      Did not match:
         - @ConditionalOnClass did not find required class 'org.springframework.hateoas.EntityModel' (OnClassCondition)

   InfinispanCacheConfiguration:
      Did not match:
         - @ConditionalOnClass did not find required class 'org.infinispan.spring.embedded.provider.SpringEmbeddedCacheManager' (OnClassCondition)

   InfluxDbAutoConfiguration:
      Did not match:
         - @ConditionalOnClass did not find required class 'org.influxdb.InfluxDB' (OnClassCondition)

   IntegrationAutoConfiguration:
      Did not match:
         - @ConditionalOnClass did not find required class 'org.springframework.integration.config.EnableIntegration' (OnClassCondition)

   JCacheCacheConfiguration:
      Did not match:
         - @ConditionalOnClass did not find required class 'javax.cache.Caching' (OnClassCondition)

   JacksonHttpMessageConvertersConfiguration.MappingJackson2XmlHttpMessageConverterConfiguration:
      Did not match:
         - @ConditionalOnClass did not find required class 'com.fasterxml.jackson.dataformat.xml.XmlMapper' (OnClassCondition)

   JdbcRepositoriesAutoConfiguration:
      Did not match:
         - @ConditionalOnClass did not find required class 'org.springframework.data.jdbc.repository.config.AbstractJdbcConfiguration' (OnClassCondition)

   JerseyAutoConfiguration:
      Did not match:
         - @ConditionalOnClass did not find required class 'org.glassfish.jersey.server.spring.SpringComponentProvider' (OnClassCondition)

   JmsAutoConfiguration:
      Did not match:
         - @ConditionalOnClass did not find required class 'jakarta.jms.Message' (OnClassCondition)

   JmxAutoConfiguration:
      Did not match:
         - @ConditionalOnProperty (spring.jmx.enabled=true) did not find property 'enabled' (OnPropertyCondition)
      Matched:
         - @ConditionalOnClass found required class 'org.springframework.jmx.export.MBeanExporter' (OnClassCondition)

   JndiConnectionFactoryAutoConfiguration:
      Did not match:
         - @ConditionalOnClass did not find required class 'org.springframework.jms.core.JmsTemplate' (OnClassCondition)

   JndiDataSourceAutoConfiguration:
      Did not match:
         - @ConditionalOnProperty (spring.datasource.jndi-name) did not find property 'jndi-name' (OnPropertyCondition)
      Matched:
         - @ConditionalOnClass found required classes 'javax.sql.DataSource', 'org.springframework.jdbc.datasource.embedded.EmbeddedDatabaseType' (OnClassCondition)

   JooqAutoConfiguration:
      Did not match:
         - @ConditionalOnClass did not find required class 'org.jooq.DSLContext' (OnClassCondition)

   JpaRepositoriesAutoConfiguration:
      Did not match:
         - @ConditionalOnClass did not find required class 'org.springframework.data.jpa.repository.JpaRepository' (OnClassCondition)

   JsonbAutoConfiguration:
      Did not match:
         - @ConditionalOnClass did not find required class 'jakarta.json.bind.Jsonb' (OnClassCondition)

   JsonbHttpMessageConvertersConfiguration:
      Did not match:
         - @ConditionalOnClass did not find required class 'jakarta.json.bind.Jsonb' (OnClassCondition)

   JtaAutoConfiguration:
      Did not match:
         - @ConditionalOnClass did not find required class 'jakarta.transaction.Transaction' (OnClassCondition)

   KafkaAutoConfiguration:
      Did not match:
         - @ConditionalOnClass did not find required class 'org.springframework.kafka.core.KafkaTemplate' (OnClassCondition)

   LdapAutoConfiguration:
      Did not match:
         - @ConditionalOnClass did not find required class 'org.springframework.ldap.core.ContextSource' (OnClassCondition)

   LdapRepositoriesAutoConfiguration:
      Did not match:
         - @ConditionalOnClass did not find required class 'org.springframework.data.ldap.repository.LdapRepository' (OnClassCondition)

   LiquibaseAutoConfiguration:
      Did not match:
         - @ConditionalOnClass did not find required class 'liquibase.change.DatabaseChange' (OnClassCondition)

   MailSenderAutoConfiguration:
      Did not match:
         - @ConditionalOnClass did not find required class 'jakarta.activation.MimeType' (OnClassCondition)

   MailSenderValidatorAutoConfiguration:
      Did not match:
         - @ConditionalOnSingleCandidate did not find required type 'org.springframework.mail.javamail.JavaMailSenderImpl' (OnBeanCondition)

   MessageSourceAutoConfiguration:
      Did not match:
         - ResourceBundle did not find bundle with basename messages (MessageSourceAutoConfiguration.ResourceBundleCondition)

   MongoAutoConfiguration:
      Did not match:
         - @ConditionalOnClass did not find required class 'com.mongodb.client.MongoClient' (OnClassCondition)

   MongoDataAutoConfiguration:
      Did not match:
         - @ConditionalOnClass did not find required class 'com.mongodb.client.MongoClient' (OnClassCondition)

   MongoReactiveAutoConfiguration:
      Did not match:
         - @ConditionalOnClass did not find required class 'com.mongodb.reactivestreams.client.MongoClient' (OnClassCondition)

   MongoReactiveDataAutoConfiguration:
      Did not match:
         - @ConditionalOnClass did not find required class 'com.mongodb.reactivestreams.client.MongoClient' (OnClassCondition)

   MongoReactiveRepositoriesAutoConfiguration:
      Did not match:
         - @ConditionalOnClass did not find required class 'com.mongodb.reactivestreams.client.MongoClient' (OnClassCondition)

   MongoRepositoriesAutoConfiguration:
      Did not match:
         - @ConditionalOnClass did not find required class 'com.mongodb.client.MongoClient' (OnClassCondition)

   MustacheAutoConfiguration:
      Did not match:
         - @ConditionalOnClass did not find required class 'com.samskivert.mustache.Mustache' (OnClassCondition)

   Neo4jAutoConfiguration:
      Did not match:
         - @ConditionalOnClass did not find required class 'org.neo4j.driver.Driver' (OnClassCondition)

   Neo4jDataAutoConfiguration:
      Did not match:
         - @ConditionalOnClass did not find required class 'org.neo4j.driver.Driver' (OnClassCondition)

   Neo4jReactiveDataAutoConfiguration:
      Did not match:
         - @ConditionalOnClass did not find required class 'org.neo4j.driver.Driver' (OnClassCondition)

   Neo4jReactiveRepositoriesAutoConfiguration:
      Did not match:
         - @ConditionalOnClass did not find required class 'org.neo4j.driver.Driver' (OnClassCondition)

   Neo4jRepositoriesAutoConfiguration:
      Did not match:
         - @ConditionalOnClass did not find required class 'org.neo4j.driver.Driver' (OnClassCondition)

   NettyAutoConfiguration:
      Did not match:
         - @ConditionalOnClass did not find required class 'io.netty.util.NettyRuntime' (OnClassCondition)

   OAuth2AuthorizationServerAutoConfiguration:
      Did not match:
         - @ConditionalOnClass did not find required class 'org.springframework.security.oauth2.server.authorization.OAuth2Authorization' (OnClassCondition)

   OAuth2AuthorizationServerJwtAutoConfiguration:
      Did not match:
         - @ConditionalOnClass did not find required class 'org.springframework.security.oauth2.server.authorization.OAuth2Authorization' (OnClassCondition)

   OAuth2ClientAutoConfiguration:
      Did not match:
         - @ConditionalOnClass did not find required class 'org.springframework.security.config.annotation.web.configuration.EnableWebSecurity' (OnClassCondition)

   OAuth2ResourceServerAutoConfiguration:
      Did not match:
         - @ConditionalOnClass did not find required class 'org.springframework.security.oauth2.server.resource.authentication.BearerTokenAuthenticationToken' (OnClassCondition)

   ProjectInfoAutoConfiguration#buildProperties:
      Did not match:
         - @ConditionalOnResource did not find resource '${spring.info.build.location:classpath:META-INF/build-info.properties}' (OnResourceCondition)

   ProjectInfoAutoConfiguration#gitProperties:
      Did not match:
         - GitResource did not find git info at classpath:git.properties (ProjectInfoAutoConfiguration.GitResourceAvailableCondition)

   PulsarAutoConfiguration:
      Did not match:
         - @ConditionalOnClass did not find required class 'org.apache.pulsar.client.api.PulsarClient' (OnClassCondition)

   PulsarReactiveAutoConfiguration:
      Did not match:
         - @ConditionalOnClass did not find required class 'org.apache.pulsar.client.api.PulsarClient' (OnClassCondition)

   QuartzAutoConfiguration:
      Did not match:
         - @ConditionalOnClass did not find required class 'org.quartz.Scheduler' (OnClassCondition)

   R2dbcAutoConfiguration:
      Did not match:
         - @ConditionalOnClass did not find required class 'io.r2dbc.spi.ConnectionFactory' (OnClassCondition)

   R2dbcDataAutoConfiguration:
      Did not match:
         - @ConditionalOnClass did not find required class 'org.springframework.data.r2dbc.core.R2dbcEntityTemplate' (OnClassCondition)

   R2dbcInitializationConfiguration:
      Did not match:
         - @ConditionalOnClass did not find required classes 'io.r2dbc.spi.ConnectionFactory', 'org.springframework.r2dbc.connection.init.DatabasePopulator' (OnClassCondition)

   R2dbcRepositoriesAutoConfiguration:
      Did not match:
         - @ConditionalOnClass did not find required class 'io.r2dbc.spi.ConnectionFactory' (OnClassCondition)

   R2dbcTransactionManagerAutoConfiguration:
      Did not match:
         - @ConditionalOnClass did not find required class 'org.springframework.r2dbc.connection.R2dbcTransactionManager' (OnClassCondition)

   RSocketGraphQlClientAutoConfiguration:
      Did not match:
         - @ConditionalOnClass did not find required class 'graphql.GraphQL' (OnClassCondition)

   RSocketMessagingAutoConfiguration:
      Did not match:
         - @ConditionalOnClass did not find required class 'io.rsocket.RSocket' (OnClassCondition)

   RSocketRequesterAutoConfiguration:
      Did not match:
         - @ConditionalOnClass did not find required class 'io.rsocket.RSocket' (OnClassCondition)

   RSocketSecurityAutoConfiguration:
      Did not match:
         - @ConditionalOnClass did not find required class 'org.springframework.security.rsocket.core.SecuritySocketAcceptorInterceptor' (OnClassCondition)

   RSocketServerAutoConfiguration:
      Did not match:
         - @ConditionalOnClass did not find required class 'io.rsocket.core.RSocketServer' (OnClassCondition)

   RSocketStrategiesAutoConfiguration:
      Did not match:
         - @ConditionalOnClass did not find required class 'io.netty.buffer.PooledByteBufAllocator' (OnClassCondition)

   RabbitAutoConfiguration:
      Did not match:
         - @ConditionalOnClass did not find required class 'com.rabbitmq.client.Channel' (OnClassCondition)

   ReactiveElasticsearchClientAutoConfiguration:
      Did not match:
         - @ConditionalOnClass did not find required class 'co.elastic.clients.transport.ElasticsearchTransport' (OnClassCondition)

   ReactiveElasticsearchRepositoriesAutoConfiguration:
      Did not match:
         - @ConditionalOnClass did not find required class 'reactor.core.publisher.Mono' (OnClassCondition)

   ReactiveMultipartAutoConfiguration:
      Did not match:
         - @ConditionalOnClass did not find required class 'org.springframework.web.reactive.config.WebFluxConfigurer' (OnClassCondition)

   ReactiveOAuth2ClientAutoConfiguration:
      Did not match:
         - @ConditionalOnClass did not find required class 'reactor.core.publisher.Flux' (OnClassCondition)

   ReactiveOAuth2ResourceServerAutoConfiguration:
      Did not match:
         - @ConditionalOnClass did not find required class 'org.springframework.security.config.annotation.web.reactive.EnableWebFluxSecurity' (OnClassCondition)

   ReactiveSecurityAutoConfiguration:
      Did not match:
         - @ConditionalOnClass did not find required class 'reactor.core.publisher.Flux' (OnClassCondition)

   ReactiveUserDetailsServiceAutoConfiguration:
      Did not match:
         - @ConditionalOnClass did not find required class 'org.springframework.security.authentication.ReactiveAuthenticationManager' (OnClassCondition)

   ReactiveWebServerFactoryAutoConfiguration:
      Did not match:
         - @ConditionalOnWebApplication did not find reactive web application classes (OnWebApplicationCondition)

   ReactorAutoConfiguration:
      Did not match:
         - @ConditionalOnClass did not find required class 'reactor.core.publisher.Hooks' (OnClassCondition)

   RedisAutoConfiguration:
      Did not match:
         - @ConditionalOnClass did not find required class 'org.springframework.data.redis.core.RedisOperations' (OnClassCondition)

   RedisCacheConfiguration:
      Did not match:
         - @ConditionalOnClass did not find required class 'org.springframework.data.redis.connection.RedisConnectionFactory' (OnClassCondition)

   RedisReactiveAutoConfiguration:
      Did not match:
         - @ConditionalOnClass did not find required class 'reactor.core.publisher.Flux' (OnClassCondition)

   RedisRepositoriesAutoConfiguration:
      Did not match:
         - @ConditionalOnClass did not find required class 'org.springframework.data.redis.repository.configuration.EnableRedisRepositories' (OnClassCondition)

   RepositoryRestMvcAutoConfiguration:
      Did not match:
         - @ConditionalOnClass did not find required class 'org.springframework.data.rest.webmvc.config.RepositoryRestMvcConfiguration' (OnClassCondition)

   Saml2RelyingPartyAutoConfiguration:
      Did not match:
         - @ConditionalOnClass did not find required class 'org.springframework.security.saml2.provider.service.registration.RelyingPartyRegistrationRepository' (OnClassCondition)

   SecurityAutoConfiguration:
      Did not match:
         - @ConditionalOnClass did not find required class 'org.springframework.security.authentication.DefaultAuthenticationEventPublisher' (OnClassCondition)

   SecurityFilterAutoConfiguration:
      Did not match:
         - @ConditionalOnClass did not find required class 'org.springframework.security.config.http.SessionCreationPolicy' (OnClassCondition)

   SendGridAutoConfiguration:
      Did not match:
         - @ConditionalOnClass did not find required class 'com.sendgrid.SendGrid' (OnClassCondition)

   ServletWebServerFactoryAutoConfiguration.ForwardedHeaderFilterConfiguration:
      Did not match:
         - @ConditionalOnProperty (server.forward-headers-strategy=framework) did not find property 'server.forward-headers-strategy' (OnPropertyCondition)

   ServletWebServerFactoryConfiguration.EmbeddedJetty:
      Did not match:
         - @ConditionalOnClass did not find required classes 'org.eclipse.jetty.server.Server', 'org.eclipse.jetty.util.Loader', 'org.eclipse.jetty.ee10.webapp.WebAppContext' (OnClassCondition)

   ServletWebServerFactoryConfiguration.EmbeddedUndertow:
      Did not match:
         - @ConditionalOnClass did not find required classes 'io.undertow.Undertow', 'org.xnio.SslClientAuthMode' (OnClassCondition)

   SessionAutoConfiguration:
      Did not match:
         - @ConditionalOnClass did not find required class 'org.springframework.session.Session' (OnClassCondition)

   SpringApplicationAdminJmxAutoConfiguration:
      Did not match:
         - @ConditionalOnProperty (spring.application.admin.enabled=true) did not find property 'enabled' (OnPropertyCondition)

   SpringDataWebAutoConfiguration:
      Did not match:
         - @ConditionalOnClass did not find required class 'org.springframework.data.web.PageableHandlerMethodArgumentResolver' (OnClassCondition)

   TaskExecutorConfigurations.SimpleAsyncTaskExecutorBuilderConfiguration#simpleAsyncTaskExecutorBuilderVirtualThreads:
      Did not match:
         - @ConditionalOnMissingBean (types: org.springframework.boot.task.SimpleAsyncTaskExecutorBuilder; SearchStrategy: all) found beans of type 'org.springframework.boot.task.SimpleAsyncTaskExecutorBuilder' simpleAsyncTaskExecutorBuilder (OnBeanCondition)

   TaskExecutorConfigurations.TaskExecutorConfiguration#applicationTaskExecutorVirtualThreads:
      Did not match:
         - @ConditionalOnThreading did not find VIRTUAL (OnThreadingCondition)

   TaskSchedulingAutoConfiguration#scheduledBeanLazyInitializationExcludeFilter:
      Did not match:
         - @ConditionalOnBean (names: org.springframework.context.annotation.internalScheduledAnnotationProcessor; SearchStrategy: all) did not find any beans named org.springframework.context.annotation.internalScheduledAnnotationProcessor (OnBeanCondition)

   TaskSchedulingConfigurations.SimpleAsyncTaskSchedulerBuilderConfiguration#simpleAsyncTaskSchedulerBuilderVirtualThreads:
      Did not match:
         - @ConditionalOnMissingBean (types: org.springframework.boot.task.SimpleAsyncTaskSchedulerBuilder; SearchStrategy: all) found beans of type 'org.springframework.boot.task.SimpleAsyncTaskSchedulerBuilder' simpleAsyncTaskSchedulerBuilder (OnBeanCondition)

   TaskSchedulingConfigurations.TaskSchedulerConfiguration:
      Did not match:
         - @ConditionalOnBean (names: org.springframework.context.annotation.internalScheduledAnnotationProcessor; SearchStrategy: all) did not find any beans named org.springframework.context.annotation.internalScheduledAnnotationProcessor (OnBeanCondition)

   ThymeleafAutoConfiguration:
      Did not match:
         - @ConditionalOnClass did not find required class 'org.thymeleaf.spring6.SpringTemplateEngine' (OnClassCondition)

   TransactionAutoConfiguration#transactionalOperator:
      Did not match:
         - @ConditionalOnSingleCandidate (types: org.springframework.transaction.ReactiveTransactionManager; SearchStrategy: all) did not find any beans (OnBeanCondition)

   TransactionAutoConfiguration.AspectJTransactionManagementConfiguration:
      Did not match:
         - @ConditionalOnBean did not find required type 'org.springframework.transaction.aspectj.AbstractTransactionAspect' (OnBeanCondition)
         - @ConditionalOnBean (types: org.springframework.transaction.aspectj.AbstractTransactionAspect; SearchStrategy: all) did not find any beans of type org.springframework.transaction.aspectj.AbstractTransactionAspect (OnBeanCondition)

   TransactionAutoConfiguration.EnableTransactionManagementConfiguration.JdkDynamicAutoProxyConfiguration:
      Did not match:
         - @ConditionalOnProperty (spring.aop.proxy-target-class=false) did not find property 'proxy-target-class' (OnPropertyCondition)

   UserDetailsServiceAutoConfiguration:
      Did not match:
         - @ConditionalOnClass did not find required class 'org.springframework.security.authentication.AuthenticationManager' (OnClassCondition)

   WebClientAutoConfiguration:
      Did not match:
         - @ConditionalOnClass did not find required class 'org.springframework.web.reactive.function.client.WebClient' (OnClassCondition)

   WebFluxAutoConfiguration:
      Did not match:
         - @ConditionalOnClass did not find required class 'org.springframework.web.reactive.config.WebFluxConfigurer' (OnClassCondition)

   WebMvcAutoConfiguration#hiddenHttpMethodFilter:
      Did not match:
         - @ConditionalOnProperty (spring.mvc.hiddenmethod.filter.enabled) did not find property 'enabled' (OnPropertyCondition)

   WebMvcAutoConfiguration.ProblemDetailsErrorHandlingConfiguration:
      Did not match:
         - @ConditionalOnProperty (spring.mvc.problemdetails.enabled=true) did not find property 'enabled' (OnPropertyCondition)

   WebMvcAutoConfiguration.ResourceChainCustomizerConfiguration:
      Did not match:
         - @ConditionalOnEnabledResourceChain did not find class org.webjars.WebJarAssetLocator (OnEnabledResourceChainCondition)

   WebMvcAutoConfiguration.WebMvcAutoConfigurationAdapter#beanNameViewResolver:
      Did not match:
         - @ConditionalOnMissingBean (types: org.springframework.web.servlet.view.BeanNameViewResolver; SearchStrategy: all) found beans of type 'org.springframework.web.servlet.view.BeanNameViewResolver' beanNameViewResolver (OnBeanCondition)

   WebServiceTemplateAutoConfiguration:
      Did not match:
         - @ConditionalOnClass did not find required class 'org.springframework.oxm.Marshaller' (OnClassCondition)

   WebServicesAutoConfiguration:
      Did not match:
         - @ConditionalOnClass did not find required class 'org.springframework.ws.transport.http.MessageDispatcherServlet' (OnClassCondition)

   WebSessionIdResolverAutoConfiguration:
      Did not match:
         - @ConditionalOnClass did not find required class 'reactor.core.publisher.Mono' (OnClassCondition)

   WebSocketMessagingAutoConfiguration:
      Did not match:
         - @ConditionalOnClass did not find required class 'org.springframework.web.socket.config.annotation.WebSocketMessageBrokerConfigurer' (OnClassCondition)

   WebSocketReactiveAutoConfiguration:
      Did not match:
         - @ConditionalOnWebApplication did not find reactive web application classes (OnWebApplicationCondition)

   WebSocketServletAutoConfiguration.JettyWebSocketConfiguration:
      Did not match:
         - @ConditionalOnClass did not find required class 'org.eclipse.jetty.ee10.websocket.jakarta.server.config.JakartaWebSocketServletContainerInitializer' (OnClassCondition)

   WebSocketServletAutoConfiguration.UndertowWebSocketConfiguration:
      Did not match:
         - @ConditionalOnClass did not find required class 'io.undertow.websockets.jsr.Bootstrap' (OnClassCondition)

   XADataSourceAutoConfiguration:
      Did not match:
         - @ConditionalOnClass did not find required class 'jakarta.transaction.TransactionManager' (OnClassCondition)


Exclusions:
-----------

    None


Unconditional classes:
----------------------

    org.springframework.boot.autoconfigure.context.ConfigurationPropertiesAutoConfiguration

    org.springframework.boot.autoconfigure.ssl.SslAutoConfiguration

    org.springframework.boot.autoconfigure.context.LifecycleAutoConfiguration

    org.springframework.boot.autoconfigure.context.PropertyPlaceholderAutoConfiguration

    org.springframework.boot.autoconfigure.availability.ApplicationAvailabilityAutoConfiguration

    org.springframework.boot.autoconfigure.info.ProjectInfoAutoConfiguration



2026-04-21T19:19:49.371+08:00  INFO 21432 --- [           main] c.e.p.backend.PoetryBackendApplication   : Started PoetryBackendApplication in 2.237 seconds (process running for 2.629)
2026-04-21T19:19:49.374+08:00 DEBUG 21432 --- [           main] o.s.b.a.ApplicationAvailabilityBean      : Application availability state LivenessState changed to CORRECT
2026-04-21T19:19:49.375+08:00 DEBUG 21432 --- [           main] o.s.b.a.ApplicationAvailabilityBean      : Application availability state ReadinessState changed to ACCEPTING_TRAFFIC
2026-04-21T19:19:58.713+08:00  INFO 21432 --- [nio-8080-exec-4] o.a.c.c.C.[Tomcat].[localhost].[/]       : Initializing Spring DispatcherServlet 'dispatcherServlet'
2026-04-21T19:19:58.714+08:00  INFO 21432 --- [nio-8080-exec-4] o.s.web.servlet.DispatcherServlet        : Initializing Servlet 'dispatcherServlet'
2026-04-21T19:19:58.714+08:00 DEBUG 21432 --- [nio-8080-exec-4] o.s.web.servlet.DispatcherServlet        : Detected StandardServletMultipartResolver
2026-04-21T19:19:58.714+08:00 DEBUG 21432 --- [nio-8080-exec-4] o.s.web.servlet.DispatcherServlet        : Detected AcceptHeaderLocaleResolver
2026-04-21T19:19:58.714+08:00 DEBUG 21432 --- [nio-8080-exec-4] o.s.web.servlet.DispatcherServlet        : Detected FixedThemeResolver
2026-04-21T19:19:58.715+08:00 DEBUG 21432 --- [nio-8080-exec-4] o.s.web.servlet.DispatcherServlet        : Detected org.springframework.web.servlet.view.DefaultRequestToViewNameTranslator@2c575762
2026-04-21T19:19:58.715+08:00 DEBUG 21432 --- [nio-8080-exec-4] o.s.web.servlet.DispatcherServlet        : Detected org.springframework.web.servlet.support.SessionFlashMapManager@637422dc
2026-04-21T19:19:58.716+08:00 DEBUG 21432 --- [nio-8080-exec-4] o.s.web.servlet.DispatcherServlet        : enableLoggingRequestDetails='false': request parameters and headers will be masked to prevent unsafe logging of potentially sensitive data
2026-04-21T19:19:58.716+08:00  INFO 21432 --- [nio-8080-exec-4] o.s.web.servlet.DispatcherServlet        : Completed initialization in 2 ms
2026-04-21T19:19:58.722+08:00 DEBUG 21432 --- [nio-8080-exec-4] o.s.web.servlet.DispatcherServlet        : GET "/api/tags/hot?limit=5", parameters={masked}
2026-04-21T19:19:58.731+08:00 DEBUG 21432 --- [nio-8080-exec-4] s.w.s.m.m.a.RequestMappingHandlerMapping : Mapped to com.example.poetry.backend.controller.TagSearchController#getHotTags(int)
2026-04-21T19:19:58.788+08:00 DEBUG 21432 --- [nio-8080-exec-4] o.s.jdbc.core.JdbcTemplate               : Executing prepared SQL query
2026-04-21T19:19:58.789+08:00 DEBUG 21432 --- [nio-8080-exec-4] o.s.jdbc.core.JdbcTemplate               : Executing prepared SQL statement [SELECT
    t.tag_id AS tagId,
    t.tag_name AS tagName,
    t.tag_type AS tagType,
    COUNT(wt.work_id) AS workCount
FROM tag t
LEFT JOIN work_tag wt ON wt.tag_id = t.tag_id
GROUP BY t.tag_id, t.tag_name, t.tag_type
ORDER BY workCount DESC, t.tag_id ASC
LIMIT ?
]
2026-04-21T19:19:58.792+08:00  INFO 21432 --- [nio-8080-exec-4] com.zaxxer.hikari.HikariDataSource       : HikariPool-1 - Starting...
2026-04-21T19:19:59.070+08:00  INFO 21432 --- [nio-8080-exec-4] com.zaxxer.hikari.pool.HikariPool        : HikariPool-1 - Added connection com.mysql.cj.jdbc.ConnectionImpl@9dd2da8
2026-04-21T19:19:59.072+08:00  INFO 21432 --- [nio-8080-exec-4] com.zaxxer.hikari.HikariDataSource       : HikariPool-1 - Start completed.
2026-04-21T19:20:00.033+08:00 DEBUG 21432 --- [nio-8080-exec-3] o.s.web.servlet.DispatcherServlet        : GET "/api/poems/search/by-tags?tagIds=10&sort=hot&page=1&pageSize=3", parameters={masked}
2026-04-21T19:20:00.034+08:00 DEBUG 21432 --- [nio-8080-exec-3] s.w.s.m.m.a.RequestMappingHandlerMapping : Mapped to com.example.poetry.backend.controller.TagSearchController#searchByTags(String, String, int, int)
2026-04-21T19:20:00.042+08:00 DEBUG 21432 --- [nio-8080-exec-3] o.s.jdbc.core.JdbcTemplate               : Executing prepared SQL query
2026-04-21T19:20:00.042+08:00 DEBUG 21432 --- [nio-8080-exec-3] o.s.jdbc.core.JdbcTemplate               : Executing prepared SQL statement [SELECT COUNT(*) FROM (
    SELECT w.work_id
    FROM poetry_work w
    JOIN work_tag wt ON wt.work_id = w.work_id
    WHERE wt.tag_id IN (?)
    GROUP BY w.work_id
    HAVING COUNT(DISTINCT wt.tag_id) = ?
) result_count
]
2026-04-21T19:20:00.709+08:00 DEBUG 21432 --- [nio-8080-exec-3] o.s.jdbc.core.JdbcTemplate               : Executing prepared SQL query
2026-04-21T19:20:00.710+08:00 DEBUG 21432 --- [nio-8080-exec-3] o.s.jdbc.core.JdbcTemplate               : Executing prepared SQL statement [WITH matched_work AS (
    SELECT wt.work_id
    FROM work_tag wt
    WHERE wt.tag_id IN (?)
    GROUP BY wt.work_id
    HAVING COUNT(DISTINCT wt.tag_id) = ?
),
work_meta AS (
    SELECT
        w.work_id AS workId,
        w.title,
        w.author_name_cache AS authorName,
        w.dynasty_name AS dynastyName,
        LEFT(w.content_text, 120) AS contentPreview,
        ROUND(
            (CASE WHEN w.translation_text IS NOT NULL AND w.translation_text <> '' THEN 30 ELSE 0 END) +
            (CASE WHEN w.annotation_text IS NOT NULL AND w.annotation_text <> '' THEN 25 ELSE 0 END) +
            (CASE WHEN w.appreciation_text IS NOT NULL AND w.appreciation_text <> '' THEN 20 ELSE 0 END) +
            (CASE WHEN w.char_count BETWEEN 12 AND 220 THEN 10 ELSE 0 END) +
            COALESCE(rel.relation_count, 0) * 0.05 +
            COALESCE(meta.tag_count, 0) * 0.20,
            2
        ) AS hotScore,
        DATE_FORMAT(w.created_at, '%Y-%m-%d %H:%i:%s') AS publishTime
    FROM poetry_work w
    JOIN matched_work mw ON mw.work_id = w.work_id
    LEFT JOIN (
        SELECT work_id, COUNT(*) AS relation_count
        FROM work_relation
        GROUP BY work_id
    ) rel ON rel.work_id = w.work_id
    LEFT JOIN (
        SELECT work_id, COUNT(*) AS tag_count
        FROM work_tag
        GROUP BY work_id
    ) meta ON meta.work_id = w.work_id
)
SELECT
    wm.workId,
    wm.title,
    wm.authorName,
    wm.dynastyName,
    wm.contentPreview,
    (
        SELECT GROUP_CONCAT(t.tag_name ORDER BY t.tag_name SEPARATOR ',')
        FROM work_tag wt2
        JOIN tag t ON t.tag_id = wt2.tag_id
        WHERE wt2.work_id = wm.workId
          AND wt2.tag_id IN (?)
    ) AS matchedTags,
    wm.hotScore,
    wm.publishTime
FROM work_meta wm
ORDER BY wm.hotScore DESC, wm.workId DESC
LIMIT ? OFFSET ?
]
2026-04-21T19:20:01.288+08:00 DEBUG 21432 --- [nio-8080-exec-4] m.m.a.RequestResponseBodyMethodProcessor : Using 'application/json', given [*/*] and supported [application/json, application/*+json]
2026-04-21T19:20:01.291+08:00 DEBUG 21432 --- [nio-8080-exec-4] m.m.a.RequestResponseBodyMethodProcessor : Writing [[TagDto[tagId=15, tagName=写景, tagType=theme, workCount=96521], TagDto[tagId=6, tagName=山水, tagType=s (truncated)...]
2026-04-21T19:20:01.325+08:00 DEBUG 21432 --- [nio-8080-exec-4] o.s.web.servlet.DispatcherServlet        : Completed 200 OK
2026-04-21T19:20:03.185+08:00 DEBUG 21432 --- [nio-8080-exec-3] m.m.a.RequestResponseBodyMethodProcessor : Using 'application/json', given [*/*] and supported [application/json, application/*+json]
2026-04-21T19:20:03.194+08:00 DEBUG 21432 --- [nio-8080-exec-3] m.m.a.RequestResponseBodyMethodProcessor : Writing [PoemTagSearchResponse[selectedTagIds=[10], sort=hot, total=7146, items=[PoemSearchItemDto[workId=215 (truncated)...]
2026-04-21T19:20:03.203+08:00 DEBUG 21432 --- [nio-8080-exec-3] o.s.web.servlet.DispatcherServlet        : Completed 200 OK
2026-04-21T19:27:23.096+08:00 DEBUG 21432 --- [nio-8080-exec-9] o.s.web.servlet.DispatcherServlet        : GET "/api/tags/hot?limit=20", parameters={masked}
2026-04-21T19:27:23.097+08:00 DEBUG 21432 --- [nio-8080-exec-9] s.w.s.m.m.a.RequestMappingHandlerMapping : Mapped to com.example.poetry.backend.controller.TagSearchController#getHotTags(int)
2026-04-21T19:27:23.098+08:00 DEBUG 21432 --- [nio-8080-exec-9] o.s.jdbc.core.JdbcTemplate               : Executing prepared SQL query
2026-04-21T19:27:23.098+08:00 DEBUG 21432 --- [nio-8080-exec-9] o.s.jdbc.core.JdbcTemplate               : Executing prepared SQL statement [SELECT
    t.tag_id AS tagId,
    t.tag_name AS tagName,
    t.tag_type AS tagType,
    COUNT(wt.work_id) AS workCount
FROM tag t
LEFT JOIN work_tag wt ON wt.tag_id = t.tag_id
GROUP BY t.tag_id, t.tag_name, t.tag_type
ORDER BY workCount DESC, t.tag_id ASC
LIMIT ?
]
2026-04-21T19:27:23.804+08:00 DEBUG 21432 --- [nio-8080-exec-6] o.s.web.servlet.DispatcherServlet        : GET "/api/poems/search/by-tags?tagIds=1&sort=hot&page=1&pageSize=20", parameters={masked}
2026-04-21T19:27:23.805+08:00 DEBUG 21432 --- [nio-8080-exec-6] s.w.s.m.m.a.RequestMappingHandlerMapping : Mapped to com.example.poetry.backend.controller.TagSearchController#searchByTags(String, String, int, int)
2026-04-21T19:27:23.806+08:00 DEBUG 21432 --- [nio-8080-exec-6] o.s.jdbc.core.JdbcTemplate               : Executing prepared SQL query
2026-04-21T19:27:23.808+08:00 DEBUG 21432 --- [nio-8080-exec-6] o.s.jdbc.core.JdbcTemplate               : Executing prepared SQL statement [SELECT COUNT(*) FROM (
    SELECT w.work_id
    FROM poetry_work w
    JOIN work_tag wt ON wt.work_id = w.work_id
    WHERE wt.tag_id IN (?)
    GROUP BY w.work_id
    HAVING COUNT(DISTINCT wt.tag_id) = ?
) result_count
]
2026-04-21T19:27:24.620+08:00 DEBUG 21432 --- [nio-8080-exec-9] m.m.a.RequestResponseBodyMethodProcessor : Using 'application/json', given [*/*] and supported [application/json, application/*+json]
2026-04-21T19:27:24.621+08:00 DEBUG 21432 --- [nio-8080-exec-9] m.m.a.RequestResponseBodyMethodProcessor : Writing [[TagDto[tagId=15, tagName=写景, tagType=theme, workCount=96521], TagDto[tagId=6, tagName=山水, tagType=s (truncated)...]
2026-04-21T19:27:24.623+08:00 DEBUG 21432 --- [nio-8080-exec-9] o.s.web.servlet.DispatcherServlet        : Completed 200 OK
2026-04-21T19:27:25.018+08:00 DEBUG 21432 --- [nio-8080-exec-6] o.s.jdbc.core.JdbcTemplate               : Executing prepared SQL query
2026-04-21T19:27:25.018+08:00 DEBUG 21432 --- [nio-8080-exec-6] o.s.jdbc.core.JdbcTemplate               : Executing prepared SQL statement [WITH matched_work AS (
    SELECT wt.work_id
    FROM work_tag wt
    WHERE wt.tag_id IN (?)
    GROUP BY wt.work_id
    HAVING COUNT(DISTINCT wt.tag_id) = ?
),
work_meta AS (
    SELECT
        w.work_id AS workId,
        w.title,
        w.author_name_cache AS authorName,
        w.dynasty_name AS dynastyName,
        LEFT(w.content_text, 120) AS contentPreview,
        ROUND(
            (CASE WHEN w.translation_text IS NOT NULL AND w.translation_text <> '' THEN 30 ELSE 0 END) +
            (CASE WHEN w.annotation_text IS NOT NULL AND w.annotation_text <> '' THEN 25 ELSE 0 END) +
            (CASE WHEN w.appreciation_text IS NOT NULL AND w.appreciation_text <> '' THEN 20 ELSE 0 END) +
            (CASE WHEN w.char_count BETWEEN 12 AND 220 THEN 10 ELSE 0 END) +
            COALESCE(rel.relation_count, 0) * 0.05 +
            COALESCE(meta.tag_count, 0) * 0.20,
            2
        ) AS hotScore,
        DATE_FORMAT(w.created_at, '%Y-%m-%d %H:%i:%s') AS publishTime
    FROM poetry_work w
    JOIN matched_work mw ON mw.work_id = w.work_id
    LEFT JOIN (
        SELECT work_id, COUNT(*) AS relation_count
        FROM work_relation
        GROUP BY work_id
    ) rel ON rel.work_id = w.work_id
    LEFT JOIN (
        SELECT work_id, COUNT(*) AS tag_count
        FROM work_tag
        GROUP BY work_id
    ) meta ON meta.work_id = w.work_id
)
SELECT
    wm.workId,
    wm.title,
    wm.authorName,
    wm.dynastyName,
    wm.contentPreview,
    (
        SELECT GROUP_CONCAT(t.tag_name ORDER BY t.tag_name SEPARATOR ',')
        FROM work_tag wt2
        JOIN tag t ON t.tag_id = wt2.tag_id
        WHERE wt2.work_id = wm.workId
          AND wt2.tag_id IN (?)
    ) AS matchedTags,
    wm.hotScore,
    wm.publishTime
FROM work_meta wm
ORDER BY wm.hotScore DESC, wm.workId DESC
LIMIT ? OFFSET ?
]
2026-04-21T19:27:27.170+08:00 DEBUG 21432 --- [nio-8080-exec-7] o.s.web.servlet.DispatcherServlet        : GET "/api/poems/search/by-tags?tagIds=1&sort=publish_time&page=1&pageSize=20", parameters={masked}
2026-04-21T19:27:27.172+08:00 DEBUG 21432 --- [nio-8080-exec-7] s.w.s.m.m.a.RequestMappingHandlerMapping : Mapped to com.example.poetry.backend.controller.TagSearchController#searchByTags(String, String, int, int)
2026-04-21T19:27:27.174+08:00 DEBUG 21432 --- [nio-8080-exec-7] o.s.jdbc.core.JdbcTemplate               : Executing prepared SQL query
2026-04-21T19:27:27.174+08:00 DEBUG 21432 --- [nio-8080-exec-7] o.s.jdbc.core.JdbcTemplate               : Executing prepared SQL statement [SELECT COUNT(*) FROM (
    SELECT w.work_id
    FROM poetry_work w
    JOIN work_tag wt ON wt.work_id = w.work_id
    WHERE wt.tag_id IN (?)
    GROUP BY w.work_id
    HAVING COUNT(DISTINCT wt.tag_id) = ?
) result_count
]
2026-04-21T19:27:27.543+08:00 DEBUG 21432 --- [nio-8080-exec-8] o.s.web.servlet.DispatcherServlet        : GET "/api/poems/search/by-tags?tagIds=1&sort=hot&page=1&pageSize=20", parameters={masked}
2026-04-21T19:27:27.543+08:00 DEBUG 21432 --- [nio-8080-exec-8] s.w.s.m.m.a.RequestMappingHandlerMapping : Mapped to com.example.poetry.backend.controller.TagSearchController#searchByTags(String, String, int, int)
2026-04-21T19:27:27.545+08:00 DEBUG 21432 --- [nio-8080-exec-8] o.s.jdbc.core.JdbcTemplate               : Executing prepared SQL query
2026-04-21T19:27:27.545+08:00 DEBUG 21432 --- [nio-8080-exec-8] o.s.jdbc.core.JdbcTemplate               : Executing prepared SQL statement [SELECT COUNT(*) FROM (
    SELECT w.work_id
    FROM poetry_work w
    JOIN work_tag wt ON wt.work_id = w.work_id
    WHERE wt.tag_id IN (?)
    GROUP BY w.work_id
    HAVING COUNT(DISTINCT wt.tag_id) = ?
) result_count
]
2026-04-21T19:27:27.912+08:00 DEBUG 21432 --- [nio-8080-exec-7] o.s.jdbc.core.JdbcTemplate               : Executing prepared SQL query
2026-04-21T19:27:27.913+08:00 DEBUG 21432 --- [nio-8080-exec-7] o.s.jdbc.core.JdbcTemplate               : Executing prepared SQL statement [WITH matched_work AS (
    SELECT wt.work_id
    FROM work_tag wt
    WHERE wt.tag_id IN (?)
    GROUP BY wt.work_id
    HAVING COUNT(DISTINCT wt.tag_id) = ?
),
work_meta AS (
    SELECT
        w.work_id AS workId,
        w.title,
        w.author_name_cache AS authorName,
        w.dynasty_name AS dynastyName,
        LEFT(w.content_text, 120) AS contentPreview,
        ROUND(
            (CASE WHEN w.translation_text IS NOT NULL AND w.translation_text <> '' THEN 30 ELSE 0 END) +
            (CASE WHEN w.annotation_text IS NOT NULL AND w.annotation_text <> '' THEN 25 ELSE 0 END) +
            (CASE WHEN w.appreciation_text IS NOT NULL AND w.appreciation_text <> '' THEN 20 ELSE 0 END) +
            (CASE WHEN w.char_count BETWEEN 12 AND 220 THEN 10 ELSE 0 END) +
            COALESCE(rel.relation_count, 0) * 0.05 +
            COALESCE(meta.tag_count, 0) * 0.20,
            2
        ) AS hotScore,
        DATE_FORMAT(w.created_at, '%Y-%m-%d %H:%i:%s') AS publishTime
    FROM poetry_work w
    JOIN matched_work mw ON mw.work_id = w.work_id
    LEFT JOIN (
        SELECT work_id, COUNT(*) AS relation_count
        FROM work_relation
        GROUP BY work_id
    ) rel ON rel.work_id = w.work_id
    LEFT JOIN (
        SELECT work_id, COUNT(*) AS tag_count
        FROM work_tag
        GROUP BY work_id
    ) meta ON meta.work_id = w.work_id
)
SELECT
    wm.workId,
    wm.title,
    wm.authorName,
    wm.dynastyName,
    wm.contentPreview,
    (
        SELECT GROUP_CONCAT(t.tag_name ORDER BY t.tag_name SEPARATOR ',')
        FROM work_tag wt2
        JOIN tag t ON t.tag_id = wt2.tag_id
        WHERE wt2.work_id = wm.workId
          AND wt2.tag_id IN (?)
    ) AS matchedTags,
    wm.hotScore,
    wm.publishTime
FROM work_meta wm
ORDER BY wm.publishTime DESC, wm.workId DESC
LIMIT ? OFFSET ?
]
2026-04-21T19:27:28.042+08:00 DEBUG 21432 --- [nio-8080-exec-2] o.s.web.servlet.DispatcherServlet        : GET "/api/poems/search/by-tags?tagIds=1%2C15&sort=hot&page=1&pageSize=20", parameters={masked}
2026-04-21T19:27:28.043+08:00 DEBUG 21432 --- [nio-8080-exec-2] s.w.s.m.m.a.RequestMappingHandlerMapping : Mapped to com.example.poetry.backend.controller.TagSearchController#searchByTags(String, String, int, int)
2026-04-21T19:27:28.044+08:00 DEBUG 21432 --- [nio-8080-exec-2] o.s.jdbc.core.JdbcTemplate               : Executing prepared SQL query
2026-04-21T19:27:28.045+08:00 DEBUG 21432 --- [nio-8080-exec-2] o.s.jdbc.core.JdbcTemplate               : Executing prepared SQL statement [SELECT COUNT(*) FROM (
    SELECT w.work_id
    FROM poetry_work w
    JOIN work_tag wt ON wt.work_id = w.work_id
    WHERE wt.tag_id IN (?, ?)
    GROUP BY w.work_id
    HAVING COUNT(DISTINCT wt.tag_id) = ?
) result_count
]
2026-04-21T19:27:28.068+08:00 DEBUG 21432 --- [nio-8080-exec-6] m.m.a.RequestResponseBodyMethodProcessor : Using 'application/json', given [*/*] and supported [application/json, application/*+json]
2026-04-21T19:27:28.070+08:00 DEBUG 21432 --- [nio-8080-exec-6] m.m.a.RequestResponseBodyMethodProcessor : Writing [PoemTagSearchResponse[selectedTagIds=[1], sort=hot, total=31664, items=[PoemSearchItemDto[workId=215 (truncated)...]
2026-04-21T19:27:28.073+08:00 DEBUG 21432 --- [nio-8080-exec-6] o.s.web.servlet.DispatcherServlet        : Completed 200 OK
2026-04-21T19:27:28.378+08:00 DEBUG 21432 --- [nio-8080-exec-8] o.s.jdbc.core.JdbcTemplate               : Executing prepared SQL query
2026-04-21T19:27:28.378+08:00 DEBUG 21432 --- [nio-8080-exec-8] o.s.jdbc.core.JdbcTemplate               : Executing prepared SQL statement [WITH matched_work AS (
    SELECT wt.work_id
    FROM work_tag wt
    WHERE wt.tag_id IN (?)
    GROUP BY wt.work_id
    HAVING COUNT(DISTINCT wt.tag_id) = ?
),
work_meta AS (
    SELECT
        w.work_id AS workId,
        w.title,
        w.author_name_cache AS authorName,
        w.dynasty_name AS dynastyName,
        LEFT(w.content_text, 120) AS contentPreview,
        ROUND(
            (CASE WHEN w.translation_text IS NOT NULL AND w.translation_text <> '' THEN 30 ELSE 0 END) +
            (CASE WHEN w.annotation_text IS NOT NULL AND w.annotation_text <> '' THEN 25 ELSE 0 END) +
            (CASE WHEN w.appreciation_text IS NOT NULL AND w.appreciation_text <> '' THEN 20 ELSE 0 END) +
            (CASE WHEN w.char_count BETWEEN 12 AND 220 THEN 10 ELSE 0 END) +
            COALESCE(rel.relation_count, 0) * 0.05 +
            COALESCE(meta.tag_count, 0) * 0.20,
            2
        ) AS hotScore,
        DATE_FORMAT(w.created_at, '%Y-%m-%d %H:%i:%s') AS publishTime
    FROM poetry_work w
    JOIN matched_work mw ON mw.work_id = w.work_id
    LEFT JOIN (
        SELECT work_id, COUNT(*) AS relation_count
        FROM work_relation
        GROUP BY work_id
    ) rel ON rel.work_id = w.work_id
    LEFT JOIN (
        SELECT work_id, COUNT(*) AS tag_count
        FROM work_tag
        GROUP BY work_id
    ) meta ON meta.work_id = w.work_id
)
SELECT
    wm.workId,
    wm.title,
    wm.authorName,
    wm.dynastyName,
    wm.contentPreview,
    (
        SELECT GROUP_CONCAT(t.tag_name ORDER BY t.tag_name SEPARATOR ',')
        FROM work_tag wt2
        JOIN tag t ON t.tag_id = wt2.tag_id
        WHERE wt2.work_id = wm.workId
          AND wt2.tag_id IN (?)
    ) AS matchedTags,
    wm.hotScore,
    wm.publishTime
FROM work_meta wm
ORDER BY wm.hotScore DESC, wm.workId DESC
LIMIT ? OFFSET ?
]
2026-04-21T19:27:29.527+08:00 DEBUG 21432 --- [io-8080-exec-10] o.s.web.servlet.DispatcherServlet        : GET "/api/poems/search/by-tags?tagIds=1%2C2&sort=hot&page=1&pageSize=20", parameters={masked}
2026-04-21T19:27:29.528+08:00 DEBUG 21432 --- [io-8080-exec-10] s.w.s.m.m.a.RequestMappingHandlerMapping : Mapped to com.example.poetry.backend.controller.TagSearchController#searchByTags(String, String, int, int)
2026-04-21T19:27:29.530+08:00 DEBUG 21432 --- [io-8080-exec-10] o.s.jdbc.core.JdbcTemplate               : Executing prepared SQL query
2026-04-21T19:27:29.530+08:00 DEBUG 21432 --- [io-8080-exec-10] o.s.jdbc.core.JdbcTemplate               : Executing prepared SQL statement [SELECT COUNT(*) FROM (
    SELECT w.work_id
    FROM poetry_work w
    JOIN work_tag wt ON wt.work_id = w.work_id
    WHERE wt.tag_id IN (?, ?)
    GROUP BY w.work_id
    HAVING COUNT(DISTINCT wt.tag_id) = ?
) result_count
]
2026-04-21T19:27:29.549+08:00 DEBUG 21432 --- [nio-8080-exec-2] o.s.jdbc.core.JdbcTemplate               : Executing prepared SQL query
2026-04-21T19:27:29.550+08:00 DEBUG 21432 --- [nio-8080-exec-2] o.s.jdbc.core.JdbcTemplate               : Executing prepared SQL statement [WITH matched_work AS (
    SELECT wt.work_id
    FROM work_tag wt
    WHERE wt.tag_id IN (?, ?)
    GROUP BY wt.work_id
    HAVING COUNT(DISTINCT wt.tag_id) = ?
),
work_meta AS (
    SELECT
        w.work_id AS workId,
        w.title,
        w.author_name_cache AS authorName,
        w.dynasty_name AS dynastyName,
        LEFT(w.content_text, 120) AS contentPreview,
        ROUND(
            (CASE WHEN w.translation_text IS NOT NULL AND w.translation_text <> '' THEN 30 ELSE 0 END) +
            (CASE WHEN w.annotation_text IS NOT NULL AND w.annotation_text <> '' THEN 25 ELSE 0 END) +
            (CASE WHEN w.appreciation_text IS NOT NULL AND w.appreciation_text <> '' THEN 20 ELSE 0 END) +
            (CASE WHEN w.char_count BETWEEN 12 AND 220 THEN 10 ELSE 0 END) +
            COALESCE(rel.relation_count, 0) * 0.05 +
            COALESCE(meta.tag_count, 0) * 0.20,
            2
        ) AS hotScore,
        DATE_FORMAT(w.created_at, '%Y-%m-%d %H:%i:%s') AS publishTime
    FROM poetry_work w
    JOIN matched_work mw ON mw.work_id = w.work_id
    LEFT JOIN (
        SELECT work_id, COUNT(*) AS relation_count
        FROM work_relation
        GROUP BY work_id
    ) rel ON rel.work_id = w.work_id
    LEFT JOIN (
        SELECT work_id, COUNT(*) AS tag_count
        FROM work_tag
        GROUP BY work_id
    ) meta ON meta.work_id = w.work_id
)
SELECT
    wm.workId,
    wm.title,
    wm.authorName,
    wm.dynastyName,
    wm.contentPreview,
    (
        SELECT GROUP_CONCAT(t.tag_name ORDER BY t.tag_name SEPARATOR ',')
        FROM work_tag wt2
        JOIN tag t ON t.tag_id = wt2.tag_id
        WHERE wt2.work_id = wm.workId
          AND wt2.tag_id IN (?, ?)
    ) AS matchedTags,
    wm.hotScore,
    wm.publishTime
FROM work_meta wm
ORDER BY wm.hotScore DESC, wm.workId DESC
LIMIT ? OFFSET ?
]
2026-04-21T19:27:30.745+08:00 DEBUG 21432 --- [nio-8080-exec-4] o.s.web.servlet.DispatcherServlet        : GET "/api/poems/search/by-tags?tagIds=2&sort=hot&page=1&pageSize=20", parameters={masked}
2026-04-21T19:27:30.746+08:00 DEBUG 21432 --- [nio-8080-exec-4] s.w.s.m.m.a.RequestMappingHandlerMapping : Mapped to com.example.poetry.backend.controller.TagSearchController#searchByTags(String, String, int, int)
2026-04-21T19:27:30.748+08:00 DEBUG 21432 --- [nio-8080-exec-4] o.s.jdbc.core.JdbcTemplate               : Executing prepared SQL query
2026-04-21T19:27:30.750+08:00 DEBUG 21432 --- [nio-8080-exec-4] o.s.jdbc.core.JdbcTemplate               : Executing prepared SQL statement [SELECT COUNT(*) FROM (
    SELECT w.work_id
    FROM poetry_work w
    JOIN work_tag wt ON wt.work_id = w.work_id
    WHERE wt.tag_id IN (?)
    GROUP BY w.work_id
    HAVING COUNT(DISTINCT wt.tag_id) = ?
) result_count
]
2026-04-21T19:27:31.021+08:00 DEBUG 21432 --- [io-8080-exec-10] o.s.jdbc.core.JdbcTemplate               : Executing prepared SQL query
2026-04-21T19:27:31.022+08:00 DEBUG 21432 --- [io-8080-exec-10] o.s.jdbc.core.JdbcTemplate               : Executing prepared SQL statement [WITH matched_work AS (
    SELECT wt.work_id
    FROM work_tag wt
    WHERE wt.tag_id IN (?, ?)
    GROUP BY wt.work_id
    HAVING COUNT(DISTINCT wt.tag_id) = ?
),
work_meta AS (
    SELECT
        w.work_id AS workId,
        w.title,
        w.author_name_cache AS authorName,
        w.dynasty_name AS dynastyName,
        LEFT(w.content_text, 120) AS contentPreview,
        ROUND(
            (CASE WHEN w.translation_text IS NOT NULL AND w.translation_text <> '' THEN 30 ELSE 0 END) +
            (CASE WHEN w.annotation_text IS NOT NULL AND w.annotation_text <> '' THEN 25 ELSE 0 END) +
            (CASE WHEN w.appreciation_text IS NOT NULL AND w.appreciation_text <> '' THEN 20 ELSE 0 END) +
            (CASE WHEN w.char_count BETWEEN 12 AND 220 THEN 10 ELSE 0 END) +
            COALESCE(rel.relation_count, 0) * 0.05 +
            COALESCE(meta.tag_count, 0) * 0.20,
            2
        ) AS hotScore,
        DATE_FORMAT(w.created_at, '%Y-%m-%d %H:%i:%s') AS publishTime
    FROM poetry_work w
    JOIN matched_work mw ON mw.work_id = w.work_id
    LEFT JOIN (
        SELECT work_id, COUNT(*) AS relation_count
        FROM work_relation
        GROUP BY work_id
    ) rel ON rel.work_id = w.work_id
    LEFT JOIN (
        SELECT work_id, COUNT(*) AS tag_count
        FROM work_tag
        GROUP BY work_id
    ) meta ON meta.work_id = w.work_id
)
SELECT
    wm.workId,
    wm.title,
    wm.authorName,
    wm.dynastyName,
    wm.contentPreview,
    (
        SELECT GROUP_CONCAT(t.tag_name ORDER BY t.tag_name SEPARATOR ',')
        FROM work_tag wt2
        JOIN tag t ON t.tag_id = wt2.tag_id
        WHERE wt2.work_id = wm.workId
          AND wt2.tag_id IN (?, ?)
    ) AS matchedTags,
    wm.hotScore,
    wm.publishTime
FROM work_meta wm
ORDER BY wm.hotScore DESC, wm.workId DESC
LIMIT ? OFFSET ?
]
2026-04-21T19:27:31.058+08:00 DEBUG 21432 --- [nio-8080-exec-7] m.m.a.RequestResponseBodyMethodProcessor : Using 'application/json', given [*/*] and supported [application/json, application/*+json]
2026-04-21T19:27:31.060+08:00 DEBUG 21432 --- [nio-8080-exec-7] m.m.a.RequestResponseBodyMethodProcessor : Writing [PoemTagSearchResponse[selectedTagIds=[1], sort=publish_time, total=31664, items=[PoemSearchItemDto[w (truncated)...]
2026-04-21T19:27:31.062+08:00 DEBUG 21432 --- [nio-8080-exec-7] o.s.web.servlet.DispatcherServlet        : Completed 200 OK
2026-04-21T19:27:31.078+08:00 DEBUG 21432 --- [nio-8080-exec-5] o.s.web.servlet.DispatcherServlet        : GET "/api/poems/search/by-tags?tagIds=1&sort=publish_time&page=1&pageSize=20", parameters={masked}
2026-04-21T19:27:31.079+08:00 DEBUG 21432 --- [nio-8080-exec-5] s.w.s.m.m.a.RequestMappingHandlerMapping : Mapped to com.example.poetry.backend.controller.TagSearchController#searchByTags(String, String, int, int)
2026-04-21T19:27:31.081+08:00 DEBUG 21432 --- [nio-8080-exec-5] o.s.jdbc.core.JdbcTemplate               : Executing prepared SQL query
2026-04-21T19:27:31.081+08:00 DEBUG 21432 --- [nio-8080-exec-5] o.s.jdbc.core.JdbcTemplate               : Executing prepared SQL statement [SELECT COUNT(*) FROM (
    SELECT w.work_id
    FROM poetry_work w
    JOIN work_tag wt ON wt.work_id = w.work_id
    WHERE wt.tag_id IN (?)
    GROUP BY w.work_id
    HAVING COUNT(DISTINCT wt.tag_id) = ?
) result_count
]
2026-04-21T19:27:31.544+08:00 DEBUG 21432 --- [nio-8080-exec-4] o.s.jdbc.core.JdbcTemplate               : Executing prepared SQL query
2026-04-21T19:27:31.544+08:00 DEBUG 21432 --- [nio-8080-exec-4] o.s.jdbc.core.JdbcTemplate               : Executing prepared SQL statement [WITH matched_work AS (
    SELECT wt.work_id
    FROM work_tag wt
    WHERE wt.tag_id IN (?)
    GROUP BY wt.work_id
    HAVING COUNT(DISTINCT wt.tag_id) = ?
),
work_meta AS (
    SELECT
        w.work_id AS workId,
        w.title,
        w.author_name_cache AS authorName,
        w.dynasty_name AS dynastyName,
        LEFT(w.content_text, 120) AS contentPreview,
        ROUND(
            (CASE WHEN w.translation_text IS NOT NULL AND w.translation_text <> '' THEN 30 ELSE 0 END) +
            (CASE WHEN w.annotation_text IS NOT NULL AND w.annotation_text <> '' THEN 25 ELSE 0 END) +
            (CASE WHEN w.appreciation_text IS NOT NULL AND w.appreciation_text <> '' THEN 20 ELSE 0 END) +
            (CASE WHEN w.char_count BETWEEN 12 AND 220 THEN 10 ELSE 0 END) +
            COALESCE(rel.relation_count, 0) * 0.05 +
            COALESCE(meta.tag_count, 0) * 0.20,
            2
        ) AS hotScore,
        DATE_FORMAT(w.created_at, '%Y-%m-%d %H:%i:%s') AS publishTime
    FROM poetry_work w
    JOIN matched_work mw ON mw.work_id = w.work_id
    LEFT JOIN (
        SELECT work_id, COUNT(*) AS relation_count
        FROM work_relation
        GROUP BY work_id
    ) rel ON rel.work_id = w.work_id
    LEFT JOIN (
        SELECT work_id, COUNT(*) AS tag_count
        FROM work_tag
        GROUP BY work_id
    ) meta ON meta.work_id = w.work_id
)
SELECT
    wm.workId,
    wm.title,
    wm.authorName,
    wm.dynastyName,
    wm.contentPreview,
    (
        SELECT GROUP_CONCAT(t.tag_name ORDER BY t.tag_name SEPARATOR ',')
        FROM work_tag wt2
        JOIN tag t ON t.tag_id = wt2.tag_id
        WHERE wt2.work_id = wm.workId
          AND wt2.tag_id IN (?)
    ) AS matchedTags,
    wm.hotScore,
    wm.publishTime
FROM work_meta wm
ORDER BY wm.hotScore DESC, wm.workId DESC
LIMIT ? OFFSET ?
]
2026-04-21T19:27:32.006+08:00 DEBUG 21432 --- [nio-8080-exec-8] m.m.a.RequestResponseBodyMethodProcessor : Using 'application/json', given [*/*] and supported [application/json, application/*+json]
2026-04-21T19:27:32.007+08:00 DEBUG 21432 --- [nio-8080-exec-8] m.m.a.RequestResponseBodyMethodProcessor : Writing [PoemTagSearchResponse[selectedTagIds=[1], sort=hot, total=31664, items=[PoemSearchItemDto[workId=215 (truncated)...]
2026-04-21T19:27:32.010+08:00 DEBUG 21432 --- [nio-8080-exec-8] o.s.web.servlet.DispatcherServlet        : Completed 200 OK
2026-04-21T19:27:32.013+08:00 DEBUG 21432 --- [nio-8080-exec-3] o.s.web.servlet.DispatcherServlet        : GET "/api/poems/search/by-tags?tagIds=1&sort=hot&page=1&pageSize=20", parameters={masked}
2026-04-21T19:27:32.014+08:00 DEBUG 21432 --- [nio-8080-exec-3] s.w.s.m.m.a.RequestMappingHandlerMapping : Mapped to com.example.poetry.backend.controller.TagSearchController#searchByTags(String, String, int, int)
2026-04-21T19:27:32.016+08:00 DEBUG 21432 --- [nio-8080-exec-3] o.s.jdbc.core.JdbcTemplate               : Executing prepared SQL query
2026-04-21T19:27:32.017+08:00 DEBUG 21432 --- [nio-8080-exec-3] o.s.jdbc.core.JdbcTemplate               : Executing prepared SQL statement [SELECT COUNT(*) FROM (
    SELECT w.work_id
    FROM poetry_work w
    JOIN work_tag wt ON wt.work_id = w.work_id
    WHERE wt.tag_id IN (?)
    GROUP BY w.work_id
    HAVING COUNT(DISTINCT wt.tag_id) = ?
) result_count
]
2026-04-21T19:27:32.159+08:00 DEBUG 21432 --- [nio-8080-exec-5] o.s.jdbc.core.JdbcTemplate               : Executing prepared SQL query
2026-04-21T19:27:32.160+08:00 DEBUG 21432 --- [nio-8080-exec-5] o.s.jdbc.core.JdbcTemplate               : Executing prepared SQL statement [WITH matched_work AS (
    SELECT wt.work_id
    FROM work_tag wt
    WHERE wt.tag_id IN (?)
    GROUP BY wt.work_id
    HAVING COUNT(DISTINCT wt.tag_id) = ?
),
work_meta AS (
    SELECT
        w.work_id AS workId,
        w.title,
        w.author_name_cache AS authorName,
        w.dynasty_name AS dynastyName,
        LEFT(w.content_text, 120) AS contentPreview,
        ROUND(
            (CASE WHEN w.translation_text IS NOT NULL AND w.translation_text <> '' THEN 30 ELSE 0 END) +
            (CASE WHEN w.annotation_text IS NOT NULL AND w.annotation_text <> '' THEN 25 ELSE 0 END) +
            (CASE WHEN w.appreciation_text IS NOT NULL AND w.appreciation_text <> '' THEN 20 ELSE 0 END) +
            (CASE WHEN w.char_count BETWEEN 12 AND 220 THEN 10 ELSE 0 END) +
            COALESCE(rel.relation_count, 0) * 0.05 +
            COALESCE(meta.tag_count, 0) * 0.20,
            2
        ) AS hotScore,
        DATE_FORMAT(w.created_at, '%Y-%m-%d %H:%i:%s') AS publishTime
    FROM poetry_work w
    JOIN matched_work mw ON mw.work_id = w.work_id
    LEFT JOIN (
        SELECT work_id, COUNT(*) AS relation_count
        FROM work_relation
        GROUP BY work_id
    ) rel ON rel.work_id = w.work_id
    LEFT JOIN (
        SELECT work_id, COUNT(*) AS tag_count
        FROM work_tag
        GROUP BY work_id
    ) meta ON meta.work_id = w.work_id
)
SELECT
    wm.workId,
    wm.title,
    wm.authorName,
    wm.dynastyName,
    wm.contentPreview,
    (
        SELECT GROUP_CONCAT(t.tag_name ORDER BY t.tag_name SEPARATOR ',')
        FROM work_tag wt2
        JOIN tag t ON t.tag_id = wt2.tag_id
        WHERE wt2.work_id = wm.workId
          AND wt2.tag_id IN (?)
    ) AS matchedTags,
    wm.hotScore,
    wm.publishTime
FROM work_meta wm
ORDER BY wm.publishTime DESC, wm.workId DESC
LIMIT ? OFFSET ?
]
2026-04-21T19:27:33.171+08:00 DEBUG 21432 --- [nio-8080-exec-3] o.s.jdbc.core.JdbcTemplate               : Executing prepared SQL query
2026-04-21T19:27:33.171+08:00 DEBUG 21432 --- [nio-8080-exec-3] o.s.jdbc.core.JdbcTemplate               : Executing prepared SQL statement [WITH matched_work AS (
    SELECT wt.work_id
    FROM work_tag wt
    WHERE wt.tag_id IN (?)
    GROUP BY wt.work_id
    HAVING COUNT(DISTINCT wt.tag_id) = ?
),
work_meta AS (
    SELECT
        w.work_id AS workId,
        w.title,
        w.author_name_cache AS authorName,
        w.dynasty_name AS dynastyName,
        LEFT(w.content_text, 120) AS contentPreview,
        ROUND(
            (CASE WHEN w.translation_text IS NOT NULL AND w.translation_text <> '' THEN 30 ELSE 0 END) +
            (CASE WHEN w.annotation_text IS NOT NULL AND w.annotation_text <> '' THEN 25 ELSE 0 END) +
            (CASE WHEN w.appreciation_text IS NOT NULL AND w.appreciation_text <> '' THEN 20 ELSE 0 END) +
            (CASE WHEN w.char_count BETWEEN 12 AND 220 THEN 10 ELSE 0 END) +
            COALESCE(rel.relation_count, 0) * 0.05 +
            COALESCE(meta.tag_count, 0) * 0.20,
            2
        ) AS hotScore,
        DATE_FORMAT(w.created_at, '%Y-%m-%d %H:%i:%s') AS publishTime
    FROM poetry_work w
    JOIN matched_work mw ON mw.work_id = w.work_id
    LEFT JOIN (
        SELECT work_id, COUNT(*) AS relation_count
        FROM work_relation
        GROUP BY work_id
    ) rel ON rel.work_id = w.work_id
    LEFT JOIN (
        SELECT work_id, COUNT(*) AS tag_count
        FROM work_tag
        GROUP BY work_id
    ) meta ON meta.work_id = w.work_id
)
SELECT
    wm.workId,
    wm.title,
    wm.authorName,
    wm.dynastyName,
    wm.contentPreview,
    (
        SELECT GROUP_CONCAT(t.tag_name ORDER BY t.tag_name SEPARATOR ',')
        FROM work_tag wt2
        JOIN tag t ON t.tag_id = wt2.tag_id
        WHERE wt2.work_id = wm.workId
          AND wt2.tag_id IN (?)
    ) AS matchedTags,
    wm.hotScore,
    wm.publishTime
FROM work_meta wm
ORDER BY wm.hotScore DESC, wm.workId DESC
LIMIT ? OFFSET ?
]
2026-04-21T19:27:33.489+08:00 DEBUG 21432 --- [io-8080-exec-10] m.m.a.RequestResponseBodyMethodProcessor : Using 'application/json', given [*/*] and supported [application/json, application/*+json]
2026-04-21T19:27:33.490+08:00 DEBUG 21432 --- [io-8080-exec-10] m.m.a.RequestResponseBodyMethodProcessor : Writing [PoemTagSearchResponse[selectedTagIds=[1, 2], sort=hot, total=3213, items=[PoemSearchItemDto[workId=2 (truncated)...]
2026-04-21T19:27:33.491+08:00 DEBUG 21432 --- [io-8080-exec-10] o.s.web.servlet.DispatcherServlet        : Completed 200 OK
2026-04-21T19:27:33.557+08:00 DEBUG 21432 --- [nio-8080-exec-2] m.m.a.RequestResponseBodyMethodProcessor : Using 'application/json', given [*/*] and supported [application/json, application/*+json]
2026-04-21T19:27:33.559+08:00 DEBUG 21432 --- [nio-8080-exec-2] m.m.a.RequestResponseBodyMethodProcessor : Writing [PoemTagSearchResponse[selectedTagIds=[1, 15], sort=hot, total=30491, items=[PoemSearchItemDto[workId (truncated)...]
2026-04-21T19:27:33.561+08:00 DEBUG 21432 --- [nio-8080-exec-2] o.s.web.servlet.DispatcherServlet        : Completed 200 OK
2026-04-21T19:27:34.496+08:00 DEBUG 21432 --- [nio-8080-exec-4] m.m.a.RequestResponseBodyMethodProcessor : Using 'application/json', given [*/*] and supported [application/json, application/*+json]
2026-04-21T19:27:34.497+08:00 DEBUG 21432 --- [nio-8080-exec-4] m.m.a.RequestResponseBodyMethodProcessor : Writing [PoemTagSearchResponse[selectedTagIds=[2], sort=hot, total=11579, items=[PoemSearchItemDto[workId=215 (truncated)...]
2026-04-21T19:27:34.500+08:00 DEBUG 21432 --- [nio-8080-exec-4] o.s.web.servlet.DispatcherServlet        : Completed 200 OK
2026-04-21T19:27:35.812+08:00 DEBUG 21432 --- [nio-8080-exec-5] m.m.a.RequestResponseBodyMethodProcessor : Using 'application/json', given [*/*] and supported [application/json, application/*+json]
2026-04-21T19:27:35.814+08:00 DEBUG 21432 --- [nio-8080-exec-5] m.m.a.RequestResponseBodyMethodProcessor : Writing [PoemTagSearchResponse[selectedTagIds=[1], sort=publish_time, total=31664, items=[PoemSearchItemDto[w (truncated)...]
2026-04-21T19:27:35.817+08:00 DEBUG 21432 --- [nio-8080-exec-5] o.s.web.servlet.DispatcherServlet        : Completed 200 OK
2026-04-21T19:27:35.831+08:00 DEBUG 21432 --- [nio-8080-exec-1] o.s.web.servlet.DispatcherServlet        : GET "/api/poems/search/by-tags?tagIds=1&sort=publish_time&page=1&pageSize=20", parameters={masked}
2026-04-21T19:27:35.831+08:00 DEBUG 21432 --- [nio-8080-exec-1] s.w.s.m.m.a.RequestMappingHandlerMapping : Mapped to com.example.poetry.backend.controller.TagSearchController#searchByTags(String, String, int, int)
2026-04-21T19:27:35.833+08:00 DEBUG 21432 --- [nio-8080-exec-1] o.s.jdbc.core.JdbcTemplate               : Executing prepared SQL query
2026-04-21T19:27:35.833+08:00 DEBUG 21432 --- [nio-8080-exec-1] o.s.jdbc.core.JdbcTemplate               : Executing prepared SQL statement [SELECT COUNT(*) FROM (
    SELECT w.work_id
    FROM poetry_work w
    JOIN work_tag wt ON wt.work_id = w.work_id
    WHERE wt.tag_id IN (?)
    GROUP BY w.work_id
    HAVING COUNT(DISTINCT wt.tag_id) = ?
) result_count
]
2026-04-21T19:27:36.726+08:00 DEBUG 21432 --- [nio-8080-exec-3] m.m.a.RequestResponseBodyMethodProcessor : Using 'application/json', given [*/*] and supported [application/json, application/*+json]
2026-04-21T19:27:36.727+08:00 DEBUG 21432 --- [nio-8080-exec-3] m.m.a.RequestResponseBodyMethodProcessor : Writing [PoemTagSearchResponse[selectedTagIds=[1], sort=hot, total=31664, items=[PoemSearchItemDto[workId=215 (truncated)...]
2026-04-21T19:27:36.729+08:00 DEBUG 21432 --- [nio-8080-exec-3] o.s.web.servlet.DispatcherServlet        : Completed 200 OK
2026-04-21T19:27:36.743+08:00 DEBUG 21432 --- [nio-8080-exec-9] o.s.web.servlet.DispatcherServlet        : GET "/api/poems/search/by-tags?tagIds=1&sort=hot&page=1&pageSize=20", parameters={masked}
2026-04-21T19:27:36.744+08:00 DEBUG 21432 --- [nio-8080-exec-1] o.s.jdbc.core.JdbcTemplate               : Executing prepared SQL query
2026-04-21T19:27:36.744+08:00 DEBUG 21432 --- [nio-8080-exec-1] o.s.jdbc.core.JdbcTemplate               : Executing prepared SQL statement [WITH matched_work AS (
    SELECT wt.work_id
    FROM work_tag wt
    WHERE wt.tag_id IN (?)
    GROUP BY wt.work_id
    HAVING COUNT(DISTINCT wt.tag_id) = ?
),
work_meta AS (
    SELECT
        w.work_id AS workId,
        w.title,
        w.author_name_cache AS authorName,
        w.dynasty_name AS dynastyName,
        LEFT(w.content_text, 120) AS contentPreview,
        ROUND(
            (CASE WHEN w.translation_text IS NOT NULL AND w.translation_text <> '' THEN 30 ELSE 0 END) +
            (CASE WHEN w.annotation_text IS NOT NULL AND w.annotation_text <> '' THEN 25 ELSE 0 END) +
            (CASE WHEN w.appreciation_text IS NOT NULL AND w.appreciation_text <> '' THEN 20 ELSE 0 END) +
            (CASE WHEN w.char_count BETWEEN 12 AND 220 THEN 10 ELSE 0 END) +
            COALESCE(rel.relation_count, 0) * 0.05 +
            COALESCE(meta.tag_count, 0) * 0.20,
            2
        ) AS hotScore,
        DATE_FORMAT(w.created_at, '%Y-%m-%d %H:%i:%s') AS publishTime
    FROM poetry_work w
    JOIN matched_work mw ON mw.work_id = w.work_id
    LEFT JOIN (
        SELECT work_id, COUNT(*) AS relation_count
        FROM work_relation
        GROUP BY work_id
    ) rel ON rel.work_id = w.work_id
    LEFT JOIN (
        SELECT work_id, COUNT(*) AS tag_count
        FROM work_tag
        GROUP BY work_id
    ) meta ON meta.work_id = w.work_id
)
SELECT
    wm.workId,
    wm.title,
    wm.authorName,
    wm.dynastyName,
    wm.contentPreview,
    (
        SELECT GROUP_CONCAT(t.tag_name ORDER BY t.tag_name SEPARATOR ',')
        FROM work_tag wt2
        JOIN tag t ON t.tag_id = wt2.tag_id
        WHERE wt2.work_id = wm.workId
          AND wt2.tag_id IN (?)
    ) AS matchedTags,
    wm.hotScore,
    wm.publishTime
FROM work_meta wm
ORDER BY wm.publishTime DESC, wm.workId DESC
LIMIT ? OFFSET ?
]
2026-04-21T19:27:36.744+08:00 DEBUG 21432 --- [nio-8080-exec-9] s.w.s.m.m.a.RequestMappingHandlerMapping : Mapped to com.example.poetry.backend.controller.TagSearchController#searchByTags(String, String, int, int)
2026-04-21T19:27:36.745+08:00 DEBUG 21432 --- [nio-8080-exec-9] o.s.jdbc.core.JdbcTemplate               : Executing prepared SQL query
2026-04-21T19:27:36.746+08:00 DEBUG 21432 --- [nio-8080-exec-9] o.s.jdbc.core.JdbcTemplate               : Executing prepared SQL statement [SELECT COUNT(*) FROM (
    SELECT w.work_id
    FROM poetry_work w
    JOIN work_tag wt ON wt.work_id = w.work_id
    WHERE wt.tag_id IN (?)
    GROUP BY w.work_id
    HAVING COUNT(DISTINCT wt.tag_id) = ?
) result_count
]
2026-04-21T19:27:37.753+08:00 DEBUG 21432 --- [nio-8080-exec-9] o.s.jdbc.core.JdbcTemplate               : Executing prepared SQL query
2026-04-21T19:27:37.754+08:00 DEBUG 21432 --- [nio-8080-exec-9] o.s.jdbc.core.JdbcTemplate               : Executing prepared SQL statement [WITH matched_work AS (
    SELECT wt.work_id
    FROM work_tag wt
    WHERE wt.tag_id IN (?)
    GROUP BY wt.work_id
    HAVING COUNT(DISTINCT wt.tag_id) = ?
),
work_meta AS (
    SELECT
        w.work_id AS workId,
        w.title,
        w.author_name_cache AS authorName,
        w.dynasty_name AS dynastyName,
        LEFT(w.content_text, 120) AS contentPreview,
        ROUND(
            (CASE WHEN w.translation_text IS NOT NULL AND w.translation_text <> '' THEN 30 ELSE 0 END) +
            (CASE WHEN w.annotation_text IS NOT NULL AND w.annotation_text <> '' THEN 25 ELSE 0 END) +
            (CASE WHEN w.appreciation_text IS NOT NULL AND w.appreciation_text <> '' THEN 20 ELSE 0 END) +
            (CASE WHEN w.char_count BETWEEN 12 AND 220 THEN 10 ELSE 0 END) +
            COALESCE(rel.relation_count, 0) * 0.05 +
            COALESCE(meta.tag_count, 0) * 0.20,
            2
        ) AS hotScore,
        DATE_FORMAT(w.created_at, '%Y-%m-%d %H:%i:%s') AS publishTime
    FROM poetry_work w
    JOIN matched_work mw ON mw.work_id = w.work_id
    LEFT JOIN (
        SELECT work_id, COUNT(*) AS relation_count
        FROM work_relation
        GROUP BY work_id
    ) rel ON rel.work_id = w.work_id
    LEFT JOIN (
        SELECT work_id, COUNT(*) AS tag_count
        FROM work_tag
        GROUP BY work_id
    ) meta ON meta.work_id = w.work_id
)
SELECT
    wm.workId,
    wm.title,
    wm.authorName,
    wm.dynastyName,
    wm.contentPreview,
    (
        SELECT GROUP_CONCAT(t.tag_name ORDER BY t.tag_name SEPARATOR ',')
        FROM work_tag wt2
        JOIN tag t ON t.tag_id = wt2.tag_id
        WHERE wt2.work_id = wm.workId
          AND wt2.tag_id IN (?)
    ) AS matchedTags,
    wm.hotScore,
    wm.publishTime
FROM work_meta wm
ORDER BY wm.hotScore DESC, wm.workId DESC
LIMIT ? OFFSET ?
]
2026-04-21T19:27:40.080+08:00 DEBUG 21432 --- [nio-8080-exec-1] m.m.a.RequestResponseBodyMethodProcessor : Using 'application/json', given [*/*] and supported [application/json, application/*+json]
2026-04-21T19:27:40.081+08:00 DEBUG 21432 --- [nio-8080-exec-1] m.m.a.RequestResponseBodyMethodProcessor : Writing [PoemTagSearchResponse[selectedTagIds=[1], sort=publish_time, total=31664, items=[PoemSearchItemDto[w (truncated)...]
2026-04-21T19:27:40.083+08:00 DEBUG 21432 --- [nio-8080-exec-1] o.s.web.servlet.DispatcherServlet        : Completed 200 OK
2026-04-21T19:27:40.098+08:00 DEBUG 21432 --- [nio-8080-exec-6] o.s.web.servlet.DispatcherServlet        : GET "/api/poems/search/by-tags?tagIds=1&sort=publish_time&page=1&pageSize=20", parameters={masked}
2026-04-21T19:27:40.099+08:00 DEBUG 21432 --- [nio-8080-exec-6] s.w.s.m.m.a.RequestMappingHandlerMapping : Mapped to com.example.poetry.backend.controller.TagSearchController#searchByTags(String, String, int, int)
2026-04-21T19:27:40.100+08:00 DEBUG 21432 --- [nio-8080-exec-6] o.s.jdbc.core.JdbcTemplate               : Executing prepared SQL query
2026-04-21T19:27:40.101+08:00 DEBUG 21432 --- [nio-8080-exec-6] o.s.jdbc.core.JdbcTemplate               : Executing prepared SQL statement [SELECT COUNT(*) FROM (
    SELECT w.work_id
    FROM poetry_work w
    JOIN work_tag wt ON wt.work_id = w.work_id
    WHERE wt.tag_id IN (?)
    GROUP BY w.work_id
    HAVING COUNT(DISTINCT wt.tag_id) = ?
) result_count
]
2026-04-21T19:27:41.086+08:00 DEBUG 21432 --- [nio-8080-exec-9] m.m.a.RequestResponseBodyMethodProcessor : Using 'application/json', given [*/*] and supported [application/json, application/*+json]
2026-04-21T19:27:41.087+08:00 DEBUG 21432 --- [nio-8080-exec-9] m.m.a.RequestResponseBodyMethodProcessor : Writing [PoemTagSearchResponse[selectedTagIds=[1], sort=hot, total=31664, items=[PoemSearchItemDto[workId=215 (truncated)...]
2026-04-21T19:27:41.089+08:00 DEBUG 21432 --- [nio-8080-exec-9] o.s.web.servlet.DispatcherServlet        : Completed 200 OK
2026-04-21T19:27:41.104+08:00 DEBUG 21432 --- [nio-8080-exec-7] o.s.web.servlet.DispatcherServlet        : GET "/api/poems/search/by-tags?tagIds=1&sort=hot&page=1&pageSize=20", parameters={masked}
2026-04-21T19:27:41.104+08:00 DEBUG 21432 --- [nio-8080-exec-7] s.w.s.m.m.a.RequestMappingHandlerMapping : Mapped to com.example.poetry.backend.controller.TagSearchController#searchByTags(String, String, int, int)
2026-04-21T19:27:41.106+08:00 DEBUG 21432 --- [nio-8080-exec-7] o.s.jdbc.core.JdbcTemplate               : Executing prepared SQL query
2026-04-21T19:27:41.107+08:00 DEBUG 21432 --- [nio-8080-exec-7] o.s.jdbc.core.JdbcTemplate               : Executing prepared SQL statement [SELECT COUNT(*) FROM (
    SELECT w.work_id
    FROM poetry_work w
    JOIN work_tag wt ON wt.work_id = w.work_id
    WHERE wt.tag_id IN (?)
    GROUP BY w.work_id
    HAVING COUNT(DISTINCT wt.tag_id) = ?
) result_count
]
2026-04-21T19:27:41.179+08:00 DEBUG 21432 --- [nio-8080-exec-6] o.s.jdbc.core.JdbcTemplate               : Executing prepared SQL query
2026-04-21T19:27:41.180+08:00 DEBUG 21432 --- [nio-8080-exec-6] o.s.jdbc.core.JdbcTemplate               : Executing prepared SQL statement [WITH matched_work AS (
    SELECT wt.work_id
    FROM work_tag wt
    WHERE wt.tag_id IN (?)
    GROUP BY wt.work_id
    HAVING COUNT(DISTINCT wt.tag_id) = ?
),
work_meta AS (
    SELECT
        w.work_id AS workId,
        w.title,
        w.author_name_cache AS authorName,
        w.dynasty_name AS dynastyName,
        LEFT(w.content_text, 120) AS contentPreview,
        ROUND(
            (CASE WHEN w.translation_text IS NOT NULL AND w.translation_text <> '' THEN 30 ELSE 0 END) +
            (CASE WHEN w.annotation_text IS NOT NULL AND w.annotation_text <> '' THEN 25 ELSE 0 END) +
            (CASE WHEN w.appreciation_text IS NOT NULL AND w.appreciation_text <> '' THEN 20 ELSE 0 END) +
            (CASE WHEN w.char_count BETWEEN 12 AND 220 THEN 10 ELSE 0 END) +
            COALESCE(rel.relation_count, 0) * 0.05 +
            COALESCE(meta.tag_count, 0) * 0.20,
            2
        ) AS hotScore,
        DATE_FORMAT(w.created_at, '%Y-%m-%d %H:%i:%s') AS publishTime
    FROM poetry_work w
    JOIN matched_work mw ON mw.work_id = w.work_id
    LEFT JOIN (
        SELECT work_id, COUNT(*) AS relation_count
        FROM work_relation
        GROUP BY work_id
    ) rel ON rel.work_id = w.work_id
    LEFT JOIN (
        SELECT work_id, COUNT(*) AS tag_count
        FROM work_tag
        GROUP BY work_id
    ) meta ON meta.work_id = w.work_id
)
SELECT
    wm.workId,
    wm.title,
    wm.authorName,
    wm.dynastyName,
    wm.contentPreview,
    (
        SELECT GROUP_CONCAT(t.tag_name ORDER BY t.tag_name SEPARATOR ',')
        FROM work_tag wt2
        JOIN tag t ON t.tag_id = wt2.tag_id
        WHERE wt2.work_id = wm.workId
          AND wt2.tag_id IN (?)
    ) AS matchedTags,
    wm.hotScore,
    wm.publishTime
FROM work_meta wm
ORDER BY wm.publishTime DESC, wm.workId DESC
LIMIT ? OFFSET ?
]
2026-04-21T19:27:42.198+08:00 DEBUG 21432 --- [nio-8080-exec-7] o.s.jdbc.core.JdbcTemplate               : Executing prepared SQL query
2026-04-21T19:27:42.199+08:00 DEBUG 21432 --- [nio-8080-exec-7] o.s.jdbc.core.JdbcTemplate               : Executing prepared SQL statement [WITH matched_work AS (
    SELECT wt.work_id
    FROM work_tag wt
    WHERE wt.tag_id IN (?)
    GROUP BY wt.work_id
    HAVING COUNT(DISTINCT wt.tag_id) = ?
),
work_meta AS (
    SELECT
        w.work_id AS workId,
        w.title,
        w.author_name_cache AS authorName,
        w.dynasty_name AS dynastyName,
        LEFT(w.content_text, 120) AS contentPreview,
        ROUND(
            (CASE WHEN w.translation_text IS NOT NULL AND w.translation_text <> '' THEN 30 ELSE 0 END) +
            (CASE WHEN w.annotation_text IS NOT NULL AND w.annotation_text <> '' THEN 25 ELSE 0 END) +
            (CASE WHEN w.appreciation_text IS NOT NULL AND w.appreciation_text <> '' THEN 20 ELSE 0 END) +
            (CASE WHEN w.char_count BETWEEN 12 AND 220 THEN 10 ELSE 0 END) +
            COALESCE(rel.relation_count, 0) * 0.05 +
            COALESCE(meta.tag_count, 0) * 0.20,
            2
        ) AS hotScore,
        DATE_FORMAT(w.created_at, '%Y-%m-%d %H:%i:%s') AS publishTime
    FROM poetry_work w
    JOIN matched_work mw ON mw.work_id = w.work_id
    LEFT JOIN (
        SELECT work_id, COUNT(*) AS relation_count
        FROM work_relation
        GROUP BY work_id
    ) rel ON rel.work_id = w.work_id
    LEFT JOIN (
        SELECT work_id, COUNT(*) AS tag_count
        FROM work_tag
        GROUP BY work_id
    ) meta ON meta.work_id = w.work_id
)
SELECT
    wm.workId,
    wm.title,
    wm.authorName,
    wm.dynastyName,
    wm.contentPreview,
    (
        SELECT GROUP_CONCAT(t.tag_name ORDER BY t.tag_name SEPARATOR ',')
        FROM work_tag wt2
        JOIN tag t ON t.tag_id = wt2.tag_id
        WHERE wt2.work_id = wm.workId
          AND wt2.tag_id IN (?)
    ) AS matchedTags,
    wm.hotScore,
    wm.publishTime
FROM work_meta wm
ORDER BY wm.hotScore DESC, wm.workId DESC
LIMIT ? OFFSET ?
]
2026-04-21T19:27:44.551+08:00 DEBUG 21432 --- [nio-8080-exec-6] m.m.a.RequestResponseBodyMethodProcessor : Using 'application/json', given [*/*] and supported [application/json, application/*+json]
2026-04-21T19:27:44.552+08:00 DEBUG 21432 --- [nio-8080-exec-6] m.m.a.RequestResponseBodyMethodProcessor : Writing [PoemTagSearchResponse[selectedTagIds=[1], sort=publish_time, total=31664, items=[PoemSearchItemDto[w (truncated)...]
2026-04-21T19:27:44.554+08:00 DEBUG 21432 --- [nio-8080-exec-6] o.s.web.servlet.DispatcherServlet        : Completed 200 OK
2026-04-21T19:27:44.609+08:00 DEBUG 21432 --- [nio-8080-exec-8] o.s.web.servlet.DispatcherServlet        : GET "/api/poems/search/by-tags?tagIds=1&sort=publish_time&page=1&pageSize=20", parameters={masked}
2026-04-21T19:27:44.610+08:00 DEBUG 21432 --- [nio-8080-exec-8] s.w.s.m.m.a.RequestMappingHandlerMapping : Mapped to com.example.poetry.backend.controller.TagSearchController#searchByTags(String, String, int, int)
2026-04-21T19:27:44.611+08:00 DEBUG 21432 --- [nio-8080-exec-8] o.s.jdbc.core.JdbcTemplate               : Executing prepared SQL query
2026-04-21T19:27:44.611+08:00 DEBUG 21432 --- [nio-8080-exec-8] o.s.jdbc.core.JdbcTemplate               : Executing prepared SQL statement [SELECT COUNT(*) FROM (
    SELECT w.work_id
    FROM poetry_work w
    JOIN work_tag wt ON wt.work_id = w.work_id
    WHERE wt.tag_id IN (?)
    GROUP BY w.work_id
    HAVING COUNT(DISTINCT wt.tag_id) = ?
) result_count
]
2026-04-21T19:27:45.467+08:00 DEBUG 21432 --- [nio-8080-exec-7] m.m.a.RequestResponseBodyMethodProcessor : Using 'application/json', given [*/*] and supported [application/json, application/*+json]
2026-04-21T19:27:45.468+08:00 DEBUG 21432 --- [nio-8080-exec-7] m.m.a.RequestResponseBodyMethodProcessor : Writing [PoemTagSearchResponse[selectedTagIds=[1], sort=hot, total=31664, items=[PoemSearchItemDto[workId=215 (truncated)...]
2026-04-21T19:27:45.470+08:00 DEBUG 21432 --- [nio-8080-exec-7] o.s.web.servlet.DispatcherServlet        : Completed 200 OK
2026-04-21T19:27:45.487+08:00 DEBUG 21432 --- [io-8080-exec-10] o.s.web.servlet.DispatcherServlet        : GET "/api/poems/search/by-tags?tagIds=1&sort=hot&page=1&pageSize=20", parameters={masked}
2026-04-21T19:27:45.487+08:00 DEBUG 21432 --- [io-8080-exec-10] s.w.s.m.m.a.RequestMappingHandlerMapping : Mapped to com.example.poetry.backend.controller.TagSearchController#searchByTags(String, String, int, int)
2026-04-21T19:27:45.489+08:00 DEBUG 21432 --- [io-8080-exec-10] o.s.jdbc.core.JdbcTemplate               : Executing prepared SQL query
2026-04-21T19:27:45.490+08:00 DEBUG 21432 --- [io-8080-exec-10] o.s.jdbc.core.JdbcTemplate               : Executing prepared SQL statement [SELECT COUNT(*) FROM (
    SELECT w.work_id
    FROM poetry_work w
    JOIN work_tag wt ON wt.work_id = w.work_id
    WHERE wt.tag_id IN (?)
    GROUP BY w.work_id
    HAVING COUNT(DISTINCT wt.tag_id) = ?
) result_count
]
2026-04-21T19:27:45.708+08:00 DEBUG 21432 --- [nio-8080-exec-8] o.s.jdbc.core.JdbcTemplate               : Executing prepared SQL query
2026-04-21T19:27:45.710+08:00 DEBUG 21432 --- [nio-8080-exec-8] o.s.jdbc.core.JdbcTemplate               : Executing prepared SQL statement [WITH matched_work AS (
    SELECT wt.work_id
    FROM work_tag wt
    WHERE wt.tag_id IN (?)
    GROUP BY wt.work_id
    HAVING COUNT(DISTINCT wt.tag_id) = ?
),
work_meta AS (
    SELECT
        w.work_id AS workId,
        w.title,
        w.author_name_cache AS authorName,
        w.dynasty_name AS dynastyName,
        LEFT(w.content_text, 120) AS contentPreview,
        ROUND(
            (CASE WHEN w.translation_text IS NOT NULL AND w.translation_text <> '' THEN 30 ELSE 0 END) +
            (CASE WHEN w.annotation_text IS NOT NULL AND w.annotation_text <> '' THEN 25 ELSE 0 END) +
            (CASE WHEN w.appreciation_text IS NOT NULL AND w.appreciation_text <> '' THEN 20 ELSE 0 END) +
            (CASE WHEN w.char_count BETWEEN 12 AND 220 THEN 10 ELSE 0 END) +
            COALESCE(rel.relation_count, 0) * 0.05 +
            COALESCE(meta.tag_count, 0) * 0.20,
            2
        ) AS hotScore,
        DATE_FORMAT(w.created_at, '%Y-%m-%d %H:%i:%s') AS publishTime
    FROM poetry_work w
    JOIN matched_work mw ON mw.work_id = w.work_id
    LEFT JOIN (
        SELECT work_id, COUNT(*) AS relation_count
        FROM work_relation
        GROUP BY work_id
    ) rel ON rel.work_id = w.work_id
    LEFT JOIN (
        SELECT work_id, COUNT(*) AS tag_count
        FROM work_tag
        GROUP BY work_id
    ) meta ON meta.work_id = w.work_id
)
SELECT
    wm.workId,
    wm.title,
    wm.authorName,
    wm.dynastyName,
    wm.contentPreview,
    (
        SELECT GROUP_CONCAT(t.tag_name ORDER BY t.tag_name SEPARATOR ',')
        FROM work_tag wt2
        JOIN tag t ON t.tag_id = wt2.tag_id
        WHERE wt2.work_id = wm.workId
          AND wt2.tag_id IN (?)
    ) AS matchedTags,
    wm.hotScore,
    wm.publishTime
FROM work_meta wm
ORDER BY wm.publishTime DESC, wm.workId DESC
LIMIT ? OFFSET ?
]
2026-04-21T19:27:46.605+08:00 DEBUG 21432 --- [io-8080-exec-10] o.s.jdbc.core.JdbcTemplate               : Executing prepared SQL query
2026-04-21T19:27:46.605+08:00 DEBUG 21432 --- [io-8080-exec-10] o.s.jdbc.core.JdbcTemplate               : Executing prepared SQL statement [WITH matched_work AS (
    SELECT wt.work_id
    FROM work_tag wt
    WHERE wt.tag_id IN (?)
    GROUP BY wt.work_id
    HAVING COUNT(DISTINCT wt.tag_id) = ?
),
work_meta AS (
    SELECT
        w.work_id AS workId,
        w.title,
        w.author_name_cache AS authorName,
        w.dynasty_name AS dynastyName,
        LEFT(w.content_text, 120) AS contentPreview,
        ROUND(
            (CASE WHEN w.translation_text IS NOT NULL AND w.translation_text <> '' THEN 30 ELSE 0 END) +
            (CASE WHEN w.annotation_text IS NOT NULL AND w.annotation_text <> '' THEN 25 ELSE 0 END) +
            (CASE WHEN w.appreciation_text IS NOT NULL AND w.appreciation_text <> '' THEN 20 ELSE 0 END) +
            (CASE WHEN w.char_count BETWEEN 12 AND 220 THEN 10 ELSE 0 END) +
            COALESCE(rel.relation_count, 0) * 0.05 +
            COALESCE(meta.tag_count, 0) * 0.20,
            2
        ) AS hotScore,
        DATE_FORMAT(w.created_at, '%Y-%m-%d %H:%i:%s') AS publishTime
    FROM poetry_work w
    JOIN matched_work mw ON mw.work_id = w.work_id
    LEFT JOIN (
        SELECT work_id, COUNT(*) AS relation_count
        FROM work_relation
        GROUP BY work_id
    ) rel ON rel.work_id = w.work_id
    LEFT JOIN (
        SELECT work_id, COUNT(*) AS tag_count
        FROM work_tag
        GROUP BY work_id
    ) meta ON meta.work_id = w.work_id
)
SELECT
    wm.workId,
    wm.title,
    wm.authorName,
    wm.dynastyName,
    wm.contentPreview,
    (
        SELECT GROUP_CONCAT(t.tag_name ORDER BY t.tag_name SEPARATOR ',')
        FROM work_tag wt2
        JOIN tag t ON t.tag_id = wt2.tag_id
        WHERE wt2.work_id = wm.workId
          AND wt2.tag_id IN (?)
    ) AS matchedTags,
    wm.hotScore,
    wm.publishTime
FROM work_meta wm
ORDER BY wm.hotScore DESC, wm.workId DESC
LIMIT ? OFFSET ?
]
2026-04-21T19:27:46.815+08:00 DEBUG 21432 --- [nio-8080-exec-2] o.s.web.servlet.DispatcherServlet        : GET "/api/tags/hot?limit=20", parameters={masked}
2026-04-21T19:27:46.816+08:00 DEBUG 21432 --- [nio-8080-exec-2] s.w.s.m.m.a.RequestMappingHandlerMapping : Mapped to com.example.poetry.backend.controller.TagSearchController#getHotTags(int)
2026-04-21T19:27:46.818+08:00 DEBUG 21432 --- [nio-8080-exec-2] o.s.jdbc.core.JdbcTemplate               : Executing prepared SQL query
2026-04-21T19:27:46.818+08:00 DEBUG 21432 --- [nio-8080-exec-2] o.s.jdbc.core.JdbcTemplate               : Executing prepared SQL statement [SELECT
    t.tag_id AS tagId,
    t.tag_name AS tagName,
    t.tag_type AS tagType,
    COUNT(wt.work_id) AS workCount
FROM tag t
LEFT JOIN work_tag wt ON wt.tag_id = t.tag_id
GROUP BY t.tag_id, t.tag_name, t.tag_type
ORDER BY workCount DESC, t.tag_id ASC
LIMIT ?
]
2026-04-21T19:27:47.578+08:00 DEBUG 21432 --- [nio-8080-exec-4] o.s.web.servlet.DispatcherServlet        : GET "/api/poems/search/by-tags?tagIds=1&sort=hot&page=1&pageSize=20", parameters={masked}
2026-04-21T19:27:47.579+08:00 DEBUG 21432 --- [nio-8080-exec-4] s.w.s.m.m.a.RequestMappingHandlerMapping : Mapped to com.example.poetry.backend.controller.TagSearchController#searchByTags(String, String, int, int)
2026-04-21T19:27:47.580+08:00 DEBUG 21432 --- [nio-8080-exec-4] o.s.jdbc.core.JdbcTemplate               : Executing prepared SQL query
2026-04-21T19:27:47.581+08:00 DEBUG 21432 --- [nio-8080-exec-4] o.s.jdbc.core.JdbcTemplate               : Executing prepared SQL statement [SELECT COUNT(*) FROM (
    SELECT w.work_id
    FROM poetry_work w
    JOIN work_tag wt ON wt.work_id = w.work_id
    WHERE wt.tag_id IN (?)
    GROUP BY w.work_id
    HAVING COUNT(DISTINCT wt.tag_id) = ?
) result_count
]
2026-04-21T19:27:48.997+08:00 DEBUG 21432 --- [nio-8080-exec-4] o.s.jdbc.core.JdbcTemplate               : Executing prepared SQL query
2026-04-21T19:27:48.997+08:00 DEBUG 21432 --- [nio-8080-exec-4] o.s.jdbc.core.JdbcTemplate               : Executing prepared SQL statement [WITH matched_work AS (
    SELECT wt.work_id
    FROM work_tag wt
    WHERE wt.tag_id IN (?)
    GROUP BY wt.work_id
    HAVING COUNT(DISTINCT wt.tag_id) = ?
),
work_meta AS (
    SELECT
        w.work_id AS workId,
        w.title,
        w.author_name_cache AS authorName,
        w.dynasty_name AS dynastyName,
        LEFT(w.content_text, 120) AS contentPreview,
        ROUND(
            (CASE WHEN w.translation_text IS NOT NULL AND w.translation_text <> '' THEN 30 ELSE 0 END) +
            (CASE WHEN w.annotation_text IS NOT NULL AND w.annotation_text <> '' THEN 25 ELSE 0 END) +
            (CASE WHEN w.appreciation_text IS NOT NULL AND w.appreciation_text <> '' THEN 20 ELSE 0 END) +
            (CASE WHEN w.char_count BETWEEN 12 AND 220 THEN 10 ELSE 0 END) +
            COALESCE(rel.relation_count, 0) * 0.05 +
            COALESCE(meta.tag_count, 0) * 0.20,
            2
        ) AS hotScore,
        DATE_FORMAT(w.created_at, '%Y-%m-%d %H:%i:%s') AS publishTime
    FROM poetry_work w
    JOIN matched_work mw ON mw.work_id = w.work_id
    LEFT JOIN (
        SELECT work_id, COUNT(*) AS relation_count
        FROM work_relation
        GROUP BY work_id
    ) rel ON rel.work_id = w.work_id
    LEFT JOIN (
        SELECT work_id, COUNT(*) AS tag_count
        FROM work_tag
        GROUP BY work_id
    ) meta ON meta.work_id = w.work_id
)
SELECT
    wm.workId,
    wm.title,
    wm.authorName,
    wm.dynastyName,
    wm.contentPreview,
    (
        SELECT GROUP_CONCAT(t.tag_name ORDER BY t.tag_name SEPARATOR ',')
        FROM work_tag wt2
        JOIN tag t ON t.tag_id = wt2.tag_id
        WHERE wt2.work_id = wm.workId
          AND wt2.tag_id IN (?)
    ) AS matchedTags,
    wm.hotScore,
    wm.publishTime
FROM work_meta wm
ORDER BY wm.hotScore DESC, wm.workId DESC
LIMIT ? OFFSET ?
]
2026-04-21T19:27:49.047+08:00 DEBUG 21432 --- [nio-8080-exec-8] m.m.a.RequestResponseBodyMethodProcessor : Using 'application/json', given [*/*] and supported [application/json, application/*+json]
2026-04-21T19:27:49.048+08:00 DEBUG 21432 --- [nio-8080-exec-8] m.m.a.RequestResponseBodyMethodProcessor : Writing [PoemTagSearchResponse[selectedTagIds=[1], sort=publish_time, total=31664, items=[PoemSearchItemDto[w (truncated)...]
2026-04-21T19:27:49.050+08:00 DEBUG 21432 --- [nio-8080-exec-8] o.s.web.servlet.DispatcherServlet        : Completed 200 OK
2026-04-21T19:27:50.125+08:00 DEBUG 21432 --- [nio-8080-exec-2] m.m.a.RequestResponseBodyMethodProcessor : Using 'application/json', given [*/*] and supported [application/json, application/*+json]
2026-04-21T19:27:50.126+08:00 DEBUG 21432 --- [nio-8080-exec-2] m.m.a.RequestResponseBodyMethodProcessor : Writing [[TagDto[tagId=15, tagName=写景, tagType=theme, workCount=96521], TagDto[tagId=6, tagName=山水, tagType=s (truncated)...]
2026-04-21T19:27:50.127+08:00 DEBUG 21432 --- [nio-8080-exec-2] o.s.web.servlet.DispatcherServlet        : Completed 200 OK
2026-04-21T19:27:50.594+08:00 DEBUG 21432 --- [io-8080-exec-10] m.m.a.RequestResponseBodyMethodProcessor : Using 'application/json', given [*/*] and supported [application/json, application/*+json]
2026-04-21T19:27:50.595+08:00 DEBUG 21432 --- [io-8080-exec-10] m.m.a.RequestResponseBodyMethodProcessor : Writing [PoemTagSearchResponse[selectedTagIds=[1], sort=hot, total=31664, items=[PoemSearchItemDto[workId=215 (truncated)...]
2026-04-21T19:27:50.596+08:00 DEBUG 21432 --- [io-8080-exec-10] o.s.web.servlet.DispatcherServlet        : Completed 200 OK
2026-04-21T19:27:52.702+08:00 DEBUG 21432 --- [nio-8080-exec-4] m.m.a.RequestResponseBodyMethodProcessor : Using 'application/json', given [*/*] and supported [application/json, application/*+json]
2026-04-21T19:27:52.704+08:00 DEBUG 21432 --- [nio-8080-exec-4] m.m.a.RequestResponseBodyMethodProcessor : Writing [PoemTagSearchResponse[selectedTagIds=[1], sort=hot, total=31664, items=[PoemSearchItemDto[workId=215 (truncated)...]
2026-04-21T19:27:52.708+08:00 DEBUG 21432 --- [nio-8080-exec-4] o.s.web.servlet.DispatcherServlet        : Completed 200 OK
2026-04-21T19:28:13.812+08:00 DEBUG 21432 --- [nio-8080-exec-5] o.s.web.servlet.DispatcherServlet        : GET "/api/tags/hot?limit=20", parameters={masked}
2026-04-21T19:28:13.813+08:00 DEBUG 21432 --- [nio-8080-exec-5] s.w.s.m.m.a.RequestMappingHandlerMapping : Mapped to com.example.poetry.backend.controller.TagSearchController#getHotTags(int)
2026-04-21T19:28:13.814+08:00 DEBUG 21432 --- [nio-8080-exec-5] o.s.jdbc.core.JdbcTemplate               : Executing prepared SQL query
2026-04-21T19:28:13.814+08:00 DEBUG 21432 --- [nio-8080-exec-5] o.s.jdbc.core.JdbcTemplate               : Executing prepared SQL statement [SELECT
    t.tag_id AS tagId,
    t.tag_name AS tagName,
    t.tag_type AS tagType,
    COUNT(wt.work_id) AS workCount
FROM tag t
LEFT JOIN work_tag wt ON wt.tag_id = t.tag_id
GROUP BY t.tag_id, t.tag_name, t.tag_type
ORDER BY workCount DESC, t.tag_id ASC
LIMIT ?
]
2026-04-21T19:28:15.580+08:00 DEBUG 21432 --- [nio-8080-exec-5] m.m.a.RequestResponseBodyMethodProcessor : Using 'application/json', given [*/*] and supported [application/json, application/*+json]
2026-04-21T19:28:15.580+08:00 DEBUG 21432 --- [nio-8080-exec-5] m.m.a.RequestResponseBodyMethodProcessor : Writing [[TagDto[tagId=15, tagName=写景, tagType=theme, workCount=96521], TagDto[tagId=6, tagName=山水, tagType=s (truncated)...]
2026-04-21T19:28:15.582+08:00 DEBUG 21432 --- [nio-8080-exec-5] o.s.web.servlet.DispatcherServlet        : Completed 200 OK
2026-04-21T19:28:20.832+08:00 DEBUG 21432 --- [nio-8080-exec-3] o.s.web.servlet.DispatcherServlet        : GET "/api/poems/search/by-tags?tagIds=13&sort=hot&page=1&pageSize=20", parameters={masked}
2026-04-21T19:28:20.833+08:00 DEBUG 21432 --- [nio-8080-exec-3] s.w.s.m.m.a.RequestMappingHandlerMapping : Mapped to com.example.poetry.backend.controller.TagSearchController#searchByTags(String, String, int, int)
2026-04-21T19:28:20.834+08:00 DEBUG 21432 --- [nio-8080-exec-3] o.s.jdbc.core.JdbcTemplate               : Executing prepared SQL query
2026-04-21T19:28:20.834+08:00 DEBUG 21432 --- [nio-8080-exec-3] o.s.jdbc.core.JdbcTemplate               : Executing prepared SQL statement [SELECT COUNT(*) FROM (
    SELECT w.work_id
    FROM poetry_work w
    JOIN work_tag wt ON wt.work_id = w.work_id
    WHERE wt.tag_id IN (?)
    GROUP BY w.work_id
    HAVING COUNT(DISTINCT wt.tag_id) = ?
) result_count
]
2026-04-21T19:28:21.598+08:00 DEBUG 21432 --- [nio-8080-exec-3] o.s.jdbc.core.JdbcTemplate               : Executing prepared SQL query
2026-04-21T19:28:21.598+08:00 DEBUG 21432 --- [nio-8080-exec-3] o.s.jdbc.core.JdbcTemplate               : Executing prepared SQL statement [WITH matched_work AS (
    SELECT wt.work_id
    FROM work_tag wt
    WHERE wt.tag_id IN (?)
    GROUP BY wt.work_id
    HAVING COUNT(DISTINCT wt.tag_id) = ?
),
work_meta AS (
    SELECT
        w.work_id AS workId,
        w.title,
        w.author_name_cache AS authorName,
        w.dynasty_name AS dynastyName,
        LEFT(w.content_text, 120) AS contentPreview,
        ROUND(
            (CASE WHEN w.translation_text IS NOT NULL AND w.translation_text <> '' THEN 30 ELSE 0 END) +
            (CASE WHEN w.annotation_text IS NOT NULL AND w.annotation_text <> '' THEN 25 ELSE 0 END) +
            (CASE WHEN w.appreciation_text IS NOT NULL AND w.appreciation_text <> '' THEN 20 ELSE 0 END) +
            (CASE WHEN w.char_count BETWEEN 12 AND 220 THEN 10 ELSE 0 END) +
            COALESCE(rel.relation_count, 0) * 0.05 +
            COALESCE(meta.tag_count, 0) * 0.20,
            2
        ) AS hotScore,
        DATE_FORMAT(w.created_at, '%Y-%m-%d %H:%i:%s') AS publishTime
    FROM poetry_work w
    JOIN matched_work mw ON mw.work_id = w.work_id
    LEFT JOIN (
        SELECT work_id, COUNT(*) AS relation_count
        FROM work_relation
        GROUP BY work_id
    ) rel ON rel.work_id = w.work_id
    LEFT JOIN (
        SELECT work_id, COUNT(*) AS tag_count
        FROM work_tag
        GROUP BY work_id
    ) meta ON meta.work_id = w.work_id
)
SELECT
    wm.workId,
    wm.title,
    wm.authorName,
    wm.dynastyName,
    wm.contentPreview,
    (
        SELECT GROUP_CONCAT(t.tag_name ORDER BY t.tag_name SEPARATOR ',')
        FROM work_tag wt2
        JOIN tag t ON t.tag_id = wt2.tag_id
        WHERE wt2.work_id = wm.workId
          AND wt2.tag_id IN (?)
    ) AS matchedTags,
    wm.hotScore,
    wm.publishTime
FROM work_meta wm
ORDER BY wm.hotScore DESC, wm.workId DESC
LIMIT ? OFFSET ?
]
2026-04-21T19:28:23.521+08:00 DEBUG 21432 --- [nio-8080-exec-1] o.s.web.servlet.DispatcherServlet        : GET "/api/poems/search/by-tags?tagIds=13&sort=publish_time&page=1&pageSize=20", parameters={masked}
2026-04-21T19:28:23.522+08:00 DEBUG 21432 --- [nio-8080-exec-1] s.w.s.m.m.a.RequestMappingHandlerMapping : Mapped to com.example.poetry.backend.controller.TagSearchController#searchByTags(String, String, int, int)
2026-04-21T19:28:23.522+08:00 DEBUG 21432 --- [nio-8080-exec-1] o.s.jdbc.core.JdbcTemplate               : Executing prepared SQL query
2026-04-21T19:28:23.524+08:00 DEBUG 21432 --- [nio-8080-exec-1] o.s.jdbc.core.JdbcTemplate               : Executing prepared SQL statement [SELECT COUNT(*) FROM (
    SELECT w.work_id
    FROM poetry_work w
    JOIN work_tag wt ON wt.work_id = w.work_id
    WHERE wt.tag_id IN (?)
    GROUP BY w.work_id
    HAVING COUNT(DISTINCT wt.tag_id) = ?
) result_count
]
2026-04-21T19:28:23.970+08:00 DEBUG 21432 --- [nio-8080-exec-9] o.s.web.servlet.DispatcherServlet        : GET "/api/poems/search/by-tags?tagIds=13&sort=hot&page=1&pageSize=20", parameters={masked}
2026-04-21T19:28:23.971+08:00 DEBUG 21432 --- [nio-8080-exec-9] s.w.s.m.m.a.RequestMappingHandlerMapping : Mapped to com.example.poetry.backend.controller.TagSearchController#searchByTags(String, String, int, int)
2026-04-21T19:28:23.972+08:00 DEBUG 21432 --- [nio-8080-exec-9] o.s.jdbc.core.JdbcTemplate               : Executing prepared SQL query
2026-04-21T19:28:23.972+08:00 DEBUG 21432 --- [nio-8080-exec-9] o.s.jdbc.core.JdbcTemplate               : Executing prepared SQL statement [SELECT COUNT(*) FROM (
    SELECT w.work_id
    FROM poetry_work w
    JOIN work_tag wt ON wt.work_id = w.work_id
    WHERE wt.tag_id IN (?)
    GROUP BY w.work_id
    HAVING COUNT(DISTINCT wt.tag_id) = ?
) result_count
]
2026-04-21T19:28:24.194+08:00 DEBUG 21432 --- [nio-8080-exec-1] o.s.jdbc.core.JdbcTemplate               : Executing prepared SQL query
2026-04-21T19:28:24.196+08:00 DEBUG 21432 --- [nio-8080-exec-1] o.s.jdbc.core.JdbcTemplate               : Executing prepared SQL statement [WITH matched_work AS (
    SELECT wt.work_id
    FROM work_tag wt
    WHERE wt.tag_id IN (?)
    GROUP BY wt.work_id
    HAVING COUNT(DISTINCT wt.tag_id) = ?
),
work_meta AS (
    SELECT
        w.work_id AS workId,
        w.title,
        w.author_name_cache AS authorName,
        w.dynasty_name AS dynastyName,
        LEFT(w.content_text, 120) AS contentPreview,
        ROUND(
            (CASE WHEN w.translation_text IS NOT NULL AND w.translation_text <> '' THEN 30 ELSE 0 END) +
            (CASE WHEN w.annotation_text IS NOT NULL AND w.annotation_text <> '' THEN 25 ELSE 0 END) +
            (CASE WHEN w.appreciation_text IS NOT NULL AND w.appreciation_text <> '' THEN 20 ELSE 0 END) +
            (CASE WHEN w.char_count BETWEEN 12 AND 220 THEN 10 ELSE 0 END) +
            COALESCE(rel.relation_count, 0) * 0.05 +
            COALESCE(meta.tag_count, 0) * 0.20,
            2
        ) AS hotScore,
        DATE_FORMAT(w.created_at, '%Y-%m-%d %H:%i:%s') AS publishTime
    FROM poetry_work w
    JOIN matched_work mw ON mw.work_id = w.work_id
    LEFT JOIN (
        SELECT work_id, COUNT(*) AS relation_count
        FROM work_relation
        GROUP BY work_id
    ) rel ON rel.work_id = w.work_id
    LEFT JOIN (
        SELECT work_id, COUNT(*) AS tag_count
        FROM work_tag
        GROUP BY work_id
    ) meta ON meta.work_id = w.work_id
)
SELECT
    wm.workId,
    wm.title,
    wm.authorName,
    wm.dynastyName,
    wm.contentPreview,
    (
        SELECT GROUP_CONCAT(t.tag_name ORDER BY t.tag_name SEPARATOR ',')
        FROM work_tag wt2
        JOIN tag t ON t.tag_id = wt2.tag_id
        WHERE wt2.work_id = wm.workId
          AND wt2.tag_id IN (?)
    ) AS matchedTags,
    wm.hotScore,
    wm.publishTime
FROM work_meta wm
ORDER BY wm.publishTime DESC, wm.workId DESC
LIMIT ? OFFSET ?
]
2026-04-21T19:28:24.244+08:00 DEBUG 21432 --- [nio-8080-exec-3] m.m.a.RequestResponseBodyMethodProcessor : Using 'application/json', given [*/*] and supported [application/json, application/*+json]
2026-04-21T19:28:24.245+08:00 DEBUG 21432 --- [nio-8080-exec-3] m.m.a.RequestResponseBodyMethodProcessor : Writing [PoemTagSearchResponse[selectedTagIds=[13], sort=hot, total=21450, items=[PoemSearchItemDto[workId=21 (truncated)...]
2026-04-21T19:28:24.247+08:00 DEBUG 21432 --- [nio-8080-exec-3] o.s.web.servlet.DispatcherServlet        : Completed 200 OK
2026-04-21T19:28:24.786+08:00 DEBUG 21432 --- [nio-8080-exec-9] o.s.jdbc.core.JdbcTemplate               : Executing prepared SQL query
2026-04-21T19:28:24.786+08:00 DEBUG 21432 --- [nio-8080-exec-9] o.s.jdbc.core.JdbcTemplate               : Executing prepared SQL statement [WITH matched_work AS (
    SELECT wt.work_id
    FROM work_tag wt
    WHERE wt.tag_id IN (?)
    GROUP BY wt.work_id
    HAVING COUNT(DISTINCT wt.tag_id) = ?
),
work_meta AS (
    SELECT
        w.work_id AS workId,
        w.title,
        w.author_name_cache AS authorName,
        w.dynasty_name AS dynastyName,
        LEFT(w.content_text, 120) AS contentPreview,
        ROUND(
            (CASE WHEN w.translation_text IS NOT NULL AND w.translation_text <> '' THEN 30 ELSE 0 END) +
            (CASE WHEN w.annotation_text IS NOT NULL AND w.annotation_text <> '' THEN 25 ELSE 0 END) +
            (CASE WHEN w.appreciation_text IS NOT NULL AND w.appreciation_text <> '' THEN 20 ELSE 0 END) +
            (CASE WHEN w.char_count BETWEEN 12 AND 220 THEN 10 ELSE 0 END) +
            COALESCE(rel.relation_count, 0) * 0.05 +
            COALESCE(meta.tag_count, 0) * 0.20,
            2
        ) AS hotScore,
        DATE_FORMAT(w.created_at, '%Y-%m-%d %H:%i:%s') AS publishTime
    FROM poetry_work w
    JOIN matched_work mw ON mw.work_id = w.work_id
    LEFT JOIN (
        SELECT work_id, COUNT(*) AS relation_count
        FROM work_relation
        GROUP BY work_id
    ) rel ON rel.work_id = w.work_id
    LEFT JOIN (
        SELECT work_id, COUNT(*) AS tag_count
        FROM work_tag
        GROUP BY work_id
    ) meta ON meta.work_id = w.work_id
)
SELECT
    wm.workId,
    wm.title,
    wm.authorName,
    wm.dynastyName,
    wm.contentPreview,
    (
        SELECT GROUP_CONCAT(t.tag_name ORDER BY t.tag_name SEPARATOR ',')
        FROM work_tag wt2
        JOIN tag t ON t.tag_id = wt2.tag_id
        WHERE wt2.work_id = wm.workId
          AND wt2.tag_id IN (?)
    ) AS matchedTags,
    wm.hotScore,
    wm.publishTime
FROM work_meta wm
ORDER BY wm.hotScore DESC, wm.workId DESC
LIMIT ? OFFSET ?
]
2026-04-21T19:28:27.273+08:00 DEBUG 21432 --- [nio-8080-exec-1] m.m.a.RequestResponseBodyMethodProcessor : Using 'application/json', given [*/*] and supported [application/json, application/*+json]
2026-04-21T19:28:27.273+08:00 DEBUG 21432 --- [nio-8080-exec-1] m.m.a.RequestResponseBodyMethodProcessor : Writing [PoemTagSearchResponse[selectedTagIds=[13], sort=publish_time, total=21450, items=[PoemSearchItemDto[ (truncated)...]
2026-04-21T19:28:27.275+08:00 DEBUG 21432 --- [nio-8080-exec-1] o.s.web.servlet.DispatcherServlet        : Completed 200 OK
2026-04-21T19:28:27.287+08:00 DEBUG 21432 --- [nio-8080-exec-6] o.s.web.servlet.DispatcherServlet        : GET "/api/poems/search/by-tags?tagIds=13&sort=publish_time&page=1&pageSize=20", parameters={masked}
2026-04-21T19:28:27.288+08:00 DEBUG 21432 --- [nio-8080-exec-6] s.w.s.m.m.a.RequestMappingHandlerMapping : Mapped to com.example.poetry.backend.controller.TagSearchController#searchByTags(String, String, int, int)
2026-04-21T19:28:27.289+08:00 DEBUG 21432 --- [nio-8080-exec-6] o.s.jdbc.core.JdbcTemplate               : Executing prepared SQL query
2026-04-21T19:28:27.289+08:00 DEBUG 21432 --- [nio-8080-exec-6] o.s.jdbc.core.JdbcTemplate               : Executing prepared SQL statement [SELECT COUNT(*) FROM (
    SELECT w.work_id
    FROM poetry_work w
    JOIN work_tag wt ON wt.work_id = w.work_id
    WHERE wt.tag_id IN (?)
    GROUP BY w.work_id
    HAVING COUNT(DISTINCT wt.tag_id) = ?
) result_count
]
2026-04-21T19:28:27.743+08:00 DEBUG 21432 --- [nio-8080-exec-9] m.m.a.RequestResponseBodyMethodProcessor : Using 'application/json', given [*/*] and supported [application/json, application/*+json]
2026-04-21T19:28:27.744+08:00 DEBUG 21432 --- [nio-8080-exec-9] m.m.a.RequestResponseBodyMethodProcessor : Writing [PoemTagSearchResponse[selectedTagIds=[13], sort=hot, total=21450, items=[PoemSearchItemDto[workId=21 (truncated)...]
2026-04-21T19:28:27.746+08:00 DEBUG 21432 --- [nio-8080-exec-9] o.s.web.servlet.DispatcherServlet        : Completed 200 OK
2026-04-21T19:28:27.757+08:00 DEBUG 21432 --- [nio-8080-exec-7] o.s.web.servlet.DispatcherServlet        : GET "/api/poems/search/by-tags?tagIds=13&sort=hot&page=1&pageSize=20", parameters={masked}
2026-04-21T19:28:27.758+08:00 DEBUG 21432 --- [nio-8080-exec-7] s.w.s.m.m.a.RequestMappingHandlerMapping : Mapped to com.example.poetry.backend.controller.TagSearchController#searchByTags(String, String, int, int)
2026-04-21T19:28:27.760+08:00 DEBUG 21432 --- [nio-8080-exec-7] o.s.jdbc.core.JdbcTemplate               : Executing prepared SQL query
2026-04-21T19:28:27.761+08:00 DEBUG 21432 --- [nio-8080-exec-7] o.s.jdbc.core.JdbcTemplate               : Executing prepared SQL statement [SELECT COUNT(*) FROM (
    SELECT w.work_id
    FROM poetry_work w
    JOIN work_tag wt ON wt.work_id = w.work_id
    WHERE wt.tag_id IN (?)
    GROUP BY w.work_id
    HAVING COUNT(DISTINCT wt.tag_id) = ?
) result_count
]
2026-04-21T19:28:28.287+08:00 DEBUG 21432 --- [nio-8080-exec-6] o.s.jdbc.core.JdbcTemplate               : Executing prepared SQL query
2026-04-21T19:28:28.287+08:00 DEBUG 21432 --- [nio-8080-exec-6] o.s.jdbc.core.JdbcTemplate               : Executing prepared SQL statement [WITH matched_work AS (
    SELECT wt.work_id
    FROM work_tag wt
    WHERE wt.tag_id IN (?)
    GROUP BY wt.work_id
    HAVING COUNT(DISTINCT wt.tag_id) = ?
),
work_meta AS (
    SELECT
        w.work_id AS workId,
        w.title,
        w.author_name_cache AS authorName,
        w.dynasty_name AS dynastyName,
        LEFT(w.content_text, 120) AS contentPreview,
        ROUND(
            (CASE WHEN w.translation_text IS NOT NULL AND w.translation_text <> '' THEN 30 ELSE 0 END) +
            (CASE WHEN w.annotation_text IS NOT NULL AND w.annotation_text <> '' THEN 25 ELSE 0 END) +
            (CASE WHEN w.appreciation_text IS NOT NULL AND w.appreciation_text <> '' THEN 20 ELSE 0 END) +
            (CASE WHEN w.char_count BETWEEN 12 AND 220 THEN 10 ELSE 0 END) +
            COALESCE(rel.relation_count, 0) * 0.05 +
            COALESCE(meta.tag_count, 0) * 0.20,
            2
        ) AS hotScore,
        DATE_FORMAT(w.created_at, '%Y-%m-%d %H:%i:%s') AS publishTime
    FROM poetry_work w
    JOIN matched_work mw ON mw.work_id = w.work_id
    LEFT JOIN (
        SELECT work_id, COUNT(*) AS relation_count
        FROM work_relation
        GROUP BY work_id
    ) rel ON rel.work_id = w.work_id
    LEFT JOIN (
        SELECT work_id, COUNT(*) AS tag_count
        FROM work_tag
        GROUP BY work_id
    ) meta ON meta.work_id = w.work_id
)
SELECT
    wm.workId,
    wm.title,
    wm.authorName,
    wm.dynastyName,
    wm.contentPreview,
    (
        SELECT GROUP_CONCAT(t.tag_name ORDER BY t.tag_name SEPARATOR ',')
        FROM work_tag wt2
        JOIN tag t ON t.tag_id = wt2.tag_id
        WHERE wt2.work_id = wm.workId
          AND wt2.tag_id IN (?)
    ) AS matchedTags,
    wm.hotScore,
    wm.publishTime
FROM work_meta wm
ORDER BY wm.publishTime DESC, wm.workId DESC
LIMIT ? OFFSET ?
]
2026-04-21T19:28:28.707+08:00 DEBUG 21432 --- [nio-8080-exec-7] o.s.jdbc.core.JdbcTemplate               : Executing prepared SQL query
2026-04-21T19:28:28.708+08:00 DEBUG 21432 --- [nio-8080-exec-7] o.s.jdbc.core.JdbcTemplate               : Executing prepared SQL statement [WITH matched_work AS (
    SELECT wt.work_id
    FROM work_tag wt
    WHERE wt.tag_id IN (?)
    GROUP BY wt.work_id
    HAVING COUNT(DISTINCT wt.tag_id) = ?
),
work_meta AS (
    SELECT
        w.work_id AS workId,
        w.title,
        w.author_name_cache AS authorName,
        w.dynasty_name AS dynastyName,
        LEFT(w.content_text, 120) AS contentPreview,
        ROUND(
            (CASE WHEN w.translation_text IS NOT NULL AND w.translation_text <> '' THEN 30 ELSE 0 END) +
            (CASE WHEN w.annotation_text IS NOT NULL AND w.annotation_text <> '' THEN 25 ELSE 0 END) +
            (CASE WHEN w.appreciation_text IS NOT NULL AND w.appreciation_text <> '' THEN 20 ELSE 0 END) +
            (CASE WHEN w.char_count BETWEEN 12 AND 220 THEN 10 ELSE 0 END) +
            COALESCE(rel.relation_count, 0) * 0.05 +
            COALESCE(meta.tag_count, 0) * 0.20,
            2
        ) AS hotScore,
        DATE_FORMAT(w.created_at, '%Y-%m-%d %H:%i:%s') AS publishTime
    FROM poetry_work w
    JOIN matched_work mw ON mw.work_id = w.work_id
    LEFT JOIN (
        SELECT work_id, COUNT(*) AS relation_count
        FROM work_relation
        GROUP BY work_id
    ) rel ON rel.work_id = w.work_id
    LEFT JOIN (
        SELECT work_id, COUNT(*) AS tag_count
        FROM work_tag
        GROUP BY work_id
    ) meta ON meta.work_id = w.work_id
)
SELECT
    wm.workId,
    wm.title,
    wm.authorName,
    wm.dynastyName,
    wm.contentPreview,
    (
        SELECT GROUP_CONCAT(t.tag_name ORDER BY t.tag_name SEPARATOR ',')
        FROM work_tag wt2
        JOIN tag t ON t.tag_id = wt2.tag_id
        WHERE wt2.work_id = wm.workId
          AND wt2.tag_id IN (?)
    ) AS matchedTags,
    wm.hotScore,
    wm.publishTime
FROM work_meta wm
ORDER BY wm.hotScore DESC, wm.workId DESC
LIMIT ? OFFSET ?
]
2026-04-21T19:28:31.322+08:00 DEBUG 21432 --- [nio-8080-exec-7] m.m.a.RequestResponseBodyMethodProcessor : Using 'application/json', given [*/*] and supported [application/json, application/*+json]
2026-04-21T19:28:31.322+08:00 DEBUG 21432 --- [nio-8080-exec-6] m.m.a.RequestResponseBodyMethodProcessor : Using 'application/json', given [*/*] and supported [application/json, application/*+json]
2026-04-21T19:28:31.323+08:00 DEBUG 21432 --- [nio-8080-exec-7] m.m.a.RequestResponseBodyMethodProcessor : Writing [PoemTagSearchResponse[selectedTagIds=[13], sort=hot, total=21450, items=[PoemSearchItemDto[workId=21 (truncated)...]
2026-04-21T19:28:31.324+08:00 DEBUG 21432 --- [nio-8080-exec-6] m.m.a.RequestResponseBodyMethodProcessor : Writing [PoemTagSearchResponse[selectedTagIds=[13], sort=publish_time, total=21450, items=[PoemSearchItemDto[ (truncated)...]
2026-04-21T19:28:31.324+08:00 DEBUG 21432 --- [nio-8080-exec-7] o.s.web.servlet.DispatcherServlet        : Completed 200 OK
2026-04-21T19:28:31.325+08:00 DEBUG 21432 --- [nio-8080-exec-6] o.s.web.servlet.DispatcherServlet        : Completed 200 OK
2026-04-21T19:28:31.343+08:00 DEBUG 21432 --- [nio-8080-exec-8] o.s.web.servlet.DispatcherServlet        : GET "/api/poems/search/by-tags?tagIds=13&sort=publish_time&page=1&pageSize=20", parameters={masked}
2026-04-21T19:28:31.344+08:00 DEBUG 21432 --- [nio-8080-exec-8] s.w.s.m.m.a.RequestMappingHandlerMapping : Mapped to com.example.poetry.backend.controller.TagSearchController#searchByTags(String, String, int, int)
2026-04-21T19:28:31.345+08:00 DEBUG 21432 --- [nio-8080-exec-8] o.s.jdbc.core.JdbcTemplate               : Executing prepared SQL query
2026-04-21T19:28:31.345+08:00 DEBUG 21432 --- [nio-8080-exec-8] o.s.jdbc.core.JdbcTemplate               : Executing prepared SQL statement [SELECT COUNT(*) FROM (
    SELECT w.work_id
    FROM poetry_work w
    JOIN work_tag wt ON wt.work_id = w.work_id
    WHERE wt.tag_id IN (?)
    GROUP BY w.work_id
    HAVING COUNT(DISTINCT wt.tag_id) = ?
) result_count
]
2026-04-21T19:28:32.320+08:00 DEBUG 21432 --- [nio-8080-exec-8] o.s.jdbc.core.JdbcTemplate               : Executing prepared SQL query
2026-04-21T19:28:32.320+08:00 DEBUG 21432 --- [nio-8080-exec-8] o.s.jdbc.core.JdbcTemplate               : Executing prepared SQL statement [WITH matched_work AS (
    SELECT wt.work_id
    FROM work_tag wt
    WHERE wt.tag_id IN (?)
    GROUP BY wt.work_id
    HAVING COUNT(DISTINCT wt.tag_id) = ?
),
work_meta AS (
    SELECT
        w.work_id AS workId,
        w.title,
        w.author_name_cache AS authorName,
        w.dynasty_name AS dynastyName,
        LEFT(w.content_text, 120) AS contentPreview,
        ROUND(
            (CASE WHEN w.translation_text IS NOT NULL AND w.translation_text <> '' THEN 30 ELSE 0 END) +
            (CASE WHEN w.annotation_text IS NOT NULL AND w.annotation_text <> '' THEN 25 ELSE 0 END) +
            (CASE WHEN w.appreciation_text IS NOT NULL AND w.appreciation_text <> '' THEN 20 ELSE 0 END) +
            (CASE WHEN w.char_count BETWEEN 12 AND 220 THEN 10 ELSE 0 END) +
            COALESCE(rel.relation_count, 0) * 0.05 +
            COALESCE(meta.tag_count, 0) * 0.20,
            2
        ) AS hotScore,
        DATE_FORMAT(w.created_at, '%Y-%m-%d %H:%i:%s') AS publishTime
    FROM poetry_work w
    JOIN matched_work mw ON mw.work_id = w.work_id
    LEFT JOIN (
        SELECT work_id, COUNT(*) AS relation_count
        FROM work_relation
        GROUP BY work_id
    ) rel ON rel.work_id = w.work_id
    LEFT JOIN (
        SELECT work_id, COUNT(*) AS tag_count
        FROM work_tag
        GROUP BY work_id
    ) meta ON meta.work_id = w.work_id
)
SELECT
    wm.workId,
    wm.title,
    wm.authorName,
    wm.dynastyName,
    wm.contentPreview,
    (
        SELECT GROUP_CONCAT(t.tag_name ORDER BY t.tag_name SEPARATOR ',')
        FROM work_tag wt2
        JOIN tag t ON t.tag_id = wt2.tag_id
        WHERE wt2.work_id = wm.workId
          AND wt2.tag_id IN (?)
    ) AS matchedTags,
    wm.hotScore,
    wm.publishTime
FROM work_meta wm
ORDER BY wm.publishTime DESC, wm.workId DESC
LIMIT ? OFFSET ?
]
2026-04-21T19:28:32.809+08:00 DEBUG 21432 --- [nio-8080-exec-2] o.s.web.servlet.DispatcherServlet        : GET "/api/poems/108041", parameters={}
2026-04-21T19:28:32.810+08:00 DEBUG 21432 --- [nio-8080-exec-2] s.w.s.m.m.a.RequestMappingHandlerMapping : Mapped to com.example.poetry.backend.controller.TagSearchController#getPoemDetail(Long)
2026-04-21T19:28:32.812+08:00 DEBUG 21432 --- [nio-8080-exec-2] o.s.jdbc.core.JdbcTemplate               : Executing prepared SQL query
2026-04-21T19:28:32.813+08:00 DEBUG 21432 --- [nio-8080-exec-2] o.s.jdbc.core.JdbcTemplate               : Executing prepared SQL statement [SELECT
    work_id AS workId,
    title,
    author_name_cache AS authorName,
    dynasty_name AS dynastyName,
    content_text AS contentText,
    translation_text AS translationText,
    annotation_text AS annotationText,
    appreciation_text AS appreciationText
FROM poetry_work
WHERE work_id = ?
]
2026-04-21T19:28:32.817+08:00 DEBUG 21432 --- [nio-8080-exec-2] m.m.a.RequestResponseBodyMethodProcessor : Using 'application/json', given [*/*] and supported [application/json, application/*+json]
2026-04-21T19:28:32.818+08:00 DEBUG 21432 --- [nio-8080-exec-2] m.m.a.RequestResponseBodyMethodProcessor : Writing [PoemDetailDto[workId=108041, title=沧浪翁泛海, authorName=朱元璋, dynastyName=明代, contentText=<EOL> 海天漠漠际无穷，巨舰樯高 (truncated)...]
2026-04-21T19:28:32.819+08:00 DEBUG 21432 --- [nio-8080-exec-2] o.s.web.servlet.DispatcherServlet        : Completed 200 OK
2026-04-21T19:28:35.411+08:00 DEBUG 21432 --- [nio-8080-exec-4] o.s.web.servlet.DispatcherServlet        : GET "/api/tags/hot?limit=20", parameters={masked}
2026-04-21T19:28:35.411+08:00 DEBUG 21432 --- [nio-8080-exec-4] s.w.s.m.m.a.RequestMappingHandlerMapping : Mapped to com.example.poetry.backend.controller.TagSearchController#getHotTags(int)
2026-04-21T19:28:35.411+08:00 DEBUG 21432 --- [nio-8080-exec-5] o.s.web.servlet.DispatcherServlet        : GET "/api/poems/search/by-tags?tagIds=13&sort=publish_time&page=1&pageSize=20", parameters={masked}
2026-04-21T19:28:35.413+08:00 DEBUG 21432 --- [nio-8080-exec-5] s.w.s.m.m.a.RequestMappingHandlerMapping : Mapped to com.example.poetry.backend.controller.TagSearchController#searchByTags(String, String, int, int)
2026-04-21T19:28:35.414+08:00 DEBUG 21432 --- [nio-8080-exec-4] o.s.jdbc.core.JdbcTemplate               : Executing prepared SQL query
2026-04-21T19:28:35.414+08:00 DEBUG 21432 --- [nio-8080-exec-4] o.s.jdbc.core.JdbcTemplate               : Executing prepared SQL statement [SELECT
    t.tag_id AS tagId,
    t.tag_name AS tagName,
    t.tag_type AS tagType,
    COUNT(wt.work_id) AS workCount
FROM tag t
LEFT JOIN work_tag wt ON wt.tag_id = t.tag_id
GROUP BY t.tag_id, t.tag_name, t.tag_type
ORDER BY workCount DESC, t.tag_id ASC
LIMIT ?
]
2026-04-21T19:28:35.414+08:00 DEBUG 21432 --- [nio-8080-exec-5] o.s.jdbc.core.JdbcTemplate               : Executing prepared SQL query
2026-04-21T19:28:35.417+08:00 DEBUG 21432 --- [nio-8080-exec-5] o.s.jdbc.core.JdbcTemplate               : Executing prepared SQL statement [SELECT COUNT(*) FROM (
    SELECT w.work_id
    FROM poetry_work w
    JOIN work_tag wt ON wt.work_id = w.work_id
    WHERE wt.tag_id IN (?)
    GROUP BY w.work_id
    HAVING COUNT(DISTINCT wt.tag_id) = ?
) result_count
]
2026-04-21T19:28:35.554+08:00 DEBUG 21432 --- [nio-8080-exec-8] m.m.a.RequestResponseBodyMethodProcessor : Using 'application/json', given [*/*] and supported [application/json, application/*+json]
2026-04-21T19:28:35.555+08:00 DEBUG 21432 --- [nio-8080-exec-8] m.m.a.RequestResponseBodyMethodProcessor : Writing [PoemTagSearchResponse[selectedTagIds=[13], sort=publish_time, total=21450, items=[PoemSearchItemDto[ (truncated)...]
2026-04-21T19:28:35.557+08:00 DEBUG 21432 --- [nio-8080-exec-8] o.s.web.servlet.DispatcherServlet        : Completed 200 OK
2026-04-21T19:28:36.611+08:00 DEBUG 21432 --- [nio-8080-exec-5] o.s.jdbc.core.JdbcTemplate               : Executing prepared SQL query
2026-04-21T19:28:36.611+08:00 DEBUG 21432 --- [nio-8080-exec-5] o.s.jdbc.core.JdbcTemplate               : Executing prepared SQL statement [WITH matched_work AS (
    SELECT wt.work_id
    FROM work_tag wt
    WHERE wt.tag_id IN (?)
    GROUP BY wt.work_id
    HAVING COUNT(DISTINCT wt.tag_id) = ?
),
work_meta AS (
    SELECT
        w.work_id AS workId,
        w.title,
        w.author_name_cache AS authorName,
        w.dynasty_name AS dynastyName,
        LEFT(w.content_text, 120) AS contentPreview,
        ROUND(
            (CASE WHEN w.translation_text IS NOT NULL AND w.translation_text <> '' THEN 30 ELSE 0 END) +
            (CASE WHEN w.annotation_text IS NOT NULL AND w.annotation_text <> '' THEN 25 ELSE 0 END) +
            (CASE WHEN w.appreciation_text IS NOT NULL AND w.appreciation_text <> '' THEN 20 ELSE 0 END) +
            (CASE WHEN w.char_count BETWEEN 12 AND 220 THEN 10 ELSE 0 END) +
            COALESCE(rel.relation_count, 0) * 0.05 +
            COALESCE(meta.tag_count, 0) * 0.20,
            2
        ) AS hotScore,
        DATE_FORMAT(w.created_at, '%Y-%m-%d %H:%i:%s') AS publishTime
    FROM poetry_work w
    JOIN matched_work mw ON mw.work_id = w.work_id
    LEFT JOIN (
        SELECT work_id, COUNT(*) AS relation_count
        FROM work_relation
        GROUP BY work_id
    ) rel ON rel.work_id = w.work_id
    LEFT JOIN (
        SELECT work_id, COUNT(*) AS tag_count
        FROM work_tag
        GROUP BY work_id
    ) meta ON meta.work_id = w.work_id
)
SELECT
    wm.workId,
    wm.title,
    wm.authorName,
    wm.dynastyName,
    wm.contentPreview,
    (
        SELECT GROUP_CONCAT(t.tag_name ORDER BY t.tag_name SEPARATOR ',')
        FROM work_tag wt2
        JOIN tag t ON t.tag_id = wt2.tag_id
        WHERE wt2.work_id = wm.workId
          AND wt2.tag_id IN (?)
    ) AS matchedTags,
    wm.hotScore,
    wm.publishTime
FROM work_meta wm
ORDER BY wm.publishTime DESC, wm.workId DESC
LIMIT ? OFFSET ?
]
2026-04-21T19:28:36.816+08:00 DEBUG 21432 --- [nio-8080-exec-3] o.s.web.servlet.DispatcherServlet        : GET "/api/poems/search/by-tags?tagIds=13%2C15&sort=publish_time&page=1&pageSize=20", parameters={masked}
2026-04-21T19:28:36.817+08:00 DEBUG 21432 --- [nio-8080-exec-3] s.w.s.m.m.a.RequestMappingHandlerMapping : Mapped to com.example.poetry.backend.controller.TagSearchController#searchByTags(String, String, int, int)
2026-04-21T19:28:36.819+08:00 DEBUG 21432 --- [nio-8080-exec-3] o.s.jdbc.core.JdbcTemplate               : Executing prepared SQL query
2026-04-21T19:28:36.819+08:00 DEBUG 21432 --- [nio-8080-exec-3] o.s.jdbc.core.JdbcTemplate               : Executing prepared SQL statement [SELECT COUNT(*) FROM (
    SELECT w.work_id
    FROM poetry_work w
    JOIN work_tag wt ON wt.work_id = w.work_id
    WHERE wt.tag_id IN (?, ?)
    GROUP BY w.work_id
    HAVING COUNT(DISTINCT wt.tag_id) = ?
) result_count
]
2026-04-21T19:28:37.279+08:00 DEBUG 21432 --- [nio-8080-exec-4] m.m.a.RequestResponseBodyMethodProcessor : Using 'application/json', given [*/*] and supported [application/json, application/*+json]
2026-04-21T19:28:37.280+08:00 DEBUG 21432 --- [nio-8080-exec-4] m.m.a.RequestResponseBodyMethodProcessor : Writing [[TagDto[tagId=15, tagName=写景, tagType=theme, workCount=96521], TagDto[tagId=6, tagName=山水, tagType=s (truncated)...]
2026-04-21T19:28:37.281+08:00 DEBUG 21432 --- [nio-8080-exec-4] o.s.web.servlet.DispatcherServlet        : Completed 200 OK
2026-04-21T19:28:37.606+08:00 DEBUG 21432 --- [nio-8080-exec-1] o.s.web.servlet.DispatcherServlet        : GET "/api/poems/search/by-tags?tagIds=13%2C15&sort=hot&page=1&pageSize=20", parameters={masked}
2026-04-21T19:28:37.606+08:00 DEBUG 21432 --- [nio-8080-exec-1] s.w.s.m.m.a.RequestMappingHandlerMapping : Mapped to com.example.poetry.backend.controller.TagSearchController#searchByTags(String, String, int, int)
2026-04-21T19:28:37.607+08:00 DEBUG 21432 --- [nio-8080-exec-1] o.s.jdbc.core.JdbcTemplate               : Executing prepared SQL query
2026-04-21T19:28:37.608+08:00 DEBUG 21432 --- [nio-8080-exec-1] o.s.jdbc.core.JdbcTemplate               : Executing prepared SQL statement [SELECT COUNT(*) FROM (
    SELECT w.work_id
    FROM poetry_work w
    JOIN work_tag wt ON wt.work_id = w.work_id
    WHERE wt.tag_id IN (?, ?)
    GROUP BY w.work_id
    HAVING COUNT(DISTINCT wt.tag_id) = ?
) result_count
]
2026-04-21T19:28:38.637+08:00 DEBUG 21432 --- [nio-8080-exec-3] o.s.jdbc.core.JdbcTemplate               : Executing prepared SQL query
2026-04-21T19:28:38.638+08:00 DEBUG 21432 --- [nio-8080-exec-3] o.s.jdbc.core.JdbcTemplate               : Executing prepared SQL statement [WITH matched_work AS (
    SELECT wt.work_id
    FROM work_tag wt
    WHERE wt.tag_id IN (?, ?)
    GROUP BY wt.work_id
    HAVING COUNT(DISTINCT wt.tag_id) = ?
),
work_meta AS (
    SELECT
        w.work_id AS workId,
        w.title,
        w.author_name_cache AS authorName,
        w.dynasty_name AS dynastyName,
        LEFT(w.content_text, 120) AS contentPreview,
        ROUND(
            (CASE WHEN w.translation_text IS NOT NULL AND w.translation_text <> '' THEN 30 ELSE 0 END) +
            (CASE WHEN w.annotation_text IS NOT NULL AND w.annotation_text <> '' THEN 25 ELSE 0 END) +
            (CASE WHEN w.appreciation_text IS NOT NULL AND w.appreciation_text <> '' THEN 20 ELSE 0 END) +
            (CASE WHEN w.char_count BETWEEN 12 AND 220 THEN 10 ELSE 0 END) +
            COALESCE(rel.relation_count, 0) * 0.05 +
            COALESCE(meta.tag_count, 0) * 0.20,
            2
        ) AS hotScore,
        DATE_FORMAT(w.created_at, '%Y-%m-%d %H:%i:%s') AS publishTime
    FROM poetry_work w
    JOIN matched_work mw ON mw.work_id = w.work_id
    LEFT JOIN (
        SELECT work_id, COUNT(*) AS relation_count
        FROM work_relation
        GROUP BY work_id
    ) rel ON rel.work_id = w.work_id
    LEFT JOIN (
        SELECT work_id, COUNT(*) AS tag_count
        FROM work_tag
        GROUP BY work_id
    ) meta ON meta.work_id = w.work_id
)
SELECT
    wm.workId,
    wm.title,
    wm.authorName,
    wm.dynastyName,
    wm.contentPreview,
    (
        SELECT GROUP_CONCAT(t.tag_name ORDER BY t.tag_name SEPARATOR ',')
        FROM work_tag wt2
        JOIN tag t ON t.tag_id = wt2.tag_id
        WHERE wt2.work_id = wm.workId
          AND wt2.tag_id IN (?, ?)
    ) AS matchedTags,
    wm.hotScore,
    wm.publishTime
FROM work_meta wm
ORDER BY wm.publishTime DESC, wm.workId DESC
LIMIT ? OFFSET ?
]
2026-04-21T19:28:39.246+08:00 DEBUG 21432 --- [nio-8080-exec-1] o.s.jdbc.core.JdbcTemplate               : Executing prepared SQL query
2026-04-21T19:28:39.247+08:00 DEBUG 21432 --- [nio-8080-exec-1] o.s.jdbc.core.JdbcTemplate               : Executing prepared SQL statement [WITH matched_work AS (
    SELECT wt.work_id
    FROM work_tag wt
    WHERE wt.tag_id IN (?, ?)
    GROUP BY wt.work_id
    HAVING COUNT(DISTINCT wt.tag_id) = ?
),
work_meta AS (
    SELECT
        w.work_id AS workId,
        w.title,
        w.author_name_cache AS authorName,
        w.dynasty_name AS dynastyName,
        LEFT(w.content_text, 120) AS contentPreview,
        ROUND(
            (CASE WHEN w.translation_text IS NOT NULL AND w.translation_text <> '' THEN 30 ELSE 0 END) +
            (CASE WHEN w.annotation_text IS NOT NULL AND w.annotation_text <> '' THEN 25 ELSE 0 END) +
            (CASE WHEN w.appreciation_text IS NOT NULL AND w.appreciation_text <> '' THEN 20 ELSE 0 END) +
            (CASE WHEN w.char_count BETWEEN 12 AND 220 THEN 10 ELSE 0 END) +
            COALESCE(rel.relation_count, 0) * 0.05 +
            COALESCE(meta.tag_count, 0) * 0.20,
            2
        ) AS hotScore,
        DATE_FORMAT(w.created_at, '%Y-%m-%d %H:%i:%s') AS publishTime
    FROM poetry_work w
    JOIN matched_work mw ON mw.work_id = w.work_id
    LEFT JOIN (
        SELECT work_id, COUNT(*) AS relation_count
        FROM work_relation
        GROUP BY work_id
    ) rel ON rel.work_id = w.work_id
    LEFT JOIN (
        SELECT work_id, COUNT(*) AS tag_count
        FROM work_tag
        GROUP BY work_id
    ) meta ON meta.work_id = w.work_id
)
SELECT
    wm.workId,
    wm.title,
    wm.authorName,
    wm.dynastyName,
    wm.contentPreview,
    (
        SELECT GROUP_CONCAT(t.tag_name ORDER BY t.tag_name SEPARATOR ',')
        FROM work_tag wt2
        JOIN tag t ON t.tag_id = wt2.tag_id
        WHERE wt2.work_id = wm.workId
          AND wt2.tag_id IN (?, ?)
    ) AS matchedTags,
    wm.hotScore,
    wm.publishTime
FROM work_meta wm
ORDER BY wm.hotScore DESC, wm.workId DESC
LIMIT ? OFFSET ?
]
2026-04-21T19:28:39.861+08:00 DEBUG 21432 --- [nio-8080-exec-5] m.m.a.RequestResponseBodyMethodProcessor : Using 'application/json', given [*/*] and supported [application/json, application/*+json]
2026-04-21T19:28:39.862+08:00 DEBUG 21432 --- [nio-8080-exec-5] m.m.a.RequestResponseBodyMethodProcessor : Writing [PoemTagSearchResponse[selectedTagIds=[13], sort=publish_time, total=21450, items=[PoemSearchItemDto[ (truncated)...]
2026-04-21T19:28:39.864+08:00 DEBUG 21432 --- [nio-8080-exec-5] o.s.web.servlet.DispatcherServlet        : Completed 200 OK
2026-04-21T19:28:39.875+08:00 DEBUG 21432 --- [nio-8080-exec-9] o.s.web.servlet.DispatcherServlet        : GET "/api/poems/search/by-tags?tagIds=13&sort=publish_time&page=1&pageSize=20", parameters={masked}
2026-04-21T19:28:39.876+08:00 DEBUG 21432 --- [nio-8080-exec-9] s.w.s.m.m.a.RequestMappingHandlerMapping : Mapped to com.example.poetry.backend.controller.TagSearchController#searchByTags(String, String, int, int)
2026-04-21T19:28:39.877+08:00 DEBUG 21432 --- [nio-8080-exec-9] o.s.jdbc.core.JdbcTemplate               : Executing prepared SQL query
2026-04-21T19:28:39.878+08:00 DEBUG 21432 --- [nio-8080-exec-9] o.s.jdbc.core.JdbcTemplate               : Executing prepared SQL statement [SELECT COUNT(*) FROM (
    SELECT w.work_id
    FROM poetry_work w
    JOIN work_tag wt ON wt.work_id = w.work_id
    WHERE wt.tag_id IN (?)
    GROUP BY w.work_id
    HAVING COUNT(DISTINCT wt.tag_id) = ?
) result_count
]
2026-04-21T19:28:41.079+08:00 DEBUG 21432 --- [nio-8080-exec-9] o.s.jdbc.core.JdbcTemplate               : Executing prepared SQL query
2026-04-21T19:28:41.080+08:00 DEBUG 21432 --- [nio-8080-exec-9] o.s.jdbc.core.JdbcTemplate               : Executing prepared SQL statement [WITH matched_work AS (
    SELECT wt.work_id
    FROM work_tag wt
    WHERE wt.tag_id IN (?)
    GROUP BY wt.work_id
    HAVING COUNT(DISTINCT wt.tag_id) = ?
),
work_meta AS (
    SELECT
        w.work_id AS workId,
        w.title,
        w.author_name_cache AS authorName,
        w.dynasty_name AS dynastyName,
        LEFT(w.content_text, 120) AS contentPreview,
        ROUND(
            (CASE WHEN w.translation_text IS NOT NULL AND w.translation_text <> '' THEN 30 ELSE 0 END) +
            (CASE WHEN w.annotation_text IS NOT NULL AND w.annotation_text <> '' THEN 25 ELSE 0 END) +
            (CASE WHEN w.appreciation_text IS NOT NULL AND w.appreciation_text <> '' THEN 20 ELSE 0 END) +
            (CASE WHEN w.char_count BETWEEN 12 AND 220 THEN 10 ELSE 0 END) +
            COALESCE(rel.relation_count, 0) * 0.05 +
            COALESCE(meta.tag_count, 0) * 0.20,
            2
        ) AS hotScore,
        DATE_FORMAT(w.created_at, '%Y-%m-%d %H:%i:%s') AS publishTime
    FROM poetry_work w
    JOIN matched_work mw ON mw.work_id = w.work_id
    LEFT JOIN (
        SELECT work_id, COUNT(*) AS relation_count
        FROM work_relation
        GROUP BY work_id
    ) rel ON rel.work_id = w.work_id
    LEFT JOIN (
        SELECT work_id, COUNT(*) AS tag_count
        FROM work_tag
        GROUP BY work_id
    ) meta ON meta.work_id = w.work_id
)
SELECT
    wm.workId,
    wm.title,
    wm.authorName,
    wm.dynastyName,
    wm.contentPreview,
    (
        SELECT GROUP_CONCAT(t.tag_name ORDER BY t.tag_name SEPARATOR ',')
        FROM work_tag wt2
        JOIN tag t ON t.tag_id = wt2.tag_id
        WHERE wt2.work_id = wm.workId
          AND wt2.tag_id IN (?)
    ) AS matchedTags,
    wm.hotScore,
    wm.publishTime
FROM work_meta wm
ORDER BY wm.publishTime DESC, wm.workId DESC
LIMIT ? OFFSET ?
]
2026-04-21T19:28:42.079+08:00 DEBUG 21432 --- [nio-8080-exec-3] m.m.a.RequestResponseBodyMethodProcessor : Using 'application/json', given [*/*] and supported [application/json, application/*+json]
2026-04-21T19:28:42.080+08:00 DEBUG 21432 --- [nio-8080-exec-3] m.m.a.RequestResponseBodyMethodProcessor : Writing [PoemTagSearchResponse[selectedTagIds=[13, 15], sort=publish_time, total=19873, items=[PoemSearchItem (truncated)...]
2026-04-21T19:28:42.081+08:00 DEBUG 21432 --- [nio-8080-exec-3] o.s.web.servlet.DispatcherServlet        : Completed 200 OK
2026-04-21T19:28:42.605+08:00 DEBUG 21432 --- [nio-8080-exec-1] m.m.a.RequestResponseBodyMethodProcessor : Using 'application/json', given [*/*] and supported [application/json, application/*+json]
2026-04-21T19:28:42.605+08:00 DEBUG 21432 --- [nio-8080-exec-1] m.m.a.RequestResponseBodyMethodProcessor : Writing [PoemTagSearchResponse[selectedTagIds=[13, 15], sort=hot, total=19873, items=[PoemSearchItemDto[workI (truncated)...]
2026-04-21T19:28:42.606+08:00 DEBUG 21432 --- [nio-8080-exec-1] o.s.web.servlet.DispatcherServlet        : Completed 200 OK
2026-04-21T19:28:42.617+08:00 DEBUG 21432 --- [nio-8080-exec-7] o.s.web.servlet.DispatcherServlet        : GET "/api/poems/search/by-tags?tagIds=13%2C15&sort=hot&page=1&pageSize=20", parameters={masked}
2026-04-21T19:28:42.618+08:00 DEBUG 21432 --- [nio-8080-exec-7] s.w.s.m.m.a.RequestMappingHandlerMapping : Mapped to com.example.poetry.backend.controller.TagSearchController#searchByTags(String, String, int, int)
2026-04-21T19:28:42.620+08:00 DEBUG 21432 --- [nio-8080-exec-7] o.s.jdbc.core.JdbcTemplate               : Executing prepared SQL query
2026-04-21T19:28:42.621+08:00 DEBUG 21432 --- [nio-8080-exec-7] o.s.jdbc.core.JdbcTemplate               : Executing prepared SQL statement [SELECT COUNT(*) FROM (
    SELECT w.work_id
    FROM poetry_work w
    JOIN work_tag wt ON wt.work_id = w.work_id
    WHERE wt.tag_id IN (?, ?)
    GROUP BY w.work_id
    HAVING COUNT(DISTINCT wt.tag_id) = ?
) result_count
]
2026-04-21T19:28:43.797+08:00 DEBUG 21432 --- [nio-8080-exec-9] m.m.a.RequestResponseBodyMethodProcessor : Using 'application/json', given [*/*] and supported [application/json, application/*+json]
2026-04-21T19:28:43.798+08:00 DEBUG 21432 --- [nio-8080-exec-9] m.m.a.RequestResponseBodyMethodProcessor : Writing [PoemTagSearchResponse[selectedTagIds=[13], sort=publish_time, total=21450, items=[PoemSearchItemDto[ (truncated)...]
2026-04-21T19:28:43.799+08:00 DEBUG 21432 --- [nio-8080-exec-9] o.s.web.servlet.DispatcherServlet        : Completed 200 OK
2026-04-21T19:28:43.810+08:00 DEBUG 21432 --- [nio-8080-exec-6] o.s.web.servlet.DispatcherServlet        : GET "/api/poems/search/by-tags?tagIds=13&sort=publish_time&page=1&pageSize=20", parameters={masked}
2026-04-21T19:28:43.811+08:00 DEBUG 21432 --- [nio-8080-exec-6] s.w.s.m.m.a.RequestMappingHandlerMapping : Mapped to com.example.poetry.backend.controller.TagSearchController#searchByTags(String, String, int, int)
2026-04-21T19:28:43.811+08:00 DEBUG 21432 --- [nio-8080-exec-7] o.s.jdbc.core.JdbcTemplate               : Executing prepared SQL query
2026-04-21T19:28:43.812+08:00 DEBUG 21432 --- [nio-8080-exec-7] o.s.jdbc.core.JdbcTemplate               : Executing prepared SQL statement [WITH matched_work AS (
    SELECT wt.work_id
    FROM work_tag wt
    WHERE wt.tag_id IN (?, ?)
    GROUP BY wt.work_id
    HAVING COUNT(DISTINCT wt.tag_id) = ?
),
work_meta AS (
    SELECT
        w.work_id AS workId,
        w.title,
        w.author_name_cache AS authorName,
        w.dynasty_name AS dynastyName,
        LEFT(w.content_text, 120) AS contentPreview,
        ROUND(
            (CASE WHEN w.translation_text IS NOT NULL AND w.translation_text <> '' THEN 30 ELSE 0 END) +
            (CASE WHEN w.annotation_text IS NOT NULL AND w.annotation_text <> '' THEN 25 ELSE 0 END) +
            (CASE WHEN w.appreciation_text IS NOT NULL AND w.appreciation_text <> '' THEN 20 ELSE 0 END) +
            (CASE WHEN w.char_count BETWEEN 12 AND 220 THEN 10 ELSE 0 END) +
            COALESCE(rel.relation_count, 0) * 0.05 +
            COALESCE(meta.tag_count, 0) * 0.20,
            2
        ) AS hotScore,
        DATE_FORMAT(w.created_at, '%Y-%m-%d %H:%i:%s') AS publishTime
    FROM poetry_work w
    JOIN matched_work mw ON mw.work_id = w.work_id
    LEFT JOIN (
        SELECT work_id, COUNT(*) AS relation_count
        FROM work_relation
        GROUP BY work_id
    ) rel ON rel.work_id = w.work_id
    LEFT JOIN (
        SELECT work_id, COUNT(*) AS tag_count
        FROM work_tag
        GROUP BY work_id
    ) meta ON meta.work_id = w.work_id
)
SELECT
    wm.workId,
    wm.title,
    wm.authorName,
    wm.dynastyName,
    wm.contentPreview,
    (
        SELECT GROUP_CONCAT(t.tag_name ORDER BY t.tag_name SEPARATOR ',')
        FROM work_tag wt2
        JOIN tag t ON t.tag_id = wt2.tag_id
        WHERE wt2.work_id = wm.workId
          AND wt2.tag_id IN (?, ?)
    ) AS matchedTags,
    wm.hotScore,
    wm.publishTime
FROM work_meta wm
ORDER BY wm.hotScore DESC, wm.workId DESC
LIMIT ? OFFSET ?
]
2026-04-21T19:28:43.812+08:00 DEBUG 21432 --- [nio-8080-exec-6] o.s.jdbc.core.JdbcTemplate               : Executing prepared SQL query
2026-04-21T19:28:43.812+08:00 DEBUG 21432 --- [nio-8080-exec-6] o.s.jdbc.core.JdbcTemplate               : Executing prepared SQL statement [SELECT COUNT(*) FROM (
    SELECT w.work_id
    FROM poetry_work w
    JOIN work_tag wt ON wt.work_id = w.work_id
    WHERE wt.tag_id IN (?)
    GROUP BY w.work_id
    HAVING COUNT(DISTINCT wt.tag_id) = ?
) result_count
]
2026-04-21T19:28:44.824+08:00 DEBUG 21432 --- [nio-8080-exec-6] o.s.jdbc.core.JdbcTemplate               : Executing prepared SQL query
2026-04-21T19:28:44.825+08:00 DEBUG 21432 --- [nio-8080-exec-6] o.s.jdbc.core.JdbcTemplate               : Executing prepared SQL statement [WITH matched_work AS (
    SELECT wt.work_id
    FROM work_tag wt
    WHERE wt.tag_id IN (?)
    GROUP BY wt.work_id
    HAVING COUNT(DISTINCT wt.tag_id) = ?
),
work_meta AS (
    SELECT
        w.work_id AS workId,
        w.title,
        w.author_name_cache AS authorName,
        w.dynasty_name AS dynastyName,
        LEFT(w.content_text, 120) AS contentPreview,
        ROUND(
            (CASE WHEN w.translation_text IS NOT NULL AND w.translation_text <> '' THEN 30 ELSE 0 END) +
            (CASE WHEN w.annotation_text IS NOT NULL AND w.annotation_text <> '' THEN 25 ELSE 0 END) +
            (CASE WHEN w.appreciation_text IS NOT NULL AND w.appreciation_text <> '' THEN 20 ELSE 0 END) +
            (CASE WHEN w.char_count BETWEEN 12 AND 220 THEN 10 ELSE 0 END) +
            COALESCE(rel.relation_count, 0) * 0.05 +
            COALESCE(meta.tag_count, 0) * 0.20,
            2
        ) AS hotScore,
        DATE_FORMAT(w.created_at, '%Y-%m-%d %H:%i:%s') AS publishTime
    FROM poetry_work w
    JOIN matched_work mw ON mw.work_id = w.work_id
    LEFT JOIN (
        SELECT work_id, COUNT(*) AS relation_count
        FROM work_relation
        GROUP BY work_id
    ) rel ON rel.work_id = w.work_id
    LEFT JOIN (
        SELECT work_id, COUNT(*) AS tag_count
        FROM work_tag
        GROUP BY work_id
    ) meta ON meta.work_id = w.work_id
)
SELECT
    wm.workId,
    wm.title,
    wm.authorName,
    wm.dynastyName,
    wm.contentPreview,
    (
        SELECT GROUP_CONCAT(t.tag_name ORDER BY t.tag_name SEPARATOR ',')
        FROM work_tag wt2
        JOIN tag t ON t.tag_id = wt2.tag_id
        WHERE wt2.work_id = wm.workId
          AND wt2.tag_id IN (?)
    ) AS matchedTags,
    wm.hotScore,
    wm.publishTime
FROM work_meta wm
ORDER BY wm.publishTime DESC, wm.workId DESC
LIMIT ? OFFSET ?
]
2026-04-21T19:28:46.914+08:00 DEBUG 21432 --- [nio-8080-exec-7] m.m.a.RequestResponseBodyMethodProcessor : Using 'application/json', given [*/*] and supported [application/json, application/*+json]
2026-04-21T19:28:46.915+08:00 DEBUG 21432 --- [nio-8080-exec-7] m.m.a.RequestResponseBodyMethodProcessor : Writing [PoemTagSearchResponse[selectedTagIds=[13, 15], sort=hot, total=19873, items=[PoemSearchItemDto[workI (truncated)...]
2026-04-21T19:28:46.916+08:00 DEBUG 21432 --- [nio-8080-exec-7] o.s.web.servlet.DispatcherServlet        : Completed 200 OK
2026-04-21T19:28:46.926+08:00 DEBUG 21432 --- [nio-8080-exec-2] o.s.web.servlet.DispatcherServlet        : GET "/api/poems/search/by-tags?tagIds=13%2C15&sort=hot&page=1&pageSize=20", parameters={masked}
2026-04-21T19:28:46.927+08:00 DEBUG 21432 --- [nio-8080-exec-2] s.w.s.m.m.a.RequestMappingHandlerMapping : Mapped to com.example.poetry.backend.controller.TagSearchController#searchByTags(String, String, int, int)
2026-04-21T19:28:46.928+08:00 DEBUG 21432 --- [nio-8080-exec-2] o.s.jdbc.core.JdbcTemplate               : Executing prepared SQL query
2026-04-21T19:28:46.929+08:00 DEBUG 21432 --- [nio-8080-exec-2] o.s.jdbc.core.JdbcTemplate               : Executing prepared SQL statement [SELECT COUNT(*) FROM (
    SELECT w.work_id
    FROM poetry_work w
    JOIN work_tag wt ON wt.work_id = w.work_id
    WHERE wt.tag_id IN (?, ?)
    GROUP BY w.work_id
    HAVING COUNT(DISTINCT wt.tag_id) = ?
) result_count
]
2026-04-21T19:28:47.717+08:00 DEBUG 21432 --- [nio-8080-exec-6] m.m.a.RequestResponseBodyMethodProcessor : Using 'application/json', given [*/*] and supported [application/json, application/*+json]
2026-04-21T19:28:47.717+08:00 DEBUG 21432 --- [nio-8080-exec-6] m.m.a.RequestResponseBodyMethodProcessor : Writing [PoemTagSearchResponse[selectedTagIds=[13], sort=publish_time, total=21450, items=[PoemSearchItemDto[ (truncated)...]
2026-04-21T19:28:47.719+08:00 DEBUG 21432 --- [nio-8080-exec-6] o.s.web.servlet.DispatcherServlet        : Completed 200 OK
2026-04-21T19:28:47.730+08:00 DEBUG 21432 --- [io-8080-exec-10] o.s.web.servlet.DispatcherServlet        : GET "/api/poems/search/by-tags?tagIds=13&sort=publish_time&page=1&pageSize=20", parameters={masked}
2026-04-21T19:28:47.730+08:00 DEBUG 21432 --- [io-8080-exec-10] s.w.s.m.m.a.RequestMappingHandlerMapping : Mapped to com.example.poetry.backend.controller.TagSearchController#searchByTags(String, String, int, int)
2026-04-21T19:28:47.731+08:00 DEBUG 21432 --- [io-8080-exec-10] o.s.jdbc.core.JdbcTemplate               : Executing prepared SQL query
2026-04-21T19:28:47.732+08:00 DEBUG 21432 --- [io-8080-exec-10] o.s.jdbc.core.JdbcTemplate               : Executing prepared SQL statement [SELECT COUNT(*) FROM (
    SELECT w.work_id
    FROM poetry_work w
    JOIN work_tag wt ON wt.work_id = w.work_id
    WHERE wt.tag_id IN (?)
    GROUP BY w.work_id
    HAVING COUNT(DISTINCT wt.tag_id) = ?
) result_count
]
2026-04-21T19:28:48.400+08:00 DEBUG 21432 --- [nio-8080-exec-2] o.s.jdbc.core.JdbcTemplate               : Executing prepared SQL query
2026-04-21T19:28:48.400+08:00 DEBUG 21432 --- [nio-8080-exec-2] o.s.jdbc.core.JdbcTemplate               : Executing prepared SQL statement [WITH matched_work AS (
    SELECT wt.work_id
    FROM work_tag wt
    WHERE wt.tag_id IN (?, ?)
    GROUP BY wt.work_id
    HAVING COUNT(DISTINCT wt.tag_id) = ?
),
work_meta AS (
    SELECT
        w.work_id AS workId,
        w.title,
        w.author_name_cache AS authorName,
        w.dynasty_name AS dynastyName,
        LEFT(w.content_text, 120) AS contentPreview,
        ROUND(
            (CASE WHEN w.translation_text IS NOT NULL AND w.translation_text <> '' THEN 30 ELSE 0 END) +
            (CASE WHEN w.annotation_text IS NOT NULL AND w.annotation_text <> '' THEN 25 ELSE 0 END) +
            (CASE WHEN w.appreciation_text IS NOT NULL AND w.appreciation_text <> '' THEN 20 ELSE 0 END) +
            (CASE WHEN w.char_count BETWEEN 12 AND 220 THEN 10 ELSE 0 END) +
            COALESCE(rel.relation_count, 0) * 0.05 +
            COALESCE(meta.tag_count, 0) * 0.20,
            2
        ) AS hotScore,
        DATE_FORMAT(w.created_at, '%Y-%m-%d %H:%i:%s') AS publishTime
    FROM poetry_work w
    JOIN matched_work mw ON mw.work_id = w.work_id
    LEFT JOIN (
        SELECT work_id, COUNT(*) AS relation_count
        FROM work_relation
        GROUP BY work_id
    ) rel ON rel.work_id = w.work_id
    LEFT JOIN (
        SELECT work_id, COUNT(*) AS tag_count
        FROM work_tag
        GROUP BY work_id
    ) meta ON meta.work_id = w.work_id
)
SELECT
    wm.workId,
    wm.title,
    wm.authorName,
    wm.dynastyName,
    wm.contentPreview,
    (
        SELECT GROUP_CONCAT(t.tag_name ORDER BY t.tag_name SEPARATOR ',')
        FROM work_tag wt2
        JOIN tag t ON t.tag_id = wt2.tag_id
        WHERE wt2.work_id = wm.workId
          AND wt2.tag_id IN (?, ?)
    ) AS matchedTags,
    wm.hotScore,
    wm.publishTime
FROM work_meta wm
ORDER BY wm.hotScore DESC, wm.workId DESC
LIMIT ? OFFSET ?
]
2026-04-21T19:28:48.534+08:00 DEBUG 21432 --- [io-8080-exec-10] o.s.jdbc.core.JdbcTemplate               : Executing prepared SQL query
2026-04-21T19:28:48.534+08:00 DEBUG 21432 --- [io-8080-exec-10] o.s.jdbc.core.JdbcTemplate               : Executing prepared SQL statement [WITH matched_work AS (
    SELECT wt.work_id
    FROM work_tag wt
    WHERE wt.tag_id IN (?)
    GROUP BY wt.work_id
    HAVING COUNT(DISTINCT wt.tag_id) = ?
),
work_meta AS (
    SELECT
        w.work_id AS workId,
        w.title,
        w.author_name_cache AS authorName,
        w.dynasty_name AS dynastyName,
        LEFT(w.content_text, 120) AS contentPreview,
        ROUND(
            (CASE WHEN w.translation_text IS NOT NULL AND w.translation_text <> '' THEN 30 ELSE 0 END) +
            (CASE WHEN w.annotation_text IS NOT NULL AND w.annotation_text <> '' THEN 25 ELSE 0 END) +
            (CASE WHEN w.appreciation_text IS NOT NULL AND w.appreciation_text <> '' THEN 20 ELSE 0 END) +
            (CASE WHEN w.char_count BETWEEN 12 AND 220 THEN 10 ELSE 0 END) +
            COALESCE(rel.relation_count, 0) * 0.05 +
            COALESCE(meta.tag_count, 0) * 0.20,
            2
        ) AS hotScore,
        DATE_FORMAT(w.created_at, '%Y-%m-%d %H:%i:%s') AS publishTime
    FROM poetry_work w
    JOIN matched_work mw ON mw.work_id = w.work_id
    LEFT JOIN (
        SELECT work_id, COUNT(*) AS relation_count
        FROM work_relation
        GROUP BY work_id
    ) rel ON rel.work_id = w.work_id
    LEFT JOIN (
        SELECT work_id, COUNT(*) AS tag_count
        FROM work_tag
        GROUP BY work_id
    ) meta ON meta.work_id = w.work_id
)
SELECT
    wm.workId,
    wm.title,
    wm.authorName,
    wm.dynastyName,
    wm.contentPreview,
    (
        SELECT GROUP_CONCAT(t.tag_name ORDER BY t.tag_name SEPARATOR ',')
        FROM work_tag wt2
        JOIN tag t ON t.tag_id = wt2.tag_id
        WHERE wt2.work_id = wm.workId
          AND wt2.tag_id IN (?)
    ) AS matchedTags,
    wm.hotScore,
    wm.publishTime
FROM work_meta wm
ORDER BY wm.publishTime DESC, wm.workId DESC
LIMIT ? OFFSET ?
]
2026-04-21T19:28:51.445+08:00 DEBUG 21432 --- [nio-8080-exec-2] m.m.a.RequestResponseBodyMethodProcessor : Using 'application/json', given [*/*] and supported [application/json, application/*+json]
2026-04-21T19:28:51.445+08:00 DEBUG 21432 --- [io-8080-exec-10] m.m.a.RequestResponseBodyMethodProcessor : Using 'application/json', given [*/*] and supported [application/json, application/*+json]
2026-04-21T19:28:51.446+08:00 DEBUG 21432 --- [nio-8080-exec-2] m.m.a.RequestResponseBodyMethodProcessor : Writing [PoemTagSearchResponse[selectedTagIds=[13, 15], sort=hot, total=19873, items=[PoemSearchItemDto[workI (truncated)...]
2026-04-21T19:28:51.446+08:00 DEBUG 21432 --- [io-8080-exec-10] m.m.a.RequestResponseBodyMethodProcessor : Writing [PoemTagSearchResponse[selectedTagIds=[13], sort=publish_time, total=21450, items=[PoemSearchItemDto[ (truncated)...]
2026-04-21T19:28:51.447+08:00 DEBUG 21432 --- [nio-8080-exec-2] o.s.web.servlet.DispatcherServlet        : Completed 200 OK
2026-04-21T19:28:51.447+08:00 DEBUG 21432 --- [io-8080-exec-10] o.s.web.servlet.DispatcherServlet        : Completed 200 OK
2026-04-21T19:28:51.499+08:00 DEBUG 21432 --- [nio-8080-exec-8] o.s.web.servlet.DispatcherServlet        : GET "/api/poems/search/by-tags?tagIds=13%2C15&sort=hot&page=1&pageSize=20", parameters={masked}
2026-04-21T19:28:51.500+08:00 DEBUG 21432 --- [nio-8080-exec-8] s.w.s.m.m.a.RequestMappingHandlerMapping : Mapped to com.example.poetry.backend.controller.TagSearchController#searchByTags(String, String, int, int)
2026-04-21T19:28:51.502+08:00 DEBUG 21432 --- [nio-8080-exec-8] o.s.jdbc.core.JdbcTemplate               : Executing prepared SQL query
2026-04-21T19:28:51.502+08:00 DEBUG 21432 --- [nio-8080-exec-8] o.s.jdbc.core.JdbcTemplate               : Executing prepared SQL statement [SELECT COUNT(*) FROM (
    SELECT w.work_id
    FROM poetry_work w
    JOIN work_tag wt ON wt.work_id = w.work_id
    WHERE wt.tag_id IN (?, ?)
    GROUP BY w.work_id
    HAVING COUNT(DISTINCT wt.tag_id) = ?
) result_count
]
2026-04-21T19:28:51.514+08:00 DEBUG 21432 --- [nio-8080-exec-4] o.s.web.servlet.DispatcherServlet        : GET "/api/poems/search/by-tags?tagIds=13&sort=publish_time&page=1&pageSize=20", parameters={masked}
2026-04-21T19:28:51.515+08:00 DEBUG 21432 --- [nio-8080-exec-4] s.w.s.m.m.a.RequestMappingHandlerMapping : Mapped to com.example.poetry.backend.controller.TagSearchController#searchByTags(String, String, int, int)
2026-04-21T19:28:51.517+08:00 DEBUG 21432 --- [nio-8080-exec-4] o.s.jdbc.core.JdbcTemplate               : Executing prepared SQL query
2026-04-21T19:28:51.518+08:00 DEBUG 21432 --- [nio-8080-exec-4] o.s.jdbc.core.JdbcTemplate               : Executing prepared SQL statement [SELECT COUNT(*) FROM (
    SELECT w.work_id
    FROM poetry_work w
    JOIN work_tag wt ON wt.work_id = w.work_id
    WHERE wt.tag_id IN (?)
    GROUP BY w.work_id
    HAVING COUNT(DISTINCT wt.tag_id) = ?
) result_count
]
2026-04-21T19:28:52.418+08:00 DEBUG 21432 --- [nio-8080-exec-4] o.s.jdbc.core.JdbcTemplate               : Executing prepared SQL query
2026-04-21T19:28:52.419+08:00 DEBUG 21432 --- [nio-8080-exec-4] o.s.jdbc.core.JdbcTemplate               : Executing prepared SQL statement [WITH matched_work AS (
    SELECT wt.work_id
    FROM work_tag wt
    WHERE wt.tag_id IN (?)
    GROUP BY wt.work_id
    HAVING COUNT(DISTINCT wt.tag_id) = ?
),
work_meta AS (
    SELECT
        w.work_id AS workId,
        w.title,
        w.author_name_cache AS authorName,
        w.dynasty_name AS dynastyName,
        LEFT(w.content_text, 120) AS contentPreview,
        ROUND(
            (CASE WHEN w.translation_text IS NOT NULL AND w.translation_text <> '' THEN 30 ELSE 0 END) +
            (CASE WHEN w.annotation_text IS NOT NULL AND w.annotation_text <> '' THEN 25 ELSE 0 END) +
            (CASE WHEN w.appreciation_text IS NOT NULL AND w.appreciation_text <> '' THEN 20 ELSE 0 END) +
            (CASE WHEN w.char_count BETWEEN 12 AND 220 THEN 10 ELSE 0 END) +
            COALESCE(rel.relation_count, 0) * 0.05 +
            COALESCE(meta.tag_count, 0) * 0.20,
            2
        ) AS hotScore,
        DATE_FORMAT(w.created_at, '%Y-%m-%d %H:%i:%s') AS publishTime
    FROM poetry_work w
    JOIN matched_work mw ON mw.work_id = w.work_id
    LEFT JOIN (
        SELECT work_id, COUNT(*) AS relation_count
        FROM work_relation
        GROUP BY work_id
    ) rel ON rel.work_id = w.work_id
    LEFT JOIN (
        SELECT work_id, COUNT(*) AS tag_count
        FROM work_tag
        GROUP BY work_id
    ) meta ON meta.work_id = w.work_id
)
SELECT
    wm.workId,
    wm.title,
    wm.authorName,
    wm.dynastyName,
    wm.contentPreview,
    (
        SELECT GROUP_CONCAT(t.tag_name ORDER BY t.tag_name SEPARATOR ',')
        FROM work_tag wt2
        JOIN tag t ON t.tag_id = wt2.tag_id
        WHERE wt2.work_id = wm.workId
          AND wt2.tag_id IN (?)
    ) AS matchedTags,
    wm.hotScore,
    wm.publishTime
FROM work_meta wm
ORDER BY wm.publishTime DESC, wm.workId DESC
LIMIT ? OFFSET ?
]
2026-04-21T19:28:52.536+08:00 DEBUG 21432 --- [nio-8080-exec-8] o.s.jdbc.core.JdbcTemplate               : Executing prepared SQL query
2026-04-21T19:28:52.537+08:00 DEBUG 21432 --- [nio-8080-exec-8] o.s.jdbc.core.JdbcTemplate               : Executing prepared SQL statement [WITH matched_work AS (
    SELECT wt.work_id
    FROM work_tag wt
    WHERE wt.tag_id IN (?, ?)
    GROUP BY wt.work_id
    HAVING COUNT(DISTINCT wt.tag_id) = ?
),
work_meta AS (
    SELECT
        w.work_id AS workId,
        w.title,
        w.author_name_cache AS authorName,
        w.dynasty_name AS dynastyName,
        LEFT(w.content_text, 120) AS contentPreview,
        ROUND(
            (CASE WHEN w.translation_text IS NOT NULL AND w.translation_text <> '' THEN 30 ELSE 0 END) +
            (CASE WHEN w.annotation_text IS NOT NULL AND w.annotation_text <> '' THEN 25 ELSE 0 END) +
            (CASE WHEN w.appreciation_text IS NOT NULL AND w.appreciation_text <> '' THEN 20 ELSE 0 END) +
            (CASE WHEN w.char_count BETWEEN 12 AND 220 THEN 10 ELSE 0 END) +
            COALESCE(rel.relation_count, 0) * 0.05 +
            COALESCE(meta.tag_count, 0) * 0.20,
            2
        ) AS hotScore,
        DATE_FORMAT(w.created_at, '%Y-%m-%d %H:%i:%s') AS publishTime
    FROM poetry_work w
    JOIN matched_work mw ON mw.work_id = w.work_id
    LEFT JOIN (
        SELECT work_id, COUNT(*) AS relation_count
        FROM work_relation
        GROUP BY work_id
    ) rel ON rel.work_id = w.work_id
    LEFT JOIN (
        SELECT work_id, COUNT(*) AS tag_count
        FROM work_tag
        GROUP BY work_id
    ) meta ON meta.work_id = w.work_id
)
SELECT
    wm.workId,
    wm.title,
    wm.authorName,
    wm.dynastyName,
    wm.contentPreview,
    (
        SELECT GROUP_CONCAT(t.tag_name ORDER BY t.tag_name SEPARATOR ',')
        FROM work_tag wt2
        JOIN tag t ON t.tag_id = wt2.tag_id
        WHERE wt2.work_id = wm.workId
          AND wt2.tag_id IN (?, ?)
    ) AS matchedTags,
    wm.hotScore,
    wm.publishTime
FROM work_meta wm
ORDER BY wm.hotScore DESC, wm.workId DESC
LIMIT ? OFFSET ?
]
2026-04-21T19:28:53.491+08:00 DEBUG 21432 --- [nio-8080-exec-5] o.s.web.servlet.DispatcherServlet        : GET "/api/poems/108194", parameters={}
2026-04-21T19:28:53.492+08:00 DEBUG 21432 --- [nio-8080-exec-5] s.w.s.m.m.a.RequestMappingHandlerMapping : Mapped to com.example.poetry.backend.controller.TagSearchController#getPoemDetail(Long)
2026-04-21T19:28:53.493+08:00 DEBUG 21432 --- [nio-8080-exec-5] o.s.jdbc.core.JdbcTemplate               : Executing prepared SQL query
2026-04-21T19:28:53.493+08:00 DEBUG 21432 --- [nio-8080-exec-5] o.s.jdbc.core.JdbcTemplate               : Executing prepared SQL statement [SELECT
    work_id AS workId,
    title,
    author_name_cache AS authorName,
    dynasty_name AS dynastyName,
    content_text AS contentText,
    translation_text AS translationText,
    annotation_text AS annotationText,
    appreciation_text AS appreciationText
FROM poetry_work
WHERE work_id = ?
]
2026-04-21T19:28:53.495+08:00 DEBUG 21432 --- [nio-8080-exec-5] m.m.a.RequestResponseBodyMethodProcessor : Using 'application/json', given [*/*] and supported [application/json, application/*+json]
2026-04-21T19:28:53.495+08:00 DEBUG 21432 --- [nio-8080-exec-5] m.m.a.RequestResponseBodyMethodProcessor : Writing [PoemDetailDto[workId=108194, title=荐祢衡表, authorName=孔融, dynastyName=两汉, contentText=<EOL>　　帝思俾乂，旁求四方，以招贤 (truncated)...]
2026-04-21T19:28:53.496+08:00 DEBUG 21432 --- [nio-8080-exec-5] o.s.web.servlet.DispatcherServlet        : Completed 200 OK
2026-04-21T19:28:55.500+08:00 DEBUG 21432 --- [nio-8080-exec-8] m.m.a.RequestResponseBodyMethodProcessor : Using 'application/json', given [*/*] and supported [application/json, application/*+json]
2026-04-21T19:28:55.500+08:00 DEBUG 21432 --- [nio-8080-exec-4] m.m.a.RequestResponseBodyMethodProcessor : Using 'application/json', given [*/*] and supported [application/json, application/*+json]
2026-04-21T19:28:55.501+08:00 DEBUG 21432 --- [nio-8080-exec-8] m.m.a.RequestResponseBodyMethodProcessor : Writing [PoemTagSearchResponse[selectedTagIds=[13, 15], sort=hot, total=19873, items=[PoemSearchItemDto[workI (truncated)...]
2026-04-21T19:28:55.501+08:00 DEBUG 21432 --- [nio-8080-exec-4] m.m.a.RequestResponseBodyMethodProcessor : Writing [PoemTagSearchResponse[selectedTagIds=[13], sort=publish_time, total=21450, items=[PoemSearchItemDto[ (truncated)...]
2026-04-21T19:28:55.503+08:00 DEBUG 21432 --- [nio-8080-exec-4] o.s.web.servlet.DispatcherServlet        : Completed 200 OK
2026-04-21T19:28:55.502+08:00 DEBUG 21432 --- [nio-8080-exec-8] o.s.web.servlet.DispatcherServlet        : Completed 200 OK
2026-04-21T19:28:56.425+08:00 DEBUG 21432 --- [nio-8080-exec-1] o.s.web.servlet.DispatcherServlet        : GET "/api/poems/1002", parameters={}
2026-04-21T19:28:56.426+08:00 DEBUG 21432 --- [nio-8080-exec-1] s.w.s.m.m.a.RequestMappingHandlerMapping : Mapped to com.example.poetry.backend.controller.TagSearchController#getPoemDetail(Long)
2026-04-21T19:28:56.427+08:00 DEBUG 21432 --- [nio-8080-exec-1] o.s.jdbc.core.JdbcTemplate               : Executing prepared SQL query
2026-04-21T19:28:56.427+08:00 DEBUG 21432 --- [nio-8080-exec-1] o.s.jdbc.core.JdbcTemplate               : Executing prepared SQL statement [SELECT
    work_id AS workId,
    title,
    author_name_cache AS authorName,
    dynasty_name AS dynastyName,
    content_text AS contentText,
    translation_text AS translationText,
    annotation_text AS annotationText,
    appreciation_text AS appreciationText
FROM poetry_work
WHERE work_id = ?
]
2026-04-21T19:28:56.431+08:00 DEBUG 21432 --- [nio-8080-exec-1] m.m.a.RequestResponseBodyMethodProcessor : Using 'application/json', given [*/*] and supported [application/json, application/*+json]
2026-04-21T19:28:56.432+08:00 DEBUG 21432 --- [nio-8080-exec-1] m.m.a.RequestResponseBodyMethodProcessor : Writing [PoemDetailDto[workId=1002, title=九月十日即事, authorName=李白, dynastyName=唐代, contentText=<EOL> 昨日登高罢，今朝更举觞。菊花 (truncated)...]
2026-04-21T19:28:56.434+08:00 DEBUG 21432 --- [nio-8080-exec-1] o.s.web.servlet.DispatcherServlet        : Completed 200 OK
2026-04-21T19:28:59.509+08:00 DEBUG 21432 --- [nio-8080-exec-9] o.s.web.servlet.DispatcherServlet        : GET "/api/poems/1001", parameters={}
2026-04-21T19:28:59.510+08:00 DEBUG 21432 --- [nio-8080-exec-9] s.w.s.m.m.a.RequestMappingHandlerMapping : Mapped to com.example.poetry.backend.controller.TagSearchController#getPoemDetail(Long)
2026-04-21T19:28:59.510+08:00 DEBUG 21432 --- [nio-8080-exec-9] o.s.jdbc.core.JdbcTemplate               : Executing prepared SQL query
2026-04-21T19:28:59.511+08:00 DEBUG 21432 --- [nio-8080-exec-9] o.s.jdbc.core.JdbcTemplate               : Executing prepared SQL statement [SELECT
    work_id AS workId,
    title,
    author_name_cache AS authorName,
    dynasty_name AS dynastyName,
    content_text AS contentText,
    translation_text AS translationText,
    annotation_text AS annotationText,
    appreciation_text AS appreciationText
FROM poetry_work
WHERE work_id = ?
]
2026-04-21T19:28:59.512+08:00 DEBUG 21432 --- [nio-8080-exec-9] m.m.a.RequestResponseBodyMethodProcessor : Using 'application/json', given [*/*] and supported [application/json, application/*+json]
2026-04-21T19:28:59.513+08:00 DEBUG 21432 --- [nio-8080-exec-9] m.m.a.RequestResponseBodyMethodProcessor : Writing [PoemDetailDto[workId=1001, title=玉阶怨, authorName=李白, dynastyName=唐代, contentText=<EOL> 玉阶生白露，夜久侵罗袜。却下水晶帘 (truncated)...]
2026-04-21T19:28:59.514+08:00 DEBUG 21432 --- [nio-8080-exec-9] o.s.web.servlet.DispatcherServlet        : Completed 200 OK
2026-04-21T19:29:02.128+08:00 DEBUG 21432 --- [nio-8080-exec-7] o.s.web.servlet.DispatcherServlet        : GET "/api/poems/1002", parameters={}
2026-04-21T19:29:02.128+08:00 DEBUG 21432 --- [nio-8080-exec-7] s.w.s.m.m.a.RequestMappingHandlerMapping : Mapped to com.example.poetry.backend.controller.TagSearchController#getPoemDetail(Long)
2026-04-21T19:29:02.129+08:00 DEBUG 21432 --- [nio-8080-exec-7] o.s.jdbc.core.JdbcTemplate               : Executing prepared SQL query
2026-04-21T19:29:02.130+08:00 DEBUG 21432 --- [nio-8080-exec-7] o.s.jdbc.core.JdbcTemplate               : Executing prepared SQL statement [SELECT
    work_id AS workId,
    title,
    author_name_cache AS authorName,
    dynasty_name AS dynastyName,
    content_text AS contentText,
    translation_text AS translationText,
    annotation_text AS annotationText,
    appreciation_text AS appreciationText
FROM poetry_work
WHERE work_id = ?
]
2026-04-21T19:29:02.132+08:00 DEBUG 21432 --- [nio-8080-exec-7] m.m.a.RequestResponseBodyMethodProcessor : Using 'application/json', given [*/*] and supported [application/json, application/*+json]
2026-04-21T19:29:02.133+08:00 DEBUG 21432 --- [nio-8080-exec-7] m.m.a.RequestResponseBodyMethodProcessor : Writing [PoemDetailDto[workId=1002, title=九月十日即事, authorName=李白, dynastyName=唐代, contentText=<EOL> 昨日登高罢，今朝更举觞。菊花 (truncated)...]
2026-04-21T19:29:02.135+08:00 DEBUG 21432 --- [nio-8080-exec-7] o.s.web.servlet.DispatcherServlet        : Completed 200 OK
2026-04-21T19:29:02.376+08:00 DEBUG 21432 --- [nio-8080-exec-6] o.s.web.servlet.DispatcherServlet        : GET "/api/poems/108194", parameters={}
2026-04-21T19:29:02.377+08:00 DEBUG 21432 --- [nio-8080-exec-6] s.w.s.m.m.a.RequestMappingHandlerMapping : Mapped to com.example.poetry.backend.controller.TagSearchController#getPoemDetail(Long)
2026-04-21T19:29:02.379+08:00 DEBUG 21432 --- [nio-8080-exec-6] o.s.jdbc.core.JdbcTemplate               : Executing prepared SQL query
2026-04-21T19:29:02.379+08:00 DEBUG 21432 --- [nio-8080-exec-6] o.s.jdbc.core.JdbcTemplate               : Executing prepared SQL statement [SELECT
    work_id AS workId,
    title,
    author_name_cache AS authorName,
    dynasty_name AS dynastyName,
    content_text AS contentText,
    translation_text AS translationText,
    annotation_text AS annotationText,
    appreciation_text AS appreciationText
FROM poetry_work
WHERE work_id = ?
]
2026-04-21T19:29:02.383+08:00 DEBUG 21432 --- [nio-8080-exec-6] m.m.a.RequestResponseBodyMethodProcessor : Using 'application/json', given [*/*] and supported [application/json, application/*+json]
2026-04-21T19:29:02.383+08:00 DEBUG 21432 --- [nio-8080-exec-6] m.m.a.RequestResponseBodyMethodProcessor : Writing [PoemDetailDto[workId=108194, title=荐祢衡表, authorName=孔融, dynastyName=两汉, contentText=<EOL>　　帝思俾乂，旁求四方，以招贤 (truncated)...]
2026-04-21T19:29:02.384+08:00 DEBUG 21432 --- [nio-8080-exec-6] o.s.web.servlet.DispatcherServlet        : Completed 200 OK
2026-04-21T19:29:02.873+08:00 DEBUG 21432 --- [nio-8080-exec-2] o.s.web.servlet.DispatcherServlet        : GET "/api/tags/hot?limit=20", parameters={masked}
2026-04-21T19:29:02.874+08:00 DEBUG 21432 --- [io-8080-exec-10] o.s.web.servlet.DispatcherServlet        : GET "/api/poems/search/by-tags?tagIds=13&sort=publish_time&page=1&pageSize=20", parameters={masked}
2026-04-21T19:29:02.874+08:00 DEBUG 21432 --- [nio-8080-exec-2] s.w.s.m.m.a.RequestMappingHandlerMapping : Mapped to com.example.poetry.backend.controller.TagSearchController#getHotTags(int)
2026-04-21T19:29:02.874+08:00 DEBUG 21432 --- [io-8080-exec-10] s.w.s.m.m.a.RequestMappingHandlerMapping : Mapped to com.example.poetry.backend.controller.TagSearchController#searchByTags(String, String, int, int)
2026-04-21T19:29:02.875+08:00 DEBUG 21432 --- [nio-8080-exec-2] o.s.jdbc.core.JdbcTemplate               : Executing prepared SQL query
2026-04-21T19:29:02.875+08:00 DEBUG 21432 --- [io-8080-exec-10] o.s.jdbc.core.JdbcTemplate               : Executing prepared SQL query
2026-04-21T19:29:02.875+08:00 DEBUG 21432 --- [nio-8080-exec-2] o.s.jdbc.core.JdbcTemplate               : Executing prepared SQL statement [SELECT
    t.tag_id AS tagId,
    t.tag_name AS tagName,
    t.tag_type AS tagType,
    COUNT(wt.work_id) AS workCount
FROM tag t
LEFT JOIN work_tag wt ON wt.tag_id = t.tag_id
GROUP BY t.tag_id, t.tag_name, t.tag_type
ORDER BY workCount DESC, t.tag_id ASC
LIMIT ?
]
2026-04-21T19:29:02.876+08:00 DEBUG 21432 --- [io-8080-exec-10] o.s.jdbc.core.JdbcTemplate               : Executing prepared SQL statement [SELECT COUNT(*) FROM (
    SELECT w.work_id
    FROM poetry_work w
    JOIN work_tag wt ON wt.work_id = w.work_id
    WHERE wt.tag_id IN (?)
    GROUP BY w.work_id
    HAVING COUNT(DISTINCT wt.tag_id) = ?
) result_count
]
2026-04-21T19:29:03.949+08:00 DEBUG 21432 --- [nio-8080-exec-5] o.s.web.servlet.DispatcherServlet        : GET "/api/poems/search/by-tags?tagIds=13%2C1&sort=publish_time&page=1&pageSize=20", parameters={masked}
2026-04-21T19:29:03.950+08:00 DEBUG 21432 --- [nio-8080-exec-5] s.w.s.m.m.a.RequestMappingHandlerMapping : Mapped to com.example.poetry.backend.controller.TagSearchController#searchByTags(String, String, int, int)
2026-04-21T19:29:03.951+08:00 DEBUG 21432 --- [nio-8080-exec-5] o.s.jdbc.core.JdbcTemplate               : Executing prepared SQL query
2026-04-21T19:29:03.951+08:00 DEBUG 21432 --- [nio-8080-exec-5] o.s.jdbc.core.JdbcTemplate               : Executing prepared SQL statement [SELECT COUNT(*) FROM (
    SELECT w.work_id
    FROM poetry_work w
    JOIN work_tag wt ON wt.work_id = w.work_id
    WHERE wt.tag_id IN (?, ?)
    GROUP BY w.work_id
    HAVING COUNT(DISTINCT wt.tag_id) = ?
) result_count
]
2026-04-21T19:29:04.154+08:00 DEBUG 21432 --- [io-8080-exec-10] o.s.jdbc.core.JdbcTemplate               : Executing prepared SQL query
2026-04-21T19:29:04.155+08:00 DEBUG 21432 --- [io-8080-exec-10] o.s.jdbc.core.JdbcTemplate               : Executing prepared SQL statement [WITH matched_work AS (
    SELECT wt.work_id
    FROM work_tag wt
    WHERE wt.tag_id IN (?)
    GROUP BY wt.work_id
    HAVING COUNT(DISTINCT wt.tag_id) = ?
),
work_meta AS (
    SELECT
        w.work_id AS workId,
        w.title,
        w.author_name_cache AS authorName,
        w.dynasty_name AS dynastyName,
        LEFT(w.content_text, 120) AS contentPreview,
        ROUND(
            (CASE WHEN w.translation_text IS NOT NULL AND w.translation_text <> '' THEN 30 ELSE 0 END) +
            (CASE WHEN w.annotation_text IS NOT NULL AND w.annotation_text <> '' THEN 25 ELSE 0 END) +
            (CASE WHEN w.appreciation_text IS NOT NULL AND w.appreciation_text <> '' THEN 20 ELSE 0 END) +
            (CASE WHEN w.char_count BETWEEN 12 AND 220 THEN 10 ELSE 0 END) +
            COALESCE(rel.relation_count, 0) * 0.05 +
            COALESCE(meta.tag_count, 0) * 0.20,
            2
        ) AS hotScore,
        DATE_FORMAT(w.created_at, '%Y-%m-%d %H:%i:%s') AS publishTime
    FROM poetry_work w
    JOIN matched_work mw ON mw.work_id = w.work_id
    LEFT JOIN (
        SELECT work_id, COUNT(*) AS relation_count
        FROM work_relation
        GROUP BY work_id
    ) rel ON rel.work_id = w.work_id
    LEFT JOIN (
        SELECT work_id, COUNT(*) AS tag_count
        FROM work_tag
        GROUP BY work_id
    ) meta ON meta.work_id = w.work_id
)
SELECT
    wm.workId,
    wm.title,
    wm.authorName,
    wm.dynastyName,
    wm.contentPreview,
    (
        SELECT GROUP_CONCAT(t.tag_name ORDER BY t.tag_name SEPARATOR ',')
        FROM work_tag wt2
        JOIN tag t ON t.tag_id = wt2.tag_id
        WHERE wt2.work_id = wm.workId
          AND wt2.tag_id IN (?)
    ) AS matchedTags,
    wm.hotScore,
    wm.publishTime
FROM work_meta wm
ORDER BY wm.publishTime DESC, wm.workId DESC
LIMIT ? OFFSET ?
]
2026-04-21T19:29:05.764+08:00 DEBUG 21432 --- [nio-8080-exec-5] o.s.jdbc.core.JdbcTemplate               : Executing prepared SQL query
2026-04-21T19:29:05.765+08:00 DEBUG 21432 --- [nio-8080-exec-5] o.s.jdbc.core.JdbcTemplate               : Executing prepared SQL statement [WITH matched_work AS (
    SELECT wt.work_id
    FROM work_tag wt
    WHERE wt.tag_id IN (?, ?)
    GROUP BY wt.work_id
    HAVING COUNT(DISTINCT wt.tag_id) = ?
),
work_meta AS (
    SELECT
        w.work_id AS workId,
        w.title,
        w.author_name_cache AS authorName,
        w.dynasty_name AS dynastyName,
        LEFT(w.content_text, 120) AS contentPreview,
        ROUND(
            (CASE WHEN w.translation_text IS NOT NULL AND w.translation_text <> '' THEN 30 ELSE 0 END) +
            (CASE WHEN w.annotation_text IS NOT NULL AND w.annotation_text <> '' THEN 25 ELSE 0 END) +
            (CASE WHEN w.appreciation_text IS NOT NULL AND w.appreciation_text <> '' THEN 20 ELSE 0 END) +
            (CASE WHEN w.char_count BETWEEN 12 AND 220 THEN 10 ELSE 0 END) +
            COALESCE(rel.relation_count, 0) * 0.05 +
            COALESCE(meta.tag_count, 0) * 0.20,
            2
        ) AS hotScore,
        DATE_FORMAT(w.created_at, '%Y-%m-%d %H:%i:%s') AS publishTime
    FROM poetry_work w
    JOIN matched_work mw ON mw.work_id = w.work_id
    LEFT JOIN (
        SELECT work_id, COUNT(*) AS relation_count
        FROM work_relation
        GROUP BY work_id
    ) rel ON rel.work_id = w.work_id
    LEFT JOIN (
        SELECT work_id, COUNT(*) AS tag_count
        FROM work_tag
        GROUP BY work_id
    ) meta ON meta.work_id = w.work_id
)
SELECT
    wm.workId,
    wm.title,
    wm.authorName,
    wm.dynastyName,
    wm.contentPreview,
    (
        SELECT GROUP_CONCAT(t.tag_name ORDER BY t.tag_name SEPARATOR ',')
        FROM work_tag wt2
        JOIN tag t ON t.tag_id = wt2.tag_id
        WHERE wt2.work_id = wm.workId
          AND wt2.tag_id IN (?, ?)
    ) AS matchedTags,
    wm.hotScore,
    wm.publishTime
FROM work_meta wm
ORDER BY wm.publishTime DESC, wm.workId DESC
LIMIT ? OFFSET ?
]
2026-04-21T19:29:07.075+08:00 DEBUG 21432 --- [nio-8080-exec-2] m.m.a.RequestResponseBodyMethodProcessor : Using 'application/json', given [*/*] and supported [application/json, application/*+json]
2026-04-21T19:29:07.076+08:00 DEBUG 21432 --- [nio-8080-exec-2] m.m.a.RequestResponseBodyMethodProcessor : Writing [[TagDto[tagId=15, tagName=写景, tagType=theme, workCount=96521], TagDto[tagId=6, tagName=山水, tagType=s (truncated)...]
2026-04-21T19:29:07.077+08:00 DEBUG 21432 --- [nio-8080-exec-2] o.s.web.servlet.DispatcherServlet        : Completed 200 OK
2026-04-21T19:29:07.201+08:00 DEBUG 21432 --- [io-8080-exec-10] m.m.a.RequestResponseBodyMethodProcessor : Using 'application/json', given [*/*] and supported [application/json, application/*+json]
2026-04-21T19:29:07.202+08:00 DEBUG 21432 --- [io-8080-exec-10] m.m.a.RequestResponseBodyMethodProcessor : Writing [PoemTagSearchResponse[selectedTagIds=[13], sort=publish_time, total=21450, items=[PoemSearchItemDto[ (truncated)...]
2026-04-21T19:29:07.203+08:00 DEBUG 21432 --- [io-8080-exec-10] o.s.web.servlet.DispatcherServlet        : Completed 200 OK
2026-04-21T19:29:08.726+08:00 DEBUG 21432 --- [nio-8080-exec-5] m.m.a.RequestResponseBodyMethodProcessor : Using 'application/json', given [*/*] and supported [application/json, application/*+json]
2026-04-21T19:29:08.727+08:00 DEBUG 21432 --- [nio-8080-exec-5] m.m.a.RequestResponseBodyMethodProcessor : Writing [PoemTagSearchResponse[selectedTagIds=[13, 1], sort=publish_time, total=8481, items=[PoemSearchItemDt (truncated)...]
2026-04-21T19:29:08.727+08:00 DEBUG 21432 --- [nio-8080-exec-5] o.s.web.servlet.DispatcherServlet        : Completed 200 OK
2026-04-21T19:29:08.935+08:00 DEBUG 21432 --- [nio-8080-exec-3] o.s.web.servlet.DispatcherServlet        : GET "/api/poems/search/by-tags?tagIds=13%2C1&sort=hot&page=1&pageSize=20", parameters={masked}
2026-04-21T19:29:08.936+08:00 DEBUG 21432 --- [nio-8080-exec-3] s.w.s.m.m.a.RequestMappingHandlerMapping : Mapped to com.example.poetry.backend.controller.TagSearchController#searchByTags(String, String, int, int)
2026-04-21T19:29:08.937+08:00 DEBUG 21432 --- [nio-8080-exec-3] o.s.jdbc.core.JdbcTemplate               : Executing prepared SQL query
2026-04-21T19:29:08.937+08:00 DEBUG 21432 --- [nio-8080-exec-3] o.s.jdbc.core.JdbcTemplate               : Executing prepared SQL statement [SELECT COUNT(*) FROM (
    SELECT w.work_id
    FROM poetry_work w
    JOIN work_tag wt ON wt.work_id = w.work_id
    WHERE wt.tag_id IN (?, ?)
    GROUP BY w.work_id
    HAVING COUNT(DISTINCT wt.tag_id) = ?
) result_count
]
2026-04-21T19:29:10.272+08:00 DEBUG 21432 --- [nio-8080-exec-3] o.s.jdbc.core.JdbcTemplate               : Executing prepared SQL query
2026-04-21T19:29:10.274+08:00 DEBUG 21432 --- [nio-8080-exec-3] o.s.jdbc.core.JdbcTemplate               : Executing prepared SQL statement [WITH matched_work AS (
    SELECT wt.work_id
    FROM work_tag wt
    WHERE wt.tag_id IN (?, ?)
    GROUP BY wt.work_id
    HAVING COUNT(DISTINCT wt.tag_id) = ?
),
work_meta AS (
    SELECT
        w.work_id AS workId,
        w.title,
        w.author_name_cache AS authorName,
        w.dynasty_name AS dynastyName,
        LEFT(w.content_text, 120) AS contentPreview,
        ROUND(
            (CASE WHEN w.translation_text IS NOT NULL AND w.translation_text <> '' THEN 30 ELSE 0 END) +
            (CASE WHEN w.annotation_text IS NOT NULL AND w.annotation_text <> '' THEN 25 ELSE 0 END) +
            (CASE WHEN w.appreciation_text IS NOT NULL AND w.appreciation_text <> '' THEN 20 ELSE 0 END) +
            (CASE WHEN w.char_count BETWEEN 12 AND 220 THEN 10 ELSE 0 END) +
            COALESCE(rel.relation_count, 0) * 0.05 +
            COALESCE(meta.tag_count, 0) * 0.20,
            2
        ) AS hotScore,
        DATE_FORMAT(w.created_at, '%Y-%m-%d %H:%i:%s') AS publishTime
    FROM poetry_work w
    JOIN matched_work mw ON mw.work_id = w.work_id
    LEFT JOIN (
        SELECT work_id, COUNT(*) AS relation_count
        FROM work_relation
        GROUP BY work_id
    ) rel ON rel.work_id = w.work_id
    LEFT JOIN (
        SELECT work_id, COUNT(*) AS tag_count
        FROM work_tag
        GROUP BY work_id
    ) meta ON meta.work_id = w.work_id
)
SELECT
    wm.workId,
    wm.title,
    wm.authorName,
    wm.dynastyName,
    wm.contentPreview,
    (
        SELECT GROUP_CONCAT(t.tag_name ORDER BY t.tag_name SEPARATOR ',')
        FROM work_tag wt2
        JOIN tag t ON t.tag_id = wt2.tag_id
        WHERE wt2.work_id = wm.workId
          AND wt2.tag_id IN (?, ?)
    ) AS matchedTags,
    wm.hotScore,
    wm.publishTime
FROM work_meta wm
ORDER BY wm.hotScore DESC, wm.workId DESC
LIMIT ? OFFSET ?
]
2026-04-21T19:29:10.315+08:00 DEBUG 21432 --- [nio-8080-exec-4] o.s.web.servlet.DispatcherServlet        : GET "/api/poems/search/by-tags?tagIds=13%2C1%2C15&sort=hot&page=1&pageSize=20", parameters={masked}
2026-04-21T19:29:10.316+08:00 DEBUG 21432 --- [nio-8080-exec-4] s.w.s.m.m.a.RequestMappingHandlerMapping : Mapped to com.example.poetry.backend.controller.TagSearchController#searchByTags(String, String, int, int)
2026-04-21T19:29:10.317+08:00 DEBUG 21432 --- [nio-8080-exec-4] o.s.jdbc.core.JdbcTemplate               : Executing prepared SQL query
2026-04-21T19:29:10.318+08:00 DEBUG 21432 --- [nio-8080-exec-4] o.s.jdbc.core.JdbcTemplate               : Executing prepared SQL statement [SELECT COUNT(*) FROM (
    SELECT w.work_id
    FROM poetry_work w
    JOIN work_tag wt ON wt.work_id = w.work_id
    WHERE wt.tag_id IN (?, ?, ?)
    GROUP BY w.work_id
    HAVING COUNT(DISTINCT wt.tag_id) = ?
) result_count
]
2026-04-21T19:29:11.465+08:00 DEBUG 21432 --- [nio-8080-exec-8] o.s.web.servlet.DispatcherServlet        : GET "/api/poems/search/by-tags?tagIds=13%2C15&sort=hot&page=1&pageSize=20", parameters={masked}
2026-04-21T19:29:11.466+08:00 DEBUG 21432 --- [nio-8080-exec-8] s.w.s.m.m.a.RequestMappingHandlerMapping : Mapped to com.example.poetry.backend.controller.TagSearchController#searchByTags(String, String, int, int)
2026-04-21T19:29:11.469+08:00 DEBUG 21432 --- [nio-8080-exec-8] o.s.jdbc.core.JdbcTemplate               : Executing prepared SQL query
2026-04-21T19:29:11.469+08:00 DEBUG 21432 --- [nio-8080-exec-8] o.s.jdbc.core.JdbcTemplate               : Executing prepared SQL statement [SELECT COUNT(*) FROM (
    SELECT w.work_id
    FROM poetry_work w
    JOIN work_tag wt ON wt.work_id = w.work_id
    WHERE wt.tag_id IN (?, ?)
    GROUP BY w.work_id
    HAVING COUNT(DISTINCT wt.tag_id) = ?
) result_count
]
2026-04-21T19:29:11.789+08:00 DEBUG 21432 --- [nio-8080-exec-4] o.s.jdbc.core.JdbcTemplate               : Executing prepared SQL query
2026-04-21T19:29:11.790+08:00 DEBUG 21432 --- [nio-8080-exec-4] o.s.jdbc.core.JdbcTemplate               : Executing prepared SQL statement [WITH matched_work AS (
    SELECT wt.work_id
    FROM work_tag wt
    WHERE wt.tag_id IN (?, ?, ?)
    GROUP BY wt.work_id
    HAVING COUNT(DISTINCT wt.tag_id) = ?
),
work_meta AS (
    SELECT
        w.work_id AS workId,
        w.title,
        w.author_name_cache AS authorName,
        w.dynasty_name AS dynastyName,
        LEFT(w.content_text, 120) AS contentPreview,
        ROUND(
            (CASE WHEN w.translation_text IS NOT NULL AND w.translation_text <> '' THEN 30 ELSE 0 END) +
            (CASE WHEN w.annotation_text IS NOT NULL AND w.annotation_text <> '' THEN 25 ELSE 0 END) +
            (CASE WHEN w.appreciation_text IS NOT NULL AND w.appreciation_text <> '' THEN 20 ELSE 0 END) +
            (CASE WHEN w.char_count BETWEEN 12 AND 220 THEN 10 ELSE 0 END) +
            COALESCE(rel.relation_count, 0) * 0.05 +
            COALESCE(meta.tag_count, 0) * 0.20,
            2
        ) AS hotScore,
        DATE_FORMAT(w.created_at, '%Y-%m-%d %H:%i:%s') AS publishTime
    FROM poetry_work w
    JOIN matched_work mw ON mw.work_id = w.work_id
    LEFT JOIN (
        SELECT work_id, COUNT(*) AS relation_count
        FROM work_relation
        GROUP BY work_id
    ) rel ON rel.work_id = w.work_id
    LEFT JOIN (
        SELECT work_id, COUNT(*) AS tag_count
        FROM work_tag
        GROUP BY work_id
    ) meta ON meta.work_id = w.work_id
)
SELECT
    wm.workId,
    wm.title,
    wm.authorName,
    wm.dynastyName,
    wm.contentPreview,
    (
        SELECT GROUP_CONCAT(t.tag_name ORDER BY t.tag_name SEPARATOR ',')
        FROM work_tag wt2
        JOIN tag t ON t.tag_id = wt2.tag_id
        WHERE wt2.work_id = wm.workId
          AND wt2.tag_id IN (?, ?, ?)
    ) AS matchedTags,
    wm.hotScore,
    wm.publishTime
FROM work_meta wm
ORDER BY wm.hotScore DESC, wm.workId DESC
LIMIT ? OFFSET ?
]
2026-04-21T19:29:12.704+08:00 DEBUG 21432 --- [nio-8080-exec-3] m.m.a.RequestResponseBodyMethodProcessor : Using 'application/json', given [*/*] and supported [application/json, application/*+json]
2026-04-21T19:29:12.705+08:00 DEBUG 21432 --- [nio-8080-exec-3] m.m.a.RequestResponseBodyMethodProcessor : Writing [PoemTagSearchResponse[selectedTagIds=[13, 1], sort=hot, total=8481, items=[PoemSearchItemDto[workId= (truncated)...]
2026-04-21T19:29:12.706+08:00 DEBUG 21432 --- [nio-8080-exec-3] o.s.web.servlet.DispatcherServlet        : Completed 200 OK
2026-04-21T19:29:12.754+08:00 DEBUG 21432 --- [nio-8080-exec-8] o.s.jdbc.core.JdbcTemplate               : Executing prepared SQL query
2026-04-21T19:29:12.755+08:00 DEBUG 21432 --- [nio-8080-exec-8] o.s.jdbc.core.JdbcTemplate               : Executing prepared SQL statement [WITH matched_work AS (
    SELECT wt.work_id
    FROM work_tag wt
    WHERE wt.tag_id IN (?, ?)
    GROUP BY wt.work_id
    HAVING COUNT(DISTINCT wt.tag_id) = ?
),
work_meta AS (
    SELECT
        w.work_id AS workId,
        w.title,
        w.author_name_cache AS authorName,
        w.dynasty_name AS dynastyName,
        LEFT(w.content_text, 120) AS contentPreview,
        ROUND(
            (CASE WHEN w.translation_text IS NOT NULL AND w.translation_text <> '' THEN 30 ELSE 0 END) +
            (CASE WHEN w.annotation_text IS NOT NULL AND w.annotation_text <> '' THEN 25 ELSE 0 END) +
            (CASE WHEN w.appreciation_text IS NOT NULL AND w.appreciation_text <> '' THEN 20 ELSE 0 END) +
            (CASE WHEN w.char_count BETWEEN 12 AND 220 THEN 10 ELSE 0 END) +
            COALESCE(rel.relation_count, 0) * 0.05 +
            COALESCE(meta.tag_count, 0) * 0.20,
            2
        ) AS hotScore,
        DATE_FORMAT(w.created_at, '%Y-%m-%d %H:%i:%s') AS publishTime
    FROM poetry_work w
    JOIN matched_work mw ON mw.work_id = w.work_id
    LEFT JOIN (
        SELECT work_id, COUNT(*) AS relation_count
        FROM work_relation
        GROUP BY work_id
    ) rel ON rel.work_id = w.work_id
    LEFT JOIN (
        SELECT work_id, COUNT(*) AS tag_count
        FROM work_tag
        GROUP BY work_id
    ) meta ON meta.work_id = w.work_id
)
SELECT
    wm.workId,
    wm.title,
    wm.authorName,
    wm.dynastyName,
    wm.contentPreview,
    (
        SELECT GROUP_CONCAT(t.tag_name ORDER BY t.tag_name SEPARATOR ',')
        FROM work_tag wt2
        JOIN tag t ON t.tag_id = wt2.tag_id
        WHERE wt2.work_id = wm.workId
          AND wt2.tag_id IN (?, ?)
    ) AS matchedTags,
    wm.hotScore,
    wm.publishTime
FROM work_meta wm
ORDER BY wm.hotScore DESC, wm.workId DESC
LIMIT ? OFFSET ?
]
2026-04-21T19:29:14.248+08:00 DEBUG 21432 --- [nio-8080-exec-1] o.s.web.servlet.DispatcherServlet        : GET "/api/poems/search/by-tags?tagIds=13&sort=hot&page=1&pageSize=20", parameters={masked}
2026-04-21T19:29:14.249+08:00 DEBUG 21432 --- [nio-8080-exec-1] s.w.s.m.m.a.RequestMappingHandlerMapping : Mapped to com.example.poetry.backend.controller.TagSearchController#searchByTags(String, String, int, int)
2026-04-21T19:29:14.250+08:00 DEBUG 21432 --- [nio-8080-exec-1] o.s.jdbc.core.JdbcTemplate               : Executing prepared SQL query
2026-04-21T19:29:14.250+08:00 DEBUG 21432 --- [nio-8080-exec-1] o.s.jdbc.core.JdbcTemplate               : Executing prepared SQL statement [SELECT COUNT(*) FROM (
    SELECT w.work_id
    FROM poetry_work w
    JOIN work_tag wt ON wt.work_id = w.work_id
    WHERE wt.tag_id IN (?)
    GROUP BY w.work_id
    HAVING COUNT(DISTINCT wt.tag_id) = ?
) result_count
]
2026-04-21T19:29:14.328+08:00 DEBUG 21432 --- [nio-8080-exec-4] m.m.a.RequestResponseBodyMethodProcessor : Using 'application/json', given [*/*] and supported [application/json, application/*+json]
2026-04-21T19:29:14.330+08:00 DEBUG 21432 --- [nio-8080-exec-4] m.m.a.RequestResponseBodyMethodProcessor : Writing [PoemTagSearchResponse[selectedTagIds=[13, 1, 15], sort=hot, total=8269, items=[PoemSearchItemDto[wor (truncated)...]
2026-04-21T19:29:14.331+08:00 DEBUG 21432 --- [nio-8080-exec-4] o.s.web.servlet.DispatcherServlet        : Completed 200 OK
2026-04-21T19:29:15.089+08:00 DEBUG 21432 --- [nio-8080-exec-1] o.s.jdbc.core.JdbcTemplate               : Executing prepared SQL query
2026-04-21T19:29:15.090+08:00 DEBUG 21432 --- [nio-8080-exec-1] o.s.jdbc.core.JdbcTemplate               : Executing prepared SQL statement [WITH matched_work AS (
    SELECT wt.work_id
    FROM work_tag wt
    WHERE wt.tag_id IN (?)
    GROUP BY wt.work_id
    HAVING COUNT(DISTINCT wt.tag_id) = ?
),
work_meta AS (
    SELECT
        w.work_id AS workId,
        w.title,
        w.author_name_cache AS authorName,
        w.dynasty_name AS dynastyName,
        LEFT(w.content_text, 120) AS contentPreview,
        ROUND(
            (CASE WHEN w.translation_text IS NOT NULL AND w.translation_text <> '' THEN 30 ELSE 0 END) +
            (CASE WHEN w.annotation_text IS NOT NULL AND w.annotation_text <> '' THEN 25 ELSE 0 END) +
            (CASE WHEN w.appreciation_text IS NOT NULL AND w.appreciation_text <> '' THEN 20 ELSE 0 END) +
            (CASE WHEN w.char_count BETWEEN 12 AND 220 THEN 10 ELSE 0 END) +
            COALESCE(rel.relation_count, 0) * 0.05 +
            COALESCE(meta.tag_count, 0) * 0.20,
            2
        ) AS hotScore,
        DATE_FORMAT(w.created_at, '%Y-%m-%d %H:%i:%s') AS publishTime
    FROM poetry_work w
    JOIN matched_work mw ON mw.work_id = w.work_id
    LEFT JOIN (
        SELECT work_id, COUNT(*) AS relation_count
        FROM work_relation
        GROUP BY work_id
    ) rel ON rel.work_id = w.work_id
    LEFT JOIN (
        SELECT work_id, COUNT(*) AS tag_count
        FROM work_tag
        GROUP BY work_id
    ) meta ON meta.work_id = w.work_id
)
SELECT
    wm.workId,
    wm.title,
    wm.authorName,
    wm.dynastyName,
    wm.contentPreview,
    (
        SELECT GROUP_CONCAT(t.tag_name ORDER BY t.tag_name SEPARATOR ',')
        FROM work_tag wt2
        JOIN tag t ON t.tag_id = wt2.tag_id
        WHERE wt2.work_id = wm.workId
          AND wt2.tag_id IN (?)
    ) AS matchedTags,
    wm.hotScore,
    wm.publishTime
FROM work_meta wm
ORDER BY wm.hotScore DESC, wm.workId DESC
LIMIT ? OFFSET ?
]
2026-04-21T19:29:15.188+08:00 DEBUG 21432 --- [nio-8080-exec-8] m.m.a.RequestResponseBodyMethodProcessor : Using 'application/json', given [*/*] and supported [application/json, application/*+json]
2026-04-21T19:29:15.189+08:00 DEBUG 21432 --- [nio-8080-exec-8] m.m.a.RequestResponseBodyMethodProcessor : Writing [PoemTagSearchResponse[selectedTagIds=[13, 15], sort=hot, total=19873, items=[PoemSearchItemDto[workI (truncated)...]
2026-04-21T19:29:15.190+08:00 DEBUG 21432 --- [nio-8080-exec-8] o.s.web.servlet.DispatcherServlet        : Completed 200 OK
2026-04-21T19:29:15.881+08:00 DEBUG 21432 --- [nio-8080-exec-9] o.s.web.servlet.DispatcherServlet        : GET "/api/poems/search/by-tags?tagIds=13&sort=hot&page=1&pageSize=20", parameters={masked}
2026-04-21T19:29:15.882+08:00 DEBUG 21432 --- [nio-8080-exec-9] s.w.s.m.m.a.RequestMappingHandlerMapping : Mapped to com.example.poetry.backend.controller.TagSearchController#searchByTags(String, String, int, int)
2026-04-21T19:29:15.883+08:00 DEBUG 21432 --- [nio-8080-exec-9] o.s.jdbc.core.JdbcTemplate               : Executing prepared SQL query
2026-04-21T19:29:15.883+08:00 DEBUG 21432 --- [nio-8080-exec-9] o.s.jdbc.core.JdbcTemplate               : Executing prepared SQL statement [SELECT COUNT(*) FROM (
    SELECT w.work_id
    FROM poetry_work w
    JOIN work_tag wt ON wt.work_id = w.work_id
    WHERE wt.tag_id IN (?)
    GROUP BY w.work_id
    HAVING COUNT(DISTINCT wt.tag_id) = ?
) result_count
]
2026-04-21T19:29:16.861+08:00 DEBUG 21432 --- [nio-8080-exec-9] o.s.jdbc.core.JdbcTemplate               : Executing prepared SQL query
2026-04-21T19:29:16.862+08:00 DEBUG 21432 --- [nio-8080-exec-9] o.s.jdbc.core.JdbcTemplate               : Executing prepared SQL statement [WITH matched_work AS (
    SELECT wt.work_id
    FROM work_tag wt
    WHERE wt.tag_id IN (?)
    GROUP BY wt.work_id
    HAVING COUNT(DISTINCT wt.tag_id) = ?
),
work_meta AS (
    SELECT
        w.work_id AS workId,
        w.title,
        w.author_name_cache AS authorName,
        w.dynasty_name AS dynastyName,
        LEFT(w.content_text, 120) AS contentPreview,
        ROUND(
            (CASE WHEN w.translation_text IS NOT NULL AND w.translation_text <> '' THEN 30 ELSE 0 END) +
            (CASE WHEN w.annotation_text IS NOT NULL AND w.annotation_text <> '' THEN 25 ELSE 0 END) +
            (CASE WHEN w.appreciation_text IS NOT NULL AND w.appreciation_text <> '' THEN 20 ELSE 0 END) +
            (CASE WHEN w.char_count BETWEEN 12 AND 220 THEN 10 ELSE 0 END) +
            COALESCE(rel.relation_count, 0) * 0.05 +
            COALESCE(meta.tag_count, 0) * 0.20,
            2
        ) AS hotScore,
        DATE_FORMAT(w.created_at, '%Y-%m-%d %H:%i:%s') AS publishTime
    FROM poetry_work w
    JOIN matched_work mw ON mw.work_id = w.work_id
    LEFT JOIN (
        SELECT work_id, COUNT(*) AS relation_count
        FROM work_relation
        GROUP BY work_id
    ) rel ON rel.work_id = w.work_id
    LEFT JOIN (
        SELECT work_id, COUNT(*) AS tag_count
        FROM work_tag
        GROUP BY work_id
    ) meta ON meta.work_id = w.work_id
)
SELECT
    wm.workId,
    wm.title,
    wm.authorName,
    wm.dynastyName,
    wm.contentPreview,
    (
        SELECT GROUP_CONCAT(t.tag_name ORDER BY t.tag_name SEPARATOR ',')
        FROM work_tag wt2
        JOIN tag t ON t.tag_id = wt2.tag_id
        WHERE wt2.work_id = wm.workId
          AND wt2.tag_id IN (?)
    ) AS matchedTags,
    wm.hotScore,
    wm.publishTime
FROM work_meta wm
ORDER BY wm.hotScore DESC, wm.workId DESC
LIMIT ? OFFSET ?
]
2026-04-21T19:29:18.304+08:00 DEBUG 21432 --- [nio-8080-exec-1] m.m.a.RequestResponseBodyMethodProcessor : Using 'application/json', given [*/*] and supported [application/json, application/*+json]
2026-04-21T19:29:18.305+08:00 DEBUG 21432 --- [nio-8080-exec-1] m.m.a.RequestResponseBodyMethodProcessor : Writing [PoemTagSearchResponse[selectedTagIds=[13], sort=hot, total=21450, items=[PoemSearchItemDto[workId=21 (truncated)...]
2026-04-21T19:29:18.306+08:00 DEBUG 21432 --- [nio-8080-exec-1] o.s.web.servlet.DispatcherServlet        : Completed 200 OK
2026-04-21T19:29:19.933+08:00 DEBUG 21432 --- [nio-8080-exec-9] m.m.a.RequestResponseBodyMethodProcessor : Using 'application/json', given [*/*] and supported [application/json, application/*+json]
2026-04-21T19:29:19.934+08:00 DEBUG 21432 --- [nio-8080-exec-9] m.m.a.RequestResponseBodyMethodProcessor : Writing [PoemTagSearchResponse[selectedTagIds=[13], sort=hot, total=21450, items=[PoemSearchItemDto[workId=21 (truncated)...]
2026-04-21T19:29:19.935+08:00 DEBUG 21432 --- [nio-8080-exec-9] o.s.web.servlet.DispatcherServlet        : Completed 200 OK
2026-04-21T19:29:24.881+08:00 DEBUG 21432 --- [nio-8080-exec-7] o.s.web.servlet.DispatcherServlet        : GET "/api/tags/hot?limit=20", parameters={masked}
2026-04-21T19:29:24.882+08:00 DEBUG 21432 --- [nio-8080-exec-7] s.w.s.m.m.a.RequestMappingHandlerMapping : Mapped to com.example.poetry.backend.controller.TagSearchController#getHotTags(int)
2026-04-21T19:29:24.882+08:00 DEBUG 21432 --- [nio-8080-exec-7] o.s.jdbc.core.JdbcTemplate               : Executing prepared SQL query
2026-04-21T19:29:24.883+08:00 DEBUG 21432 --- [nio-8080-exec-7] o.s.jdbc.core.JdbcTemplate               : Executing prepared SQL statement [SELECT
    t.tag_id AS tagId,
    t.tag_name AS tagName,
    t.tag_type AS tagType,
    COUNT(wt.work_id) AS workCount
FROM tag t
LEFT JOIN work_tag wt ON wt.tag_id = t.tag_id
GROUP BY t.tag_id, t.tag_name, t.tag_type
ORDER BY workCount DESC, t.tag_id ASC
LIMIT ?
]
2026-04-21T19:29:26.747+08:00 DEBUG 21432 --- [nio-8080-exec-7] m.m.a.RequestResponseBodyMethodProcessor : Using 'application/json', given [*/*] and supported [application/json, application/*+json]
2026-04-21T19:29:26.747+08:00 DEBUG 21432 --- [nio-8080-exec-7] m.m.a.RequestResponseBodyMethodProcessor : Writing [[TagDto[tagId=15, tagName=写景, tagType=theme, workCount=96521], TagDto[tagId=6, tagName=山水, tagType=s (truncated)...]
2026-04-21T19:29:26.748+08:00 DEBUG 21432 --- [nio-8080-exec-7] o.s.web.servlet.DispatcherServlet        : Completed 200 OK
2026-04-21T19:29:28.409+08:00 DEBUG 21432 --- [nio-8080-exec-6] o.s.web.servlet.DispatcherServlet        : GET "/api/tags/hot?limit=20", parameters={masked}
2026-04-21T19:29:28.410+08:00 DEBUG 21432 --- [nio-8080-exec-6] s.w.s.m.m.a.RequestMappingHandlerMapping : Mapped to com.example.poetry.backend.controller.TagSearchController#getHotTags(int)
2026-04-21T19:29:28.411+08:00 DEBUG 21432 --- [nio-8080-exec-6] o.s.jdbc.core.JdbcTemplate               : Executing prepared SQL query
2026-04-21T19:29:28.411+08:00 DEBUG 21432 --- [nio-8080-exec-6] o.s.jdbc.core.JdbcTemplate               : Executing prepared SQL statement [SELECT
    t.tag_id AS tagId,
    t.tag_name AS tagName,
    t.tag_type AS tagType,
    COUNT(wt.work_id) AS workCount
FROM tag t
LEFT JOIN work_tag wt ON wt.tag_id = t.tag_id
GROUP BY t.tag_id, t.tag_name, t.tag_type
ORDER BY workCount DESC, t.tag_id ASC
LIMIT ?
]
2026-04-21T19:29:29.774+08:00 DEBUG 21432 --- [nio-8080-exec-6] m.m.a.RequestResponseBodyMethodProcessor : Using 'application/json', given [*/*] and supported [application/json, application/*+json]
2026-04-21T19:29:29.774+08:00 DEBUG 21432 --- [nio-8080-exec-6] m.m.a.RequestResponseBodyMethodProcessor : Writing [[TagDto[tagId=15, tagName=写景, tagType=theme, workCount=96521], TagDto[tagId=6, tagName=山水, tagType=s (truncated)...]
2026-04-21T19:29:29.775+08:00 DEBUG 21432 --- [nio-8080-exec-6] o.s.web.servlet.DispatcherServlet        : Completed 200 OK
2026-04-21T19:29:30.124+08:00 DEBUG 21432 --- [nio-8080-exec-2] o.s.web.servlet.DispatcherServlet        : GET "/api/tags/hot?limit=20", parameters={masked}
2026-04-21T19:29:30.124+08:00 DEBUG 21432 --- [nio-8080-exec-2] s.w.s.m.m.a.RequestMappingHandlerMapping : Mapped to com.example.poetry.backend.controller.TagSearchController#getHotTags(int)
2026-04-21T19:29:30.125+08:00 DEBUG 21432 --- [nio-8080-exec-2] o.s.jdbc.core.JdbcTemplate               : Executing prepared SQL query
2026-04-21T19:29:30.126+08:00 DEBUG 21432 --- [nio-8080-exec-2] o.s.jdbc.core.JdbcTemplate               : Executing prepared SQL statement [SELECT
    t.tag_id AS tagId,
    t.tag_name AS tagName,
    t.tag_type AS tagType,
    COUNT(wt.work_id) AS workCount
FROM tag t
LEFT JOIN work_tag wt ON wt.tag_id = t.tag_id
GROUP BY t.tag_id, t.tag_name, t.tag_type
ORDER BY workCount DESC, t.tag_id ASC
LIMIT ?
]
2026-04-21T19:29:31.431+08:00 DEBUG 21432 --- [nio-8080-exec-2] m.m.a.RequestResponseBodyMethodProcessor : Using 'application/json', given [*/*] and supported [application/json, application/*+json]
2026-04-21T19:29:31.432+08:00 DEBUG 21432 --- [nio-8080-exec-2] m.m.a.RequestResponseBodyMethodProcessor : Writing [[TagDto[tagId=15, tagName=写景, tagType=theme, workCount=96521], TagDto[tagId=6, tagName=山水, tagType=s (truncated)...]
2026-04-21T19:29:31.433+08:00 DEBUG 21432 --- [nio-8080-exec-2] o.s.web.servlet.DispatcherServlet        : Completed 200 OK
2026-04-21T19:29:55.932+08:00 DEBUG 21432 --- [io-8080-exec-10] o.s.web.servlet.DispatcherServlet        : GET "/api/tags/hot?limit=20", parameters={masked}
2026-04-21T19:29:55.933+08:00 DEBUG 21432 --- [io-8080-exec-10] s.w.s.m.m.a.RequestMappingHandlerMapping : Mapped to com.example.poetry.backend.controller.TagSearchController#getHotTags(int)
2026-04-21T19:29:55.934+08:00 DEBUG 21432 --- [io-8080-exec-10] o.s.jdbc.core.JdbcTemplate               : Executing prepared SQL query
2026-04-21T19:29:55.934+08:00 DEBUG 21432 --- [io-8080-exec-10] o.s.jdbc.core.JdbcTemplate               : Executing prepared SQL statement [SELECT
    t.tag_id AS tagId,
    t.tag_name AS tagName,
    t.tag_type AS tagType,
    COUNT(wt.work_id) AS workCount
FROM tag t
LEFT JOIN work_tag wt ON wt.tag_id = t.tag_id
GROUP BY t.tag_id, t.tag_name, t.tag_type
ORDER BY workCount DESC, t.tag_id ASC
LIMIT ?
]
2026-04-21T19:29:57.482+08:00 DEBUG 21432 --- [io-8080-exec-10] m.m.a.RequestResponseBodyMethodProcessor : Using 'application/json', given [*/*] and supported [application/json, application/*+json]
2026-04-21T19:29:57.482+08:00 DEBUG 21432 --- [io-8080-exec-10] m.m.a.RequestResponseBodyMethodProcessor : Writing [[TagDto[tagId=15, tagName=写景, tagType=theme, workCount=96521], TagDto[tagId=6, tagName=山水, tagType=s (truncated)...]
2026-04-21T19:29:57.483+08:00 DEBUG 21432 --- [io-8080-exec-10] o.s.web.servlet.DispatcherServlet        : Completed 200 OK
2026-04-21T19:30:05.988+08:00 DEBUG 21432 --- [nio-8080-exec-5] o.s.web.servlet.DispatcherServlet        : GET "/api/poems/search/by-tags?tagIds=15&sort=hot&page=1&pageSize=20", parameters={masked}
2026-04-21T19:30:05.988+08:00 DEBUG 21432 --- [nio-8080-exec-5] s.w.s.m.m.a.RequestMappingHandlerMapping : Mapped to com.example.poetry.backend.controller.TagSearchController#searchByTags(String, String, int, int)
2026-04-21T19:30:05.989+08:00 DEBUG 21432 --- [nio-8080-exec-5] o.s.jdbc.core.JdbcTemplate               : Executing prepared SQL query
2026-04-21T19:30:05.989+08:00 DEBUG 21432 --- [nio-8080-exec-5] o.s.jdbc.core.JdbcTemplate               : Executing prepared SQL statement [SELECT COUNT(*) FROM (
    SELECT w.work_id
    FROM poetry_work w
    JOIN work_tag wt ON wt.work_id = w.work_id
    WHERE wt.tag_id IN (?)
    GROUP BY w.work_id
    HAVING COUNT(DISTINCT wt.tag_id) = ?
) result_count
]
2026-04-21T19:30:08.296+08:00 DEBUG 21432 --- [nio-8080-exec-5] o.s.jdbc.core.JdbcTemplate               : Executing prepared SQL query
2026-04-21T19:30:08.297+08:00 DEBUG 21432 --- [nio-8080-exec-5] o.s.jdbc.core.JdbcTemplate               : Executing prepared SQL statement [WITH matched_work AS (
    SELECT wt.work_id
    FROM work_tag wt
    WHERE wt.tag_id IN (?)
    GROUP BY wt.work_id
    HAVING COUNT(DISTINCT wt.tag_id) = ?
),
work_meta AS (
    SELECT
        w.work_id AS workId,
        w.title,
        w.author_name_cache AS authorName,
        w.dynasty_name AS dynastyName,
        LEFT(w.content_text, 120) AS contentPreview,
        ROUND(
            (CASE WHEN w.translation_text IS NOT NULL AND w.translation_text <> '' THEN 30 ELSE 0 END) +
            (CASE WHEN w.annotation_text IS NOT NULL AND w.annotation_text <> '' THEN 25 ELSE 0 END) +
            (CASE WHEN w.appreciation_text IS NOT NULL AND w.appreciation_text <> '' THEN 20 ELSE 0 END) +
            (CASE WHEN w.char_count BETWEEN 12 AND 220 THEN 10 ELSE 0 END) +
            COALESCE(rel.relation_count, 0) * 0.05 +
            COALESCE(meta.tag_count, 0) * 0.20,
            2
        ) AS hotScore,
        DATE_FORMAT(w.created_at, '%Y-%m-%d %H:%i:%s') AS publishTime
    FROM poetry_work w
    JOIN matched_work mw ON mw.work_id = w.work_id
    LEFT JOIN (
        SELECT work_id, COUNT(*) AS relation_count
        FROM work_relation
        GROUP BY work_id
    ) rel ON rel.work_id = w.work_id
    LEFT JOIN (
        SELECT work_id, COUNT(*) AS tag_count
        FROM work_tag
        GROUP BY work_id
    ) meta ON meta.work_id = w.work_id
)
SELECT
    wm.workId,
    wm.title,
    wm.authorName,
    wm.dynastyName,
    wm.contentPreview,
    (
        SELECT GROUP_CONCAT(t.tag_name ORDER BY t.tag_name SEPARATOR ',')
        FROM work_tag wt2
        JOIN tag t ON t.tag_id = wt2.tag_id
        WHERE wt2.work_id = wm.workId
          AND wt2.tag_id IN (?)
    ) AS matchedTags,
    wm.hotScore,
    wm.publishTime
FROM work_meta wm
ORDER BY wm.hotScore DESC, wm.workId DESC
LIMIT ? OFFSET ?
]
2026-04-21T19:30:16.640+08:00 DEBUG 21432 --- [nio-8080-exec-5] m.m.a.RequestResponseBodyMethodProcessor : Using 'application/json', given [*/*] and supported [application/json, application/*+json]
2026-04-21T19:30:16.640+08:00 DEBUG 21432 --- [nio-8080-exec-5] m.m.a.RequestResponseBodyMethodProcessor : Writing [PoemTagSearchResponse[selectedTagIds=[15], sort=hot, total=96521, items=[PoemSearchItemDto[workId=21 (truncated)...]
2026-04-21T19:30:16.642+08:00 DEBUG 21432 --- [nio-8080-exec-5] o.s.web.servlet.DispatcherServlet        : Completed 200 OK
2026-04-21T19:30:23.941+08:00 DEBUG 21432 --- [nio-8080-exec-8] o.s.web.servlet.DispatcherServlet        : GET "/api/poems/search/by-tags?tagIds=6&sort=hot&page=1&pageSize=20", parameters={masked}
2026-04-21T19:30:23.942+08:00 DEBUG 21432 --- [nio-8080-exec-8] s.w.s.m.m.a.RequestMappingHandlerMapping : Mapped to com.example.poetry.backend.controller.TagSearchController#searchByTags(String, String, int, int)
2026-04-21T19:30:23.943+08:00 DEBUG 21432 --- [nio-8080-exec-8] o.s.jdbc.core.JdbcTemplate               : Executing prepared SQL query
2026-04-21T19:30:23.944+08:00 DEBUG 21432 --- [nio-8080-exec-8] o.s.jdbc.core.JdbcTemplate               : Executing prepared SQL statement [SELECT COUNT(*) FROM (
    SELECT w.work_id
    FROM poetry_work w
    JOIN work_tag wt ON wt.work_id = w.work_id
    WHERE wt.tag_id IN (?)
    GROUP BY w.work_id
    HAVING COUNT(DISTINCT wt.tag_id) = ?
) result_count
]
2026-04-21T19:30:26.570+08:00 DEBUG 21432 --- [nio-8080-exec-8] o.s.jdbc.core.JdbcTemplate               : Executing prepared SQL query
2026-04-21T19:30:26.570+08:00 DEBUG 21432 --- [nio-8080-exec-8] o.s.jdbc.core.JdbcTemplate               : Executing prepared SQL statement [WITH matched_work AS (
    SELECT wt.work_id
    FROM work_tag wt
    WHERE wt.tag_id IN (?)
    GROUP BY wt.work_id
    HAVING COUNT(DISTINCT wt.tag_id) = ?
),
work_meta AS (
    SELECT
        w.work_id AS workId,
        w.title,
        w.author_name_cache AS authorName,
        w.dynasty_name AS dynastyName,
        LEFT(w.content_text, 120) AS contentPreview,
        ROUND(
            (CASE WHEN w.translation_text IS NOT NULL AND w.translation_text <> '' THEN 30 ELSE 0 END) +
            (CASE WHEN w.annotation_text IS NOT NULL AND w.annotation_text <> '' THEN 25 ELSE 0 END) +
            (CASE WHEN w.appreciation_text IS NOT NULL AND w.appreciation_text <> '' THEN 20 ELSE 0 END) +
            (CASE WHEN w.char_count BETWEEN 12 AND 220 THEN 10 ELSE 0 END) +
            COALESCE(rel.relation_count, 0) * 0.05 +
            COALESCE(meta.tag_count, 0) * 0.20,
            2
        ) AS hotScore,
        DATE_FORMAT(w.created_at, '%Y-%m-%d %H:%i:%s') AS publishTime
    FROM poetry_work w
    JOIN matched_work mw ON mw.work_id = w.work_id
    LEFT JOIN (
        SELECT work_id, COUNT(*) AS relation_count
        FROM work_relation
        GROUP BY work_id
    ) rel ON rel.work_id = w.work_id
    LEFT JOIN (
        SELECT work_id, COUNT(*) AS tag_count
        FROM work_tag
        GROUP BY work_id
    ) meta ON meta.work_id = w.work_id
)
SELECT
    wm.workId,
    wm.title,
    wm.authorName,
    wm.dynastyName,
    wm.contentPreview,
    (
        SELECT GROUP_CONCAT(t.tag_name ORDER BY t.tag_name SEPARATOR ',')
        FROM work_tag wt2
        JOIN tag t ON t.tag_id = wt2.tag_id
        WHERE wt2.work_id = wm.workId
          AND wt2.tag_id IN (?)
    ) AS matchedTags,
    wm.hotScore,
    wm.publishTime
FROM work_meta wm
ORDER BY wm.hotScore DESC, wm.workId DESC
LIMIT ? OFFSET ?
]
2026-04-21T19:30:33.759+08:00 DEBUG 21432 --- [nio-8080-exec-8] m.m.a.RequestResponseBodyMethodProcessor : Using 'application/json', given [*/*] and supported [application/json, application/*+json]
2026-04-21T19:30:33.760+08:00 DEBUG 21432 --- [nio-8080-exec-8] m.m.a.RequestResponseBodyMethodProcessor : Writing [PoemTagSearchResponse[selectedTagIds=[6], sort=hot, total=68980, items=[PoemSearchItemDto[workId=215 (truncated)...]
2026-04-21T19:30:33.761+08:00 DEBUG 21432 --- [nio-8080-exec-8] o.s.web.servlet.DispatcherServlet        : Completed 200 OK
2026-04-21T19:30:37.891+08:00 DEBUG 21432 --- [nio-8080-exec-1] o.s.web.servlet.DispatcherServlet        : GET "/api/poems/search/by-tags?tagIds=15&sort=hot&page=1&pageSize=20", parameters={masked}
2026-04-21T19:30:37.892+08:00 DEBUG 21432 --- [nio-8080-exec-1] s.w.s.m.m.a.RequestMappingHandlerMapping : Mapped to com.example.poetry.backend.controller.TagSearchController#searchByTags(String, String, int, int)
2026-04-21T19:30:37.895+08:00 DEBUG 21432 --- [nio-8080-exec-1] o.s.jdbc.core.JdbcTemplate               : Executing prepared SQL query
2026-04-21T19:30:37.895+08:00 DEBUG 21432 --- [nio-8080-exec-1] o.s.jdbc.core.JdbcTemplate               : Executing prepared SQL statement [SELECT COUNT(*) FROM (
    SELECT w.work_id
    FROM poetry_work w
    JOIN work_tag wt ON wt.work_id = w.work_id
    WHERE wt.tag_id IN (?)
    GROUP BY w.work_id
    HAVING COUNT(DISTINCT wt.tag_id) = ?
) result_count
]
2026-04-21T19:30:40.066+08:00 DEBUG 21432 --- [nio-8080-exec-1] o.s.jdbc.core.JdbcTemplate               : Executing prepared SQL query
2026-04-21T19:30:40.067+08:00 DEBUG 21432 --- [nio-8080-exec-1] o.s.jdbc.core.JdbcTemplate               : Executing prepared SQL statement [WITH matched_work AS (
    SELECT wt.work_id
    FROM work_tag wt
    WHERE wt.tag_id IN (?)
    GROUP BY wt.work_id
    HAVING COUNT(DISTINCT wt.tag_id) = ?
),
work_meta AS (
    SELECT
        w.work_id AS workId,
        w.title,
        w.author_name_cache AS authorName,
        w.dynasty_name AS dynastyName,
        LEFT(w.content_text, 120) AS contentPreview,
        ROUND(
            (CASE WHEN w.translation_text IS NOT NULL AND w.translation_text <> '' THEN 30 ELSE 0 END) +
            (CASE WHEN w.annotation_text IS NOT NULL AND w.annotation_text <> '' THEN 25 ELSE 0 END) +
            (CASE WHEN w.appreciation_text IS NOT NULL AND w.appreciation_text <> '' THEN 20 ELSE 0 END) +
            (CASE WHEN w.char_count BETWEEN 12 AND 220 THEN 10 ELSE 0 END) +
            COALESCE(rel.relation_count, 0) * 0.05 +
            COALESCE(meta.tag_count, 0) * 0.20,
            2
        ) AS hotScore,
        DATE_FORMAT(w.created_at, '%Y-%m-%d %H:%i:%s') AS publishTime
    FROM poetry_work w
    JOIN matched_work mw ON mw.work_id = w.work_id
    LEFT JOIN (
        SELECT work_id, COUNT(*) AS relation_count
        FROM work_relation
        GROUP BY work_id
    ) rel ON rel.work_id = w.work_id
    LEFT JOIN (
        SELECT work_id, COUNT(*) AS tag_count
        FROM work_tag
        GROUP BY work_id
    ) meta ON meta.work_id = w.work_id
)
SELECT
    wm.workId,
    wm.title,
    wm.authorName,
    wm.dynastyName,
    wm.contentPreview,
    (
        SELECT GROUP_CONCAT(t.tag_name ORDER BY t.tag_name SEPARATOR ',')
        FROM work_tag wt2
        JOIN tag t ON t.tag_id = wt2.tag_id
        WHERE wt2.work_id = wm.workId
          AND wt2.tag_id IN (?)
    ) AS matchedTags,
    wm.hotScore,
    wm.publishTime
FROM work_meta wm
ORDER BY wm.hotScore DESC, wm.workId DESC
LIMIT ? OFFSET ?
]
2026-04-21T19:30:48.487+08:00 DEBUG 21432 --- [nio-8080-exec-1] m.m.a.RequestResponseBodyMethodProcessor : Using 'application/json', given [*/*] and supported [application/json, application/*+json]
2026-04-21T19:30:48.488+08:00 DEBUG 21432 --- [nio-8080-exec-1] m.m.a.RequestResponseBodyMethodProcessor : Writing [PoemTagSearchResponse[selectedTagIds=[15], sort=hot, total=96521, items=[PoemSearchItemDto[workId=21 (truncated)...]
2026-04-21T19:30:48.489+08:00 DEBUG 21432 --- [nio-8080-exec-1] o.s.web.servlet.DispatcherServlet        : Completed 200 OK
2026-04-21T19:31:09.842+08:00 DEBUG 21432 --- [nio-8080-exec-9] o.s.web.servlet.DispatcherServlet        : GET "/api/tags/hot?limit=20", parameters={masked}
2026-04-21T19:31:09.843+08:00 DEBUG 21432 --- [nio-8080-exec-9] s.w.s.m.m.a.RequestMappingHandlerMapping : Mapped to com.example.poetry.backend.controller.TagSearchController#getHotTags(int)
2026-04-21T19:31:09.844+08:00 DEBUG 21432 --- [nio-8080-exec-9] o.s.jdbc.core.JdbcTemplate               : Executing prepared SQL query
2026-04-21T19:31:09.844+08:00 DEBUG 21432 --- [nio-8080-exec-9] o.s.jdbc.core.JdbcTemplate               : Executing prepared SQL statement [SELECT
    t.tag_id AS tagId,
    t.tag_name AS tagName,
    t.tag_type AS tagType,
    COUNT(wt.work_id) AS workCount
FROM tag t
LEFT JOIN work_tag wt ON wt.tag_id = t.tag_id
GROUP BY t.tag_id, t.tag_name, t.tag_type
ORDER BY workCount DESC, t.tag_id ASC
LIMIT ?
]
2026-04-21T19:31:12.179+08:00 DEBUG 21432 --- [nio-8080-exec-9] m.m.a.RequestResponseBodyMethodProcessor : Using 'application/json', given [*/*] and supported [application/json, application/*+json]
2026-04-21T19:31:12.180+08:00 DEBUG 21432 --- [nio-8080-exec-9] m.m.a.RequestResponseBodyMethodProcessor : Writing [[TagDto[tagId=15, tagName=写景, tagType=theme, workCount=96521], TagDto[tagId=6, tagName=山水, tagType=s (truncated)...]
2026-04-21T19:31:12.180+08:00 DEBUG 21432 --- [nio-8080-exec-9] o.s.web.servlet.DispatcherServlet        : Completed 200 OK
2026-04-21T19:49:51.494+08:00 DEBUG 21432 --- [nio-8080-exec-6] o.s.web.servlet.DispatcherServlet        : GET "/api/tags/hot?limit=20", parameters={masked}
2026-04-21T19:49:51.497+08:00 DEBUG 21432 --- [nio-8080-exec-6] s.w.s.m.m.a.RequestMappingHandlerMapping : Mapped to com.example.poetry.backend.controller.TagSearchController#getHotTags(int)
2026-04-21T19:49:51.505+08:00 DEBUG 21432 --- [nio-8080-exec-6] o.s.jdbc.core.JdbcTemplate               : Executing prepared SQL query
2026-04-21T19:49:51.505+08:00 DEBUG 21432 --- [nio-8080-exec-6] o.s.jdbc.core.JdbcTemplate               : Executing prepared SQL statement [SELECT
    t.tag_id AS tagId,
    t.tag_name AS tagName,
    t.tag_type AS tagType,
    COUNT(wt.work_id) AS workCount
FROM tag t
LEFT JOIN work_tag wt ON wt.tag_id = t.tag_id
GROUP BY t.tag_id, t.tag_name, t.tag_type
ORDER BY workCount DESC, t.tag_id ASC
LIMIT ?
]
2026-04-21T19:49:53.148+08:00 DEBUG 21432 --- [nio-8080-exec-6] m.m.a.RequestResponseBodyMethodProcessor : Using 'application/json', given [*/*] and supported [application/json, application/*+json]
2026-04-21T19:49:53.149+08:00 DEBUG 21432 --- [nio-8080-exec-6] m.m.a.RequestResponseBodyMethodProcessor : Writing [[TagDto[tagId=15, tagName=写景, tagType=theme, workCount=96521], TagDto[tagId=6, tagName=山水, tagType=s (truncated)...]
2026-04-21T19:49:53.152+08:00 DEBUG 21432 --- [nio-8080-exec-6] o.s.web.servlet.DispatcherServlet        : Completed 200 OK
2026-04-21T19:49:54.082+08:00 DEBUG 21432 --- [nio-8080-exec-2] o.s.web.servlet.DispatcherServlet        : GET "/api/tags/hot?limit=20", parameters={masked}
2026-04-21T19:49:54.083+08:00 DEBUG 21432 --- [nio-8080-exec-2] s.w.s.m.m.a.RequestMappingHandlerMapping : Mapped to com.example.poetry.backend.controller.TagSearchController#getHotTags(int)
2026-04-21T19:49:54.084+08:00 DEBUG 21432 --- [nio-8080-exec-2] o.s.jdbc.core.JdbcTemplate               : Executing prepared SQL query
2026-04-21T19:49:54.084+08:00 DEBUG 21432 --- [nio-8080-exec-2] o.s.jdbc.core.JdbcTemplate               : Executing prepared SQL statement [SELECT
    t.tag_id AS tagId,
    t.tag_name AS tagName,
    t.tag_type AS tagType,
    COUNT(wt.work_id) AS workCount
FROM tag t
LEFT JOIN work_tag wt ON wt.tag_id = t.tag_id
GROUP BY t.tag_id, t.tag_name, t.tag_type
ORDER BY workCount DESC, t.tag_id ASC
LIMIT ?
]
2026-04-21T19:49:55.703+08:00 DEBUG 21432 --- [nio-8080-exec-2] m.m.a.RequestResponseBodyMethodProcessor : Using 'application/json', given [*/*] and supported [application/json, application/*+json]
2026-04-21T19:49:55.704+08:00 DEBUG 21432 --- [nio-8080-exec-2] m.m.a.RequestResponseBodyMethodProcessor : Writing [[TagDto[tagId=15, tagName=写景, tagType=theme, workCount=96521], TagDto[tagId=6, tagName=山水, tagType=s (truncated)...]
2026-04-21T19:49:55.705+08:00 DEBUG 21432 --- [nio-8080-exec-2] o.s.web.servlet.DispatcherServlet        : Completed 200 OK
2026-04-21T19:49:56.893+08:00 DEBUG 21432 --- [io-8080-exec-10] o.s.web.servlet.DispatcherServlet        : GET "/api/poems/search/by-tags?tagIds=15&sort=hot&page=1&pageSize=20", parameters={masked}
2026-04-21T19:49:56.894+08:00 DEBUG 21432 --- [io-8080-exec-10] s.w.s.m.m.a.RequestMappingHandlerMapping : Mapped to com.example.poetry.backend.controller.TagSearchController#searchByTags(String, String, int, int)
2026-04-21T19:49:56.896+08:00 DEBUG 21432 --- [io-8080-exec-10] o.s.jdbc.core.JdbcTemplate               : Executing prepared SQL query
2026-04-21T19:49:56.896+08:00 DEBUG 21432 --- [io-8080-exec-10] o.s.jdbc.core.JdbcTemplate               : Executing prepared SQL statement [SELECT COUNT(*) FROM (
    SELECT w.work_id
    FROM poetry_work w
    JOIN work_tag wt ON wt.work_id = w.work_id
    WHERE wt.tag_id IN (?)
    GROUP BY w.work_id
    HAVING COUNT(DISTINCT wt.tag_id) = ?
) result_count
]
2026-04-21T19:49:57.715+08:00 DEBUG 21432 --- [nio-8080-exec-3] o.s.web.servlet.DispatcherServlet        : GET "/api/poems/search/by-tags?tagIds=15&sort=hot&page=1&pageSize=20", parameters={masked}
2026-04-21T19:49:57.716+08:00 DEBUG 21432 --- [nio-8080-exec-3] s.w.s.m.m.a.RequestMappingHandlerMapping : Mapped to com.example.poetry.backend.controller.TagSearchController#searchByTags(String, String, int, int)
2026-04-21T19:49:57.717+08:00 DEBUG 21432 --- [nio-8080-exec-3] o.s.jdbc.core.JdbcTemplate               : Executing prepared SQL query
2026-04-21T19:49:57.717+08:00 DEBUG 21432 --- [nio-8080-exec-3] o.s.jdbc.core.JdbcTemplate               : Executing prepared SQL statement [SELECT COUNT(*) FROM (
    SELECT w.work_id
    FROM poetry_work w
    JOIN work_tag wt ON wt.work_id = w.work_id
    WHERE wt.tag_id IN (?)
    GROUP BY w.work_id
    HAVING COUNT(DISTINCT wt.tag_id) = ?
) result_count
]
2026-04-21T19:49:57.718+08:00 DEBUG 21432 --- [nio-8080-exec-5] o.s.web.servlet.DispatcherServlet        : GET "/api/poems/search/by-tags?tagIds=15&sort=hot&page=1&pageSize=20", parameters={masked}
2026-04-21T19:49:57.719+08:00 DEBUG 21432 --- [nio-8080-exec-5] s.w.s.m.m.a.RequestMappingHandlerMapping : Mapped to com.example.poetry.backend.controller.TagSearchController#searchByTags(String, String, int, int)
2026-04-21T19:49:57.720+08:00 DEBUG 21432 --- [nio-8080-exec-5] o.s.jdbc.core.JdbcTemplate               : Executing prepared SQL query
2026-04-21T19:49:57.721+08:00 DEBUG 21432 --- [nio-8080-exec-5] o.s.jdbc.core.JdbcTemplate               : Executing prepared SQL statement [SELECT COUNT(*) FROM (
    SELECT w.work_id
    FROM poetry_work w
    JOIN work_tag wt ON wt.work_id = w.work_id
    WHERE wt.tag_id IN (?)
    GROUP BY w.work_id
    HAVING COUNT(DISTINCT wt.tag_id) = ?
) result_count
]
2026-04-21T19:49:58.562+08:00 DEBUG 21432 --- [io-8080-exec-10] o.s.jdbc.core.JdbcTemplate               : Executing prepared SQL query
2026-04-21T19:49:58.562+08:00 DEBUG 21432 --- [io-8080-exec-10] o.s.jdbc.core.JdbcTemplate               : Executing prepared SQL statement [WITH matched_work AS (
    SELECT wt.work_id
    FROM work_tag wt
    WHERE wt.tag_id IN (?)
    GROUP BY wt.work_id
    HAVING COUNT(DISTINCT wt.tag_id) = ?
),
work_meta AS (
    SELECT
        w.work_id AS workId,
        w.title,
        w.author_name_cache AS authorName,
        w.dynasty_name AS dynastyName,
        LEFT(w.content_text, 120) AS contentPreview,
        ROUND(
            (CASE WHEN w.translation_text IS NOT NULL AND w.translation_text <> '' THEN 30 ELSE 0 END) +
            (CASE WHEN w.annotation_text IS NOT NULL AND w.annotation_text <> '' THEN 25 ELSE 0 END) +
            (CASE WHEN w.appreciation_text IS NOT NULL AND w.appreciation_text <> '' THEN 20 ELSE 0 END) +
            (CASE WHEN w.char_count BETWEEN 12 AND 220 THEN 10 ELSE 0 END) +
            COALESCE(rel.relation_count, 0) * 0.05 +
            COALESCE(meta.tag_count, 0) * 0.20,
            2
        ) AS hotScore,
        DATE_FORMAT(w.created_at, '%Y-%m-%d %H:%i:%s') AS publishTime
    FROM poetry_work w
    JOIN matched_work mw ON mw.work_id = w.work_id
    LEFT JOIN (
        SELECT work_id, COUNT(*) AS relation_count
        FROM work_relation
        GROUP BY work_id
    ) rel ON rel.work_id = w.work_id
    LEFT JOIN (
        SELECT work_id, COUNT(*) AS tag_count
        FROM work_tag
        GROUP BY work_id
    ) meta ON meta.work_id = w.work_id
)
SELECT
    wm.workId,
    wm.title,
    wm.authorName,
    wm.dynastyName,
    wm.contentPreview,
    (
        SELECT GROUP_CONCAT(t.tag_name ORDER BY t.tag_name SEPARATOR ',')
        FROM work_tag wt2
        JOIN tag t ON t.tag_id = wt2.tag_id
        WHERE wt2.work_id = wm.workId
          AND wt2.tag_id IN (?)
    ) AS matchedTags,
    wm.hotScore,
    wm.publishTime
FROM work_meta wm
ORDER BY wm.hotScore DESC, wm.workId DESC
LIMIT ? OFFSET ?
]
2026-04-21T19:49:59.046+08:00 DEBUG 21432 --- [nio-8080-exec-3] o.s.jdbc.core.JdbcTemplate               : Executing prepared SQL query
2026-04-21T19:49:59.046+08:00 DEBUG 21432 --- [nio-8080-exec-5] o.s.jdbc.core.JdbcTemplate               : Executing prepared SQL query
2026-04-21T19:49:59.047+08:00 DEBUG 21432 --- [nio-8080-exec-3] o.s.jdbc.core.JdbcTemplate               : Executing prepared SQL statement [WITH matched_work AS (
    SELECT wt.work_id
    FROM work_tag wt
    WHERE wt.tag_id IN (?)
    GROUP BY wt.work_id
    HAVING COUNT(DISTINCT wt.tag_id) = ?
),
work_meta AS (
    SELECT
        w.work_id AS workId,
        w.title,
        w.author_name_cache AS authorName,
        w.dynasty_name AS dynastyName,
        LEFT(w.content_text, 120) AS contentPreview,
        ROUND(
            (CASE WHEN w.translation_text IS NOT NULL AND w.translation_text <> '' THEN 30 ELSE 0 END) +
            (CASE WHEN w.annotation_text IS NOT NULL AND w.annotation_text <> '' THEN 25 ELSE 0 END) +
            (CASE WHEN w.appreciation_text IS NOT NULL AND w.appreciation_text <> '' THEN 20 ELSE 0 END) +
            (CASE WHEN w.char_count BETWEEN 12 AND 220 THEN 10 ELSE 0 END) +
            COALESCE(rel.relation_count, 0) * 0.05 +
            COALESCE(meta.tag_count, 0) * 0.20,
            2
        ) AS hotScore,
        DATE_FORMAT(w.created_at, '%Y-%m-%d %H:%i:%s') AS publishTime
    FROM poetry_work w
    JOIN matched_work mw ON mw.work_id = w.work_id
    LEFT JOIN (
        SELECT work_id, COUNT(*) AS relation_count
        FROM work_relation
        GROUP BY work_id
    ) rel ON rel.work_id = w.work_id
    LEFT JOIN (
        SELECT work_id, COUNT(*) AS tag_count
        FROM work_tag
        GROUP BY work_id
    ) meta ON meta.work_id = w.work_id
)
SELECT
    wm.workId,
    wm.title,
    wm.authorName,
    wm.dynastyName,
    wm.contentPreview,
    (
        SELECT GROUP_CONCAT(t.tag_name ORDER BY t.tag_name SEPARATOR ',')
        FROM work_tag wt2
        JOIN tag t ON t.tag_id = wt2.tag_id
        WHERE wt2.work_id = wm.workId
          AND wt2.tag_id IN (?)
    ) AS matchedTags,
    wm.hotScore,
    wm.publishTime
FROM work_meta wm
ORDER BY wm.hotScore DESC, wm.workId DESC
LIMIT ? OFFSET ?
]
2026-04-21T19:49:59.048+08:00 DEBUG 21432 --- [nio-8080-exec-5] o.s.jdbc.core.JdbcTemplate               : Executing prepared SQL statement [WITH matched_work AS (
    SELECT wt.work_id
    FROM work_tag wt
    WHERE wt.tag_id IN (?)
    GROUP BY wt.work_id
    HAVING COUNT(DISTINCT wt.tag_id) = ?
),
work_meta AS (
    SELECT
        w.work_id AS workId,
        w.title,
        w.author_name_cache AS authorName,
        w.dynasty_name AS dynastyName,
        LEFT(w.content_text, 120) AS contentPreview,
        ROUND(
            (CASE WHEN w.translation_text IS NOT NULL AND w.translation_text <> '' THEN 30 ELSE 0 END) +
            (CASE WHEN w.annotation_text IS NOT NULL AND w.annotation_text <> '' THEN 25 ELSE 0 END) +
            (CASE WHEN w.appreciation_text IS NOT NULL AND w.appreciation_text <> '' THEN 20 ELSE 0 END) +
            (CASE WHEN w.char_count BETWEEN 12 AND 220 THEN 10 ELSE 0 END) +
            COALESCE(rel.relation_count, 0) * 0.05 +
            COALESCE(meta.tag_count, 0) * 0.20,
            2
        ) AS hotScore,
        DATE_FORMAT(w.created_at, '%Y-%m-%d %H:%i:%s') AS publishTime
    FROM poetry_work w
    JOIN matched_work mw ON mw.work_id = w.work_id
    LEFT JOIN (
        SELECT work_id, COUNT(*) AS relation_count
        FROM work_relation
        GROUP BY work_id
    ) rel ON rel.work_id = w.work_id
    LEFT JOIN (
        SELECT work_id, COUNT(*) AS tag_count
        FROM work_tag
        GROUP BY work_id
    ) meta ON meta.work_id = w.work_id
)
SELECT
    wm.workId,
    wm.title,
    wm.authorName,
    wm.dynastyName,
    wm.contentPreview,
    (
        SELECT GROUP_CONCAT(t.tag_name ORDER BY t.tag_name SEPARATOR ',')
        FROM work_tag wt2
        JOIN tag t ON t.tag_id = wt2.tag_id
        WHERE wt2.work_id = wm.workId
          AND wt2.tag_id IN (?)
    ) AS matchedTags,
    wm.hotScore,
    wm.publishTime
FROM work_meta wm
ORDER BY wm.hotScore DESC, wm.workId DESC
LIMIT ? OFFSET ?
]
2026-04-21T19:50:04.563+08:00 DEBUG 21432 --- [nio-8080-exec-5] m.m.a.RequestResponseBodyMethodProcessor : Using 'application/json', given [*/*] and supported [application/json, application/*+json]
2026-04-21T19:50:04.565+08:00 DEBUG 21432 --- [nio-8080-exec-5] m.m.a.RequestResponseBodyMethodProcessor : Writing [PoemTagSearchResponse[selectedTagIds=[15], sort=hot, total=96521, items=[PoemSearchItemDto[workId=21 (truncated)...]
2026-04-21T19:50:04.565+08:00 DEBUG 21432 --- [nio-8080-exec-3] m.m.a.RequestResponseBodyMethodProcessor : Using 'application/json', given [*/*] and supported [application/json, application/*+json]
2026-04-21T19:50:04.566+08:00 DEBUG 21432 --- [io-8080-exec-10] m.m.a.RequestResponseBodyMethodProcessor : Using 'application/json', given [*/*] and supported [application/json, application/*+json]
2026-04-21T19:50:04.566+08:00 DEBUG 21432 --- [nio-8080-exec-3] m.m.a.RequestResponseBodyMethodProcessor : Writing [PoemTagSearchResponse[selectedTagIds=[15], sort=hot, total=96521, items=[PoemSearchItemDto[workId=21 (truncated)...]
2026-04-21T19:50:04.566+08:00 DEBUG 21432 --- [nio-8080-exec-5] o.s.web.servlet.DispatcherServlet        : Completed 200 OK
2026-04-21T19:50:04.566+08:00 DEBUG 21432 --- [io-8080-exec-10] m.m.a.RequestResponseBodyMethodProcessor : Writing [PoemTagSearchResponse[selectedTagIds=[15], sort=hot, total=96521, items=[PoemSearchItemDto[workId=21 (truncated)...]
2026-04-21T19:50:04.567+08:00 DEBUG 21432 --- [nio-8080-exec-3] o.s.web.servlet.DispatcherServlet        : Completed 200 OK
2026-04-21T19:50:04.567+08:00 DEBUG 21432 --- [io-8080-exec-10] o.s.web.servlet.DispatcherServlet        : Completed 200 OK
2026-04-21T19:50:13.411+08:00 DEBUG 21432 --- [nio-8080-exec-4] o.s.web.servlet.DispatcherServlet        : GET "/api/tags/hot?limit=20", parameters={masked}
2026-04-21T19:50:13.412+08:00 DEBUG 21432 --- [nio-8080-exec-4] s.w.s.m.m.a.RequestMappingHandlerMapping : Mapped to com.example.poetry.backend.controller.TagSearchController#getHotTags(int)
2026-04-21T19:50:13.413+08:00 DEBUG 21432 --- [nio-8080-exec-4] o.s.jdbc.core.JdbcTemplate               : Executing prepared SQL query
2026-04-21T19:50:13.413+08:00 DEBUG 21432 --- [nio-8080-exec-4] o.s.jdbc.core.JdbcTemplate               : Executing prepared SQL statement [SELECT
    t.tag_id AS tagId,
    t.tag_name AS tagName,
    t.tag_type AS tagType,
    COUNT(wt.work_id) AS workCount
FROM tag t
LEFT JOIN work_tag wt ON wt.tag_id = t.tag_id
GROUP BY t.tag_id, t.tag_name, t.tag_type
ORDER BY workCount DESC, t.tag_id ASC
LIMIT ?
]
2026-04-21T19:50:15.569+08:00 DEBUG 21432 --- [nio-8080-exec-4] m.m.a.RequestResponseBodyMethodProcessor : Using 'application/json', given [*/*] and supported [application/json, application/*+json]
2026-04-21T19:50:15.570+08:00 DEBUG 21432 --- [nio-8080-exec-4] m.m.a.RequestResponseBodyMethodProcessor : Writing [[TagDto[tagId=15, tagName=写景, tagType=theme, workCount=96521], TagDto[tagId=6, tagName=山水, tagType=s (truncated)...]
2026-04-21T19:50:15.571+08:00 DEBUG 21432 --- [nio-8080-exec-4] o.s.web.servlet.DispatcherServlet        : Completed 200 OK
2026-04-21T19:50:15.863+08:00 DEBUG 21432 --- [nio-8080-exec-8] o.s.web.servlet.DispatcherServlet        : GET "/api/poems/search/by-tags?tagIds=15%2C6&sort=hot&page=1&pageSize=20", parameters={masked}
2026-04-21T19:50:15.865+08:00 DEBUG 21432 --- [nio-8080-exec-8] s.w.s.m.m.a.RequestMappingHandlerMapping : Mapped to com.example.poetry.backend.controller.TagSearchController#searchByTags(String, String, int, int)
2026-04-21T19:50:15.867+08:00 DEBUG 21432 --- [nio-8080-exec-8] o.s.jdbc.core.JdbcTemplate               : Executing prepared SQL query
2026-04-21T19:50:15.867+08:00 DEBUG 21432 --- [nio-8080-exec-8] o.s.jdbc.core.JdbcTemplate               : Executing prepared SQL statement [SELECT COUNT(*) FROM (
    SELECT w.work_id
    FROM poetry_work w
    JOIN work_tag wt ON wt.work_id = w.work_id
    WHERE wt.tag_id IN (?, ?)
    GROUP BY w.work_id
    HAVING COUNT(DISTINCT wt.tag_id) = ?
) result_count
]
2026-04-21T19:50:16.477+08:00 DEBUG 21432 --- [nio-8080-exec-1] o.s.web.servlet.DispatcherServlet        : GET "/api/poems/search/by-tags?tagIds=6&sort=hot&page=1&pageSize=20", parameters={masked}
2026-04-21T19:50:16.478+08:00 DEBUG 21432 --- [nio-8080-exec-1] s.w.s.m.m.a.RequestMappingHandlerMapping : Mapped to com.example.poetry.backend.controller.TagSearchController#searchByTags(String, String, int, int)
2026-04-21T19:50:16.482+08:00 DEBUG 21432 --- [nio-8080-exec-1] o.s.jdbc.core.JdbcTemplate               : Executing prepared SQL query
2026-04-21T19:50:16.482+08:00 DEBUG 21432 --- [nio-8080-exec-1] o.s.jdbc.core.JdbcTemplate               : Executing prepared SQL statement [SELECT COUNT(*) FROM (
    SELECT w.work_id
    FROM poetry_work w
    JOIN work_tag wt ON wt.work_id = w.work_id
    WHERE wt.tag_id IN (?)
    GROUP BY w.work_id
    HAVING COUNT(DISTINCT wt.tag_id) = ?
) result_count
]
2026-04-21T19:50:17.697+08:00 DEBUG 21432 --- [nio-8080-exec-8] o.s.jdbc.core.JdbcTemplate               : Executing prepared SQL query
2026-04-21T19:50:17.697+08:00 DEBUG 21432 --- [nio-8080-exec-8] o.s.jdbc.core.JdbcTemplate               : Executing prepared SQL statement [WITH matched_work AS (
    SELECT wt.work_id
    FROM work_tag wt
    WHERE wt.tag_id IN (?, ?)
    GROUP BY wt.work_id
    HAVING COUNT(DISTINCT wt.tag_id) = ?
),
work_meta AS (
    SELECT
        w.work_id AS workId,
        w.title,
        w.author_name_cache AS authorName,
        w.dynasty_name AS dynastyName,
        LEFT(w.content_text, 120) AS contentPreview,
        ROUND(
            (CASE WHEN w.translation_text IS NOT NULL AND w.translation_text <> '' THEN 30 ELSE 0 END) +
            (CASE WHEN w.annotation_text IS NOT NULL AND w.annotation_text <> '' THEN 25 ELSE 0 END) +
            (CASE WHEN w.appreciation_text IS NOT NULL AND w.appreciation_text <> '' THEN 20 ELSE 0 END) +
            (CASE WHEN w.char_count BETWEEN 12 AND 220 THEN 10 ELSE 0 END) +
            COALESCE(rel.relation_count, 0) * 0.05 +
            COALESCE(meta.tag_count, 0) * 0.20,
            2
        ) AS hotScore,
        DATE_FORMAT(w.created_at, '%Y-%m-%d %H:%i:%s') AS publishTime
    FROM poetry_work w
    JOIN matched_work mw ON mw.work_id = w.work_id
    LEFT JOIN (
        SELECT work_id, COUNT(*) AS relation_count
        FROM work_relation
        GROUP BY work_id
    ) rel ON rel.work_id = w.work_id
    LEFT JOIN (
        SELECT work_id, COUNT(*) AS tag_count
        FROM work_tag
        GROUP BY work_id
    ) meta ON meta.work_id = w.work_id
)
SELECT
    wm.workId,
    wm.title,
    wm.authorName,
    wm.dynastyName,
    wm.contentPreview,
    (
        SELECT GROUP_CONCAT(t.tag_name ORDER BY t.tag_name SEPARATOR ',')
        FROM work_tag wt2
        JOIN tag t ON t.tag_id = wt2.tag_id
        WHERE wt2.work_id = wm.workId
          AND wt2.tag_id IN (?, ?)
    ) AS matchedTags,
    wm.hotScore,
    wm.publishTime
FROM work_meta wm
ORDER BY wm.hotScore DESC, wm.workId DESC
LIMIT ? OFFSET ?
]
2026-04-21T19:50:17.866+08:00 DEBUG 21432 --- [nio-8080-exec-1] o.s.jdbc.core.JdbcTemplate               : Executing prepared SQL query
2026-04-21T19:50:17.866+08:00 DEBUG 21432 --- [nio-8080-exec-1] o.s.jdbc.core.JdbcTemplate               : Executing prepared SQL statement [WITH matched_work AS (
    SELECT wt.work_id
    FROM work_tag wt
    WHERE wt.tag_id IN (?)
    GROUP BY wt.work_id
    HAVING COUNT(DISTINCT wt.tag_id) = ?
),
work_meta AS (
    SELECT
        w.work_id AS workId,
        w.title,
        w.author_name_cache AS authorName,
        w.dynasty_name AS dynastyName,
        LEFT(w.content_text, 120) AS contentPreview,
        ROUND(
            (CASE WHEN w.translation_text IS NOT NULL AND w.translation_text <> '' THEN 30 ELSE 0 END) +
            (CASE WHEN w.annotation_text IS NOT NULL AND w.annotation_text <> '' THEN 25 ELSE 0 END) +
            (CASE WHEN w.appreciation_text IS NOT NULL AND w.appreciation_text <> '' THEN 20 ELSE 0 END) +
            (CASE WHEN w.char_count BETWEEN 12 AND 220 THEN 10 ELSE 0 END) +
            COALESCE(rel.relation_count, 0) * 0.05 +
            COALESCE(meta.tag_count, 0) * 0.20,
            2
        ) AS hotScore,
        DATE_FORMAT(w.created_at, '%Y-%m-%d %H:%i:%s') AS publishTime
    FROM poetry_work w
    JOIN matched_work mw ON mw.work_id = w.work_id
    LEFT JOIN (
        SELECT work_id, COUNT(*) AS relation_count
        FROM work_relation
        GROUP BY work_id
    ) rel ON rel.work_id = w.work_id
    LEFT JOIN (
        SELECT work_id, COUNT(*) AS tag_count
        FROM work_tag
        GROUP BY work_id
    ) meta ON meta.work_id = w.work_id
)
SELECT
    wm.workId,
    wm.title,
    wm.authorName,
    wm.dynastyName,
    wm.contentPreview,
    (
        SELECT GROUP_CONCAT(t.tag_name ORDER BY t.tag_name SEPARATOR ',')
        FROM work_tag wt2
        JOIN tag t ON t.tag_id = wt2.tag_id
        WHERE wt2.work_id = wm.workId
          AND wt2.tag_id IN (?)
    ) AS matchedTags,
    wm.hotScore,
    wm.publishTime
FROM work_meta wm
ORDER BY wm.hotScore DESC, wm.workId DESC
LIMIT ? OFFSET ?
]
2026-04-21T19:50:18.509+08:00 DEBUG 21432 --- [nio-8080-exec-9] o.s.web.servlet.DispatcherServlet        : GET "/api/poems/search/by-tags?tagIds=6%2C1&sort=hot&page=1&pageSize=20", parameters={masked}
2026-04-21T19:50:18.510+08:00 DEBUG 21432 --- [nio-8080-exec-9] s.w.s.m.m.a.RequestMappingHandlerMapping : Mapped to com.example.poetry.backend.controller.TagSearchController#searchByTags(String, String, int, int)
2026-04-21T19:50:18.511+08:00 DEBUG 21432 --- [nio-8080-exec-9] o.s.jdbc.core.JdbcTemplate               : Executing prepared SQL query
2026-04-21T19:50:18.512+08:00 DEBUG 21432 --- [nio-8080-exec-9] o.s.jdbc.core.JdbcTemplate               : Executing prepared SQL statement [SELECT COUNT(*) FROM (
    SELECT w.work_id
    FROM poetry_work w
    JOIN work_tag wt ON wt.work_id = w.work_id
    WHERE wt.tag_id IN (?, ?)
    GROUP BY w.work_id
    HAVING COUNT(DISTINCT wt.tag_id) = ?
) result_count
]
2026-04-21T19:50:20.059+08:00 DEBUG 21432 --- [nio-8080-exec-9] o.s.jdbc.core.JdbcTemplate               : Executing prepared SQL query
2026-04-21T19:50:20.059+08:00 DEBUG 21432 --- [nio-8080-exec-9] o.s.jdbc.core.JdbcTemplate               : Executing prepared SQL statement [WITH matched_work AS (
    SELECT wt.work_id
    FROM work_tag wt
    WHERE wt.tag_id IN (?, ?)
    GROUP BY wt.work_id
    HAVING COUNT(DISTINCT wt.tag_id) = ?
),
work_meta AS (
    SELECT
        w.work_id AS workId,
        w.title,
        w.author_name_cache AS authorName,
        w.dynasty_name AS dynastyName,
        LEFT(w.content_text, 120) AS contentPreview,
        ROUND(
            (CASE WHEN w.translation_text IS NOT NULL AND w.translation_text <> '' THEN 30 ELSE 0 END) +
            (CASE WHEN w.annotation_text IS NOT NULL AND w.annotation_text <> '' THEN 25 ELSE 0 END) +
            (CASE WHEN w.appreciation_text IS NOT NULL AND w.appreciation_text <> '' THEN 20 ELSE 0 END) +
            (CASE WHEN w.char_count BETWEEN 12 AND 220 THEN 10 ELSE 0 END) +
            COALESCE(rel.relation_count, 0) * 0.05 +
            COALESCE(meta.tag_count, 0) * 0.20,
            2
        ) AS hotScore,
        DATE_FORMAT(w.created_at, '%Y-%m-%d %H:%i:%s') AS publishTime
    FROM poetry_work w
    JOIN matched_work mw ON mw.work_id = w.work_id
    LEFT JOIN (
        SELECT work_id, COUNT(*) AS relation_count
        FROM work_relation
        GROUP BY work_id
    ) rel ON rel.work_id = w.work_id
    LEFT JOIN (
        SELECT work_id, COUNT(*) AS tag_count
        FROM work_tag
        GROUP BY work_id
    ) meta ON meta.work_id = w.work_id
)
SELECT
    wm.workId,
    wm.title,
    wm.authorName,
    wm.dynastyName,
    wm.contentPreview,
    (
        SELECT GROUP_CONCAT(t.tag_name ORDER BY t.tag_name SEPARATOR ',')
        FROM work_tag wt2
        JOIN tag t ON t.tag_id = wt2.tag_id
        WHERE wt2.work_id = wm.workId
          AND wt2.tag_id IN (?, ?)
    ) AS matchedTags,
    wm.hotScore,
    wm.publishTime
FROM work_meta wm
ORDER BY wm.hotScore DESC, wm.workId DESC
LIMIT ? OFFSET ?
]
2026-04-21T19:50:20.497+08:00 DEBUG 21432 --- [nio-8080-exec-7] o.s.web.servlet.DispatcherServlet        : GET "/api/poems/search/by-tags?tagIds=1&sort=hot&page=1&pageSize=20", parameters={masked}
2026-04-21T19:50:20.498+08:00 DEBUG 21432 --- [nio-8080-exec-7] s.w.s.m.m.a.RequestMappingHandlerMapping : Mapped to com.example.poetry.backend.controller.TagSearchController#searchByTags(String, String, int, int)
2026-04-21T19:50:20.499+08:00 DEBUG 21432 --- [nio-8080-exec-7] o.s.jdbc.core.JdbcTemplate               : Executing prepared SQL query
2026-04-21T19:50:20.500+08:00 DEBUG 21432 --- [nio-8080-exec-7] o.s.jdbc.core.JdbcTemplate               : Executing prepared SQL statement [SELECT COUNT(*) FROM (
    SELECT w.work_id
    FROM poetry_work w
    JOIN work_tag wt ON wt.work_id = w.work_id
    WHERE wt.tag_id IN (?)
    GROUP BY w.work_id
    HAVING COUNT(DISTINCT wt.tag_id) = ?
) result_count
]
2026-04-21T19:50:21.144+08:00 DEBUG 21432 --- [nio-8080-exec-6] o.s.web.servlet.DispatcherServlet        : GET "/api/poems/search/by-tags?tagIds=1%2C6&sort=hot&page=1&pageSize=20", parameters={masked}
2026-04-21T19:50:21.144+08:00 DEBUG 21432 --- [nio-8080-exec-6] s.w.s.m.m.a.RequestMappingHandlerMapping : Mapped to com.example.poetry.backend.controller.TagSearchController#searchByTags(String, String, int, int)
2026-04-21T19:50:21.146+08:00 DEBUG 21432 --- [nio-8080-exec-6] o.s.jdbc.core.JdbcTemplate               : Executing prepared SQL query
2026-04-21T19:50:21.147+08:00 DEBUG 21432 --- [nio-8080-exec-6] o.s.jdbc.core.JdbcTemplate               : Executing prepared SQL statement [SELECT COUNT(*) FROM (
    SELECT w.work_id
    FROM poetry_work w
    JOIN work_tag wt ON wt.work_id = w.work_id
    WHERE wt.tag_id IN (?, ?)
    GROUP BY w.work_id
    HAVING COUNT(DISTINCT wt.tag_id) = ?
) result_count
]
2026-04-21T19:50:21.639+08:00 DEBUG 21432 --- [nio-8080-exec-7] o.s.jdbc.core.JdbcTemplate               : Executing prepared SQL query
2026-04-21T19:50:21.639+08:00 DEBUG 21432 --- [nio-8080-exec-7] o.s.jdbc.core.JdbcTemplate               : Executing prepared SQL statement [WITH matched_work AS (
    SELECT wt.work_id
    FROM work_tag wt
    WHERE wt.tag_id IN (?)
    GROUP BY wt.work_id
    HAVING COUNT(DISTINCT wt.tag_id) = ?
),
work_meta AS (
    SELECT
        w.work_id AS workId,
        w.title,
        w.author_name_cache AS authorName,
        w.dynasty_name AS dynastyName,
        LEFT(w.content_text, 120) AS contentPreview,
        ROUND(
            (CASE WHEN w.translation_text IS NOT NULL AND w.translation_text <> '' THEN 30 ELSE 0 END) +
            (CASE WHEN w.annotation_text IS NOT NULL AND w.annotation_text <> '' THEN 25 ELSE 0 END) +
            (CASE WHEN w.appreciation_text IS NOT NULL AND w.appreciation_text <> '' THEN 20 ELSE 0 END) +
            (CASE WHEN w.char_count BETWEEN 12 AND 220 THEN 10 ELSE 0 END) +
            COALESCE(rel.relation_count, 0) * 0.05 +
            COALESCE(meta.tag_count, 0) * 0.20,
            2
        ) AS hotScore,
        DATE_FORMAT(w.created_at, '%Y-%m-%d %H:%i:%s') AS publishTime
    FROM poetry_work w
    JOIN matched_work mw ON mw.work_id = w.work_id
    LEFT JOIN (
        SELECT work_id, COUNT(*) AS relation_count
        FROM work_relation
        GROUP BY work_id
    ) rel ON rel.work_id = w.work_id
    LEFT JOIN (
        SELECT work_id, COUNT(*) AS tag_count
        FROM work_tag
        GROUP BY work_id
    ) meta ON meta.work_id = w.work_id
)
SELECT
    wm.workId,
    wm.title,
    wm.authorName,
    wm.dynastyName,
    wm.contentPreview,
    (
        SELECT GROUP_CONCAT(t.tag_name ORDER BY t.tag_name SEPARATOR ',')
        FROM work_tag wt2
        JOIN tag t ON t.tag_id = wt2.tag_id
        WHERE wt2.work_id = wm.workId
          AND wt2.tag_id IN (?)
    ) AS matchedTags,
    wm.hotScore,
    wm.publishTime
FROM work_meta wm
ORDER BY wm.hotScore DESC, wm.workId DESC
LIMIT ? OFFSET ?
]
2026-04-21T19:50:22.703+08:00 DEBUG 21432 --- [nio-8080-exec-6] o.s.jdbc.core.JdbcTemplate               : Executing prepared SQL query
2026-04-21T19:50:22.704+08:00 DEBUG 21432 --- [nio-8080-exec-6] o.s.jdbc.core.JdbcTemplate               : Executing prepared SQL statement [WITH matched_work AS (
    SELECT wt.work_id
    FROM work_tag wt
    WHERE wt.tag_id IN (?, ?)
    GROUP BY wt.work_id
    HAVING COUNT(DISTINCT wt.tag_id) = ?
),
work_meta AS (
    SELECT
        w.work_id AS workId,
        w.title,
        w.author_name_cache AS authorName,
        w.dynasty_name AS dynastyName,
        LEFT(w.content_text, 120) AS contentPreview,
        ROUND(
            (CASE WHEN w.translation_text IS NOT NULL AND w.translation_text <> '' THEN 30 ELSE 0 END) +
            (CASE WHEN w.annotation_text IS NOT NULL AND w.annotation_text <> '' THEN 25 ELSE 0 END) +
            (CASE WHEN w.appreciation_text IS NOT NULL AND w.appreciation_text <> '' THEN 20 ELSE 0 END) +
            (CASE WHEN w.char_count BETWEEN 12 AND 220 THEN 10 ELSE 0 END) +
            COALESCE(rel.relation_count, 0) * 0.05 +
            COALESCE(meta.tag_count, 0) * 0.20,
            2
        ) AS hotScore,
        DATE_FORMAT(w.created_at, '%Y-%m-%d %H:%i:%s') AS publishTime
    FROM poetry_work w
    JOIN matched_work mw ON mw.work_id = w.work_id
    LEFT JOIN (
        SELECT work_id, COUNT(*) AS relation_count
        FROM work_relation
        GROUP BY work_id
    ) rel ON rel.work_id = w.work_id
    LEFT JOIN (
        SELECT work_id, COUNT(*) AS tag_count
        FROM work_tag
        GROUP BY work_id
    ) meta ON meta.work_id = w.work_id
)
SELECT
    wm.workId,
    wm.title,
    wm.authorName,
    wm.dynastyName,
    wm.contentPreview,
    (
        SELECT GROUP_CONCAT(t.tag_name ORDER BY t.tag_name SEPARATOR ',')
        FROM work_tag wt2
        JOIN tag t ON t.tag_id = wt2.tag_id
        WHERE wt2.work_id = wm.workId
          AND wt2.tag_id IN (?, ?)
    ) AS matchedTags,
    wm.hotScore,
    wm.publishTime
FROM work_meta wm
ORDER BY wm.hotScore DESC, wm.workId DESC
LIMIT ? OFFSET ?
]
2026-04-21T19:50:22.723+08:00 DEBUG 21432 --- [nio-8080-exec-1] m.m.a.RequestResponseBodyMethodProcessor : Using 'application/json', given [*/*] and supported [application/json, application/*+json]
2026-04-21T19:50:22.725+08:00 DEBUG 21432 --- [nio-8080-exec-1] m.m.a.RequestResponseBodyMethodProcessor : Writing [PoemTagSearchResponse[selectedTagIds=[6], sort=hot, total=68980, items=[PoemSearchItemDto[workId=215 (truncated)...]
2026-04-21T19:50:22.727+08:00 DEBUG 21432 --- [nio-8080-exec-1] o.s.web.servlet.DispatcherServlet        : Completed 200 OK
2026-04-21T19:50:22.731+08:00 DEBUG 21432 --- [nio-8080-exec-2] o.s.web.servlet.DispatcherServlet        : GET "/api/poems/search/by-tags?tagIds=1&sort=hot&page=1&pageSize=20", parameters={masked}
2026-04-21T19:50:22.731+08:00 DEBUG 21432 --- [nio-8080-exec-2] s.w.s.m.m.a.RequestMappingHandlerMapping : Mapped to com.example.poetry.backend.controller.TagSearchController#searchByTags(String, String, int, int)
2026-04-21T19:50:22.732+08:00 DEBUG 21432 --- [nio-8080-exec-2] o.s.jdbc.core.JdbcTemplate               : Executing prepared SQL query
2026-04-21T19:50:22.733+08:00 DEBUG 21432 --- [nio-8080-exec-2] o.s.jdbc.core.JdbcTemplate               : Executing prepared SQL statement [SELECT COUNT(*) FROM (
    SELECT w.work_id
    FROM poetry_work w
    JOIN work_tag wt ON wt.work_id = w.work_id
    WHERE wt.tag_id IN (?)
    GROUP BY w.work_id
    HAVING COUNT(DISTINCT wt.tag_id) = ?
) result_count
]
2026-04-21T19:50:23.494+08:00 DEBUG 21432 --- [nio-8080-exec-8] m.m.a.RequestResponseBodyMethodProcessor : Using 'application/json', given [*/*] and supported [application/json, application/*+json]
2026-04-21T19:50:23.496+08:00 DEBUG 21432 --- [nio-8080-exec-8] m.m.a.RequestResponseBodyMethodProcessor : Writing [PoemTagSearchResponse[selectedTagIds=[15, 6], sort=hot, total=66482, items=[PoemSearchItemDto[workId (truncated)...]
2026-04-21T19:50:23.497+08:00 DEBUG 21432 --- [nio-8080-exec-8] o.s.web.servlet.DispatcherServlet        : Completed 200 OK
2026-04-21T19:50:23.788+08:00 DEBUG 21432 --- [nio-8080-exec-5] o.s.web.servlet.DispatcherServlet        : GET "/api/poems/search/by-tags?tagIds=15&sort=hot&page=1&pageSize=20", parameters={masked}
2026-04-21T19:50:23.789+08:00 DEBUG 21432 --- [nio-8080-exec-5] s.w.s.m.m.a.RequestMappingHandlerMapping : Mapped to com.example.poetry.backend.controller.TagSearchController#searchByTags(String, String, int, int)
2026-04-21T19:50:23.791+08:00 DEBUG 21432 --- [nio-8080-exec-5] o.s.jdbc.core.JdbcTemplate               : Executing prepared SQL query
2026-04-21T19:50:23.792+08:00 DEBUG 21432 --- [nio-8080-exec-5] o.s.jdbc.core.JdbcTemplate               : Executing prepared SQL statement [SELECT COUNT(*) FROM (
    SELECT w.work_id
    FROM poetry_work w
    JOIN work_tag wt ON wt.work_id = w.work_id
    WHERE wt.tag_id IN (?)
    GROUP BY w.work_id
    HAVING COUNT(DISTINCT wt.tag_id) = ?
) result_count
]
2026-04-21T19:50:23.872+08:00 DEBUG 21432 --- [nio-8080-exec-9] m.m.a.RequestResponseBodyMethodProcessor : Using 'application/json', given [*/*] and supported [application/json, application/*+json]
2026-04-21T19:50:23.873+08:00 DEBUG 21432 --- [nio-8080-exec-9] m.m.a.RequestResponseBodyMethodProcessor : Writing [PoemTagSearchResponse[selectedTagIds=[6, 1], sort=hot, total=21196, items=[PoemSearchItemDto[workId= (truncated)...]
2026-04-21T19:50:23.874+08:00 DEBUG 21432 --- [nio-8080-exec-9] o.s.web.servlet.DispatcherServlet        : Completed 200 OK
2026-04-21T19:50:24.062+08:00 DEBUG 21432 --- [nio-8080-exec-2] o.s.jdbc.core.JdbcTemplate               : Executing prepared SQL query
2026-04-21T19:50:24.063+08:00 DEBUG 21432 --- [nio-8080-exec-2] o.s.jdbc.core.JdbcTemplate               : Executing prepared SQL statement [WITH matched_work AS (
    SELECT wt.work_id
    FROM work_tag wt
    WHERE wt.tag_id IN (?)
    GROUP BY wt.work_id
    HAVING COUNT(DISTINCT wt.tag_id) = ?
),
work_meta AS (
    SELECT
        w.work_id AS workId,
        w.title,
        w.author_name_cache AS authorName,
        w.dynasty_name AS dynastyName,
        LEFT(w.content_text, 120) AS contentPreview,
        ROUND(
            (CASE WHEN w.translation_text IS NOT NULL AND w.translation_text <> '' THEN 30 ELSE 0 END) +
            (CASE WHEN w.annotation_text IS NOT NULL AND w.annotation_text <> '' THEN 25 ELSE 0 END) +
            (CASE WHEN w.appreciation_text IS NOT NULL AND w.appreciation_text <> '' THEN 20 ELSE 0 END) +
            (CASE WHEN w.char_count BETWEEN 12 AND 220 THEN 10 ELSE 0 END) +
            COALESCE(rel.relation_count, 0) * 0.05 +
            COALESCE(meta.tag_count, 0) * 0.20,
            2
        ) AS hotScore,
        DATE_FORMAT(w.created_at, '%Y-%m-%d %H:%i:%s') AS publishTime
    FROM poetry_work w
    JOIN matched_work mw ON mw.work_id = w.work_id
    LEFT JOIN (
        SELECT work_id, COUNT(*) AS relation_count
        FROM work_relation
        GROUP BY work_id
    ) rel ON rel.work_id = w.work_id
    LEFT JOIN (
        SELECT work_id, COUNT(*) AS tag_count
        FROM work_tag
        GROUP BY work_id
    ) meta ON meta.work_id = w.work_id
)
SELECT
    wm.workId,
    wm.title,
    wm.authorName,
    wm.dynastyName,
    wm.contentPreview,
    (
        SELECT GROUP_CONCAT(t.tag_name ORDER BY t.tag_name SEPARATOR ',')
        FROM work_tag wt2
        JOIN tag t ON t.tag_id = wt2.tag_id
        WHERE wt2.work_id = wm.workId
          AND wt2.tag_id IN (?)
    ) AS matchedTags,
    wm.hotScore,
    wm.publishTime
FROM work_meta wm
ORDER BY wm.hotScore DESC, wm.workId DESC
LIMIT ? OFFSET ?
]
2026-04-21T19:50:24.954+08:00 DEBUG 21432 --- [nio-8080-exec-3] o.s.web.servlet.DispatcherServlet        : GET "/api/poems/search/by-tags?tagIds=1&sort=hot&page=1&pageSize=20", parameters={masked}
2026-04-21T19:50:24.955+08:00 DEBUG 21432 --- [nio-8080-exec-3] s.w.s.m.m.a.RequestMappingHandlerMapping : Mapped to com.example.poetry.backend.controller.TagSearchController#searchByTags(String, String, int, int)
2026-04-21T19:50:24.957+08:00 DEBUG 21432 --- [nio-8080-exec-3] o.s.jdbc.core.JdbcTemplate               : Executing prepared SQL query
2026-04-21T19:50:24.957+08:00 DEBUG 21432 --- [nio-8080-exec-3] o.s.jdbc.core.JdbcTemplate               : Executing prepared SQL statement [SELECT COUNT(*) FROM (
    SELECT w.work_id
    FROM poetry_work w
    JOIN work_tag wt ON wt.work_id = w.work_id
    WHERE wt.tag_id IN (?)
    GROUP BY w.work_id
    HAVING COUNT(DISTINCT wt.tag_id) = ?
) result_count
]
2026-04-21T19:50:25.178+08:00 DEBUG 21432 --- [nio-8080-exec-5] o.s.jdbc.core.JdbcTemplate               : Executing prepared SQL query
2026-04-21T19:50:25.180+08:00 DEBUG 21432 --- [nio-8080-exec-5] o.s.jdbc.core.JdbcTemplate               : Executing prepared SQL statement [WITH matched_work AS (
    SELECT wt.work_id
    FROM work_tag wt
    WHERE wt.tag_id IN (?)
    GROUP BY wt.work_id
    HAVING COUNT(DISTINCT wt.tag_id) = ?
),
work_meta AS (
    SELECT
        w.work_id AS workId,
        w.title,
        w.author_name_cache AS authorName,
        w.dynasty_name AS dynastyName,
        LEFT(w.content_text, 120) AS contentPreview,
        ROUND(
            (CASE WHEN w.translation_text IS NOT NULL AND w.translation_text <> '' THEN 30 ELSE 0 END) +
            (CASE WHEN w.annotation_text IS NOT NULL AND w.annotation_text <> '' THEN 25 ELSE 0 END) +
            (CASE WHEN w.appreciation_text IS NOT NULL AND w.appreciation_text <> '' THEN 20 ELSE 0 END) +
            (CASE WHEN w.char_count BETWEEN 12 AND 220 THEN 10 ELSE 0 END) +
            COALESCE(rel.relation_count, 0) * 0.05 +
            COALESCE(meta.tag_count, 0) * 0.20,
            2
        ) AS hotScore,
        DATE_FORMAT(w.created_at, '%Y-%m-%d %H:%i:%s') AS publishTime
    FROM poetry_work w
    JOIN matched_work mw ON mw.work_id = w.work_id
    LEFT JOIN (
        SELECT work_id, COUNT(*) AS relation_count
        FROM work_relation
        GROUP BY work_id
    ) rel ON rel.work_id = w.work_id
    LEFT JOIN (
        SELECT work_id, COUNT(*) AS tag_count
        FROM work_tag
        GROUP BY work_id
    ) meta ON meta.work_id = w.work_id
)
SELECT
    wm.workId,
    wm.title,
    wm.authorName,
    wm.dynastyName,
    wm.contentPreview,
    (
        SELECT GROUP_CONCAT(t.tag_name ORDER BY t.tag_name SEPARATOR ',')
        FROM work_tag wt2
        JOIN tag t ON t.tag_id = wt2.tag_id
        WHERE wt2.work_id = wm.workId
          AND wt2.tag_id IN (?)
    ) AS matchedTags,
    wm.hotScore,
    wm.publishTime
FROM work_meta wm
ORDER BY wm.hotScore DESC, wm.workId DESC
LIMIT ? OFFSET ?
]
2026-04-21T19:50:25.270+08:00 DEBUG 21432 --- [nio-8080-exec-7] m.m.a.RequestResponseBodyMethodProcessor : Using 'application/json', given [*/*] and supported [application/json, application/*+json]
2026-04-21T19:50:25.271+08:00 DEBUG 21432 --- [nio-8080-exec-7] m.m.a.RequestResponseBodyMethodProcessor : Writing [PoemTagSearchResponse[selectedTagIds=[1], sort=hot, total=31664, items=[PoemSearchItemDto[workId=215 (truncated)...]
2026-04-21T19:50:25.272+08:00 DEBUG 21432 --- [nio-8080-exec-7] o.s.web.servlet.DispatcherServlet        : Completed 200 OK
2026-04-21T19:50:25.835+08:00 DEBUG 21432 --- [io-8080-exec-10] o.s.web.servlet.DispatcherServlet        : GET "/api/poems/search/by-tags?tagIds=1%2C6&sort=hot&page=1&pageSize=20", parameters={masked}
2026-04-21T19:50:25.835+08:00 DEBUG 21432 --- [io-8080-exec-10] s.w.s.m.m.a.RequestMappingHandlerMapping : Mapped to com.example.poetry.backend.controller.TagSearchController#searchByTags(String, String, int, int)
2026-04-21T19:50:25.836+08:00 DEBUG 21432 --- [io-8080-exec-10] o.s.jdbc.core.JdbcTemplate               : Executing prepared SQL query
2026-04-21T19:50:25.836+08:00 DEBUG 21432 --- [io-8080-exec-10] o.s.jdbc.core.JdbcTemplate               : Executing prepared SQL statement [SELECT COUNT(*) FROM (
    SELECT w.work_id
    FROM poetry_work w
    JOIN work_tag wt ON wt.work_id = w.work_id
    WHERE wt.tag_id IN (?, ?)
    GROUP BY w.work_id
    HAVING COUNT(DISTINCT wt.tag_id) = ?
) result_count
]
2026-04-21T19:50:25.838+08:00 DEBUG 21432 --- [nio-8080-exec-3] o.s.jdbc.core.JdbcTemplate               : Executing prepared SQL query
2026-04-21T19:50:25.838+08:00 DEBUG 21432 --- [nio-8080-exec-3] o.s.jdbc.core.JdbcTemplate               : Executing prepared SQL statement [WITH matched_work AS (
    SELECT wt.work_id
    FROM work_tag wt
    WHERE wt.tag_id IN (?)
    GROUP BY wt.work_id
    HAVING COUNT(DISTINCT wt.tag_id) = ?
),
work_meta AS (
    SELECT
        w.work_id AS workId,
        w.title,
        w.author_name_cache AS authorName,
        w.dynasty_name AS dynastyName,
        LEFT(w.content_text, 120) AS contentPreview,
        ROUND(
            (CASE WHEN w.translation_text IS NOT NULL AND w.translation_text <> '' THEN 30 ELSE 0 END) +
            (CASE WHEN w.annotation_text IS NOT NULL AND w.annotation_text <> '' THEN 25 ELSE 0 END) +
            (CASE WHEN w.appreciation_text IS NOT NULL AND w.appreciation_text <> '' THEN 20 ELSE 0 END) +
            (CASE WHEN w.char_count BETWEEN 12 AND 220 THEN 10 ELSE 0 END) +
            COALESCE(rel.relation_count, 0) * 0.05 +
            COALESCE(meta.tag_count, 0) * 0.20,
            2
        ) AS hotScore,
        DATE_FORMAT(w.created_at, '%Y-%m-%d %H:%i:%s') AS publishTime
    FROM poetry_work w
    JOIN matched_work mw ON mw.work_id = w.work_id
    LEFT JOIN (
        SELECT work_id, COUNT(*) AS relation_count
        FROM work_relation
        GROUP BY work_id
    ) rel ON rel.work_id = w.work_id
    LEFT JOIN (
        SELECT work_id, COUNT(*) AS tag_count
        FROM work_tag
        GROUP BY work_id
    ) meta ON meta.work_id = w.work_id
)
SELECT
    wm.workId,
    wm.title,
    wm.authorName,
    wm.dynastyName,
    wm.contentPreview,
    (
        SELECT GROUP_CONCAT(t.tag_name ORDER BY t.tag_name SEPARATOR ',')
        FROM work_tag wt2
        JOIN tag t ON t.tag_id = wt2.tag_id
        WHERE wt2.work_id = wm.workId
          AND wt2.tag_id IN (?)
    ) AS matchedTags,
    wm.hotScore,
    wm.publishTime
FROM work_meta wm
ORDER BY wm.hotScore DESC, wm.workId DESC
LIMIT ? OFFSET ?
]
2026-04-21T19:50:26.017+08:00 DEBUG 21432 --- [nio-8080-exec-6] m.m.a.RequestResponseBodyMethodProcessor : Using 'application/json', given [*/*] and supported [application/json, application/*+json]
2026-04-21T19:50:26.019+08:00 DEBUG 21432 --- [nio-8080-exec-6] m.m.a.RequestResponseBodyMethodProcessor : Writing [PoemTagSearchResponse[selectedTagIds=[1, 6], sort=hot, total=21196, items=[PoemSearchItemDto[workId= (truncated)...]
2026-04-21T19:50:26.021+08:00 DEBUG 21432 --- [nio-8080-exec-6] o.s.web.servlet.DispatcherServlet        : Completed 200 OK
2026-04-21T19:50:27.375+08:00 DEBUG 21432 --- [io-8080-exec-10] o.s.jdbc.core.JdbcTemplate               : Executing prepared SQL query
2026-04-21T19:50:27.376+08:00 DEBUG 21432 --- [io-8080-exec-10] o.s.jdbc.core.JdbcTemplate               : Executing prepared SQL statement [WITH matched_work AS (
    SELECT wt.work_id
    FROM work_tag wt
    WHERE wt.tag_id IN (?, ?)
    GROUP BY wt.work_id
    HAVING COUNT(DISTINCT wt.tag_id) = ?
),
work_meta AS (
    SELECT
        w.work_id AS workId,
        w.title,
        w.author_name_cache AS authorName,
        w.dynasty_name AS dynastyName,
        LEFT(w.content_text, 120) AS contentPreview,
        ROUND(
            (CASE WHEN w.translation_text IS NOT NULL AND w.translation_text <> '' THEN 30 ELSE 0 END) +
            (CASE WHEN w.annotation_text IS NOT NULL AND w.annotation_text <> '' THEN 25 ELSE 0 END) +
            (CASE WHEN w.appreciation_text IS NOT NULL AND w.appreciation_text <> '' THEN 20 ELSE 0 END) +
            (CASE WHEN w.char_count BETWEEN 12 AND 220 THEN 10 ELSE 0 END) +
            COALESCE(rel.relation_count, 0) * 0.05 +
            COALESCE(meta.tag_count, 0) * 0.20,
            2
        ) AS hotScore,
        DATE_FORMAT(w.created_at, '%Y-%m-%d %H:%i:%s') AS publishTime
    FROM poetry_work w
    JOIN matched_work mw ON mw.work_id = w.work_id
    LEFT JOIN (
        SELECT work_id, COUNT(*) AS relation_count
        FROM work_relation
        GROUP BY work_id
    ) rel ON rel.work_id = w.work_id
    LEFT JOIN (
        SELECT work_id, COUNT(*) AS tag_count
        FROM work_tag
        GROUP BY work_id
    ) meta ON meta.work_id = w.work_id
)
SELECT
    wm.workId,
    wm.title,
    wm.authorName,
    wm.dynastyName,
    wm.contentPreview,
    (
        SELECT GROUP_CONCAT(t.tag_name ORDER BY t.tag_name SEPARATOR ',')
        FROM work_tag wt2
        JOIN tag t ON t.tag_id = wt2.tag_id
        WHERE wt2.work_id = wm.workId
          AND wt2.tag_id IN (?, ?)
    ) AS matchedTags,
    wm.hotScore,
    wm.publishTime
FROM work_meta wm
ORDER BY wm.hotScore DESC, wm.workId DESC
LIMIT ? OFFSET ?
]
2026-04-21T19:50:27.415+08:00 DEBUG 21432 --- [nio-8080-exec-2] m.m.a.RequestResponseBodyMethodProcessor : Using 'application/json', given [*/*] and supported [application/json, application/*+json]
2026-04-21T19:50:27.416+08:00 DEBUG 21432 --- [nio-8080-exec-2] m.m.a.RequestResponseBodyMethodProcessor : Writing [PoemTagSearchResponse[selectedTagIds=[1], sort=hot, total=31664, items=[PoemSearchItemDto[workId=215 (truncated)...]
2026-04-21T19:50:27.417+08:00 DEBUG 21432 --- [nio-8080-exec-2] o.s.web.servlet.DispatcherServlet        : Completed 200 OK
2026-04-21T19:50:27.958+08:00 DEBUG 21432 --- [nio-8080-exec-4] o.s.web.servlet.DispatcherServlet        : GET "/api/poems/search/by-tags?tagIds=1%2C6&sort=hot&page=1&pageSize=20", parameters={masked}
2026-04-21T19:50:27.959+08:00 DEBUG 21432 --- [nio-8080-exec-4] s.w.s.m.m.a.RequestMappingHandlerMapping : Mapped to com.example.poetry.backend.controller.TagSearchController#searchByTags(String, String, int, int)
2026-04-21T19:50:27.961+08:00 DEBUG 21432 --- [nio-8080-exec-4] o.s.jdbc.core.JdbcTemplate               : Executing prepared SQL query
2026-04-21T19:50:27.961+08:00 DEBUG 21432 --- [nio-8080-exec-4] o.s.jdbc.core.JdbcTemplate               : Executing prepared SQL statement [SELECT COUNT(*) FROM (
    SELECT w.work_id
    FROM poetry_work w
    JOIN work_tag wt ON wt.work_id = w.work_id
    WHERE wt.tag_id IN (?, ?)
    GROUP BY w.work_id
    HAVING COUNT(DISTINCT wt.tag_id) = ?
) result_count
]
2026-04-21T19:50:29.237+08:00 DEBUG 21432 --- [nio-8080-exec-4] o.s.jdbc.core.JdbcTemplate               : Executing prepared SQL query
2026-04-21T19:50:29.237+08:00 DEBUG 21432 --- [nio-8080-exec-4] o.s.jdbc.core.JdbcTemplate               : Executing prepared SQL statement [WITH matched_work AS (
    SELECT wt.work_id
    FROM work_tag wt
    WHERE wt.tag_id IN (?, ?)
    GROUP BY wt.work_id
    HAVING COUNT(DISTINCT wt.tag_id) = ?
),
work_meta AS (
    SELECT
        w.work_id AS workId,
        w.title,
        w.author_name_cache AS authorName,
        w.dynasty_name AS dynastyName,
        LEFT(w.content_text, 120) AS contentPreview,
        ROUND(
            (CASE WHEN w.translation_text IS NOT NULL AND w.translation_text <> '' THEN 30 ELSE 0 END) +
            (CASE WHEN w.annotation_text IS NOT NULL AND w.annotation_text <> '' THEN 25 ELSE 0 END) +
            (CASE WHEN w.appreciation_text IS NOT NULL AND w.appreciation_text <> '' THEN 20 ELSE 0 END) +
            (CASE WHEN w.char_count BETWEEN 12 AND 220 THEN 10 ELSE 0 END) +
            COALESCE(rel.relation_count, 0) * 0.05 +
            COALESCE(meta.tag_count, 0) * 0.20,
            2
        ) AS hotScore,
        DATE_FORMAT(w.created_at, '%Y-%m-%d %H:%i:%s') AS publishTime
    FROM poetry_work w
    JOIN matched_work mw ON mw.work_id = w.work_id
    LEFT JOIN (
        SELECT work_id, COUNT(*) AS relation_count
        FROM work_relation
        GROUP BY work_id
    ) rel ON rel.work_id = w.work_id
    LEFT JOIN (
        SELECT work_id, COUNT(*) AS tag_count
        FROM work_tag
        GROUP BY work_id
    ) meta ON meta.work_id = w.work_id
)
SELECT
    wm.workId,
    wm.title,
    wm.authorName,
    wm.dynastyName,
    wm.contentPreview,
    (
        SELECT GROUP_CONCAT(t.tag_name ORDER BY t.tag_name SEPARATOR ',')
        FROM work_tag wt2
        JOIN tag t ON t.tag_id = wt2.tag_id
        WHERE wt2.work_id = wm.workId
          AND wt2.tag_id IN (?, ?)
    ) AS matchedTags,
    wm.hotScore,
    wm.publishTime
FROM work_meta wm
ORDER BY wm.hotScore DESC, wm.workId DESC
LIMIT ? OFFSET ?
]
2026-04-21T19:50:29.277+08:00 DEBUG 21432 --- [nio-8080-exec-3] m.m.a.RequestResponseBodyMethodProcessor : Using 'application/json', given [*/*] and supported [application/json, application/*+json]
2026-04-21T19:50:29.278+08:00 DEBUG 21432 --- [nio-8080-exec-3] m.m.a.RequestResponseBodyMethodProcessor : Writing [PoemTagSearchResponse[selectedTagIds=[1], sort=hot, total=31664, items=[PoemSearchItemDto[workId=215 (truncated)...]
2026-04-21T19:50:29.279+08:00 DEBUG 21432 --- [nio-8080-exec-3] o.s.web.servlet.DispatcherServlet        : Completed 200 OK
2026-04-21T19:50:30.036+08:00 DEBUG 21432 --- [nio-8080-exec-1] o.s.web.servlet.DispatcherServlet        : GET "/api/poems/search/by-tags?tagIds=1%2C6&sort=hot&page=1&pageSize=20", parameters={masked}
2026-04-21T19:50:30.037+08:00 DEBUG 21432 --- [nio-8080-exec-1] s.w.s.m.m.a.RequestMappingHandlerMapping : Mapped to com.example.poetry.backend.controller.TagSearchController#searchByTags(String, String, int, int)
2026-04-21T19:50:30.038+08:00 DEBUG 21432 --- [nio-8080-exec-1] o.s.jdbc.core.JdbcTemplate               : Executing prepared SQL query
2026-04-21T19:50:30.039+08:00 DEBUG 21432 --- [nio-8080-exec-1] o.s.jdbc.core.JdbcTemplate               : Executing prepared SQL statement [SELECT COUNT(*) FROM (
    SELECT w.work_id
    FROM poetry_work w
    JOIN work_tag wt ON wt.work_id = w.work_id
    WHERE wt.tag_id IN (?, ?)
    GROUP BY w.work_id
    HAVING COUNT(DISTINCT wt.tag_id) = ?
) result_count
]
2026-04-21T19:50:31.025+08:00 DEBUG 21432 --- [nio-8080-exec-5] m.m.a.RequestResponseBodyMethodProcessor : Using 'application/json', given [*/*] and supported [application/json, application/*+json]
2026-04-21T19:50:31.027+08:00 DEBUG 21432 --- [nio-8080-exec-5] m.m.a.RequestResponseBodyMethodProcessor : Writing [PoemTagSearchResponse[selectedTagIds=[15], sort=hot, total=96521, items=[PoemSearchItemDto[workId=21 (truncated)...]
2026-04-21T19:50:31.028+08:00 DEBUG 21432 --- [nio-8080-exec-5] o.s.web.servlet.DispatcherServlet        : Completed 200 OK
2026-04-21T19:50:31.051+08:00 DEBUG 21432 --- [io-8080-exec-10] m.m.a.RequestResponseBodyMethodProcessor : Using 'application/json', given [*/*] and supported [application/json, application/*+json]
2026-04-21T19:50:31.052+08:00 DEBUG 21432 --- [io-8080-exec-10] m.m.a.RequestResponseBodyMethodProcessor : Writing [PoemTagSearchResponse[selectedTagIds=[1, 6], sort=hot, total=21196, items=[PoemSearchItemDto[workId= (truncated)...]
2026-04-21T19:50:31.053+08:00 DEBUG 21432 --- [io-8080-exec-10] o.s.web.servlet.DispatcherServlet        : Completed 200 OK
2026-04-21T19:50:31.582+08:00 DEBUG 21432 --- [nio-8080-exec-1] o.s.jdbc.core.JdbcTemplate               : Executing prepared SQL query
2026-04-21T19:50:31.583+08:00 DEBUG 21432 --- [nio-8080-exec-1] o.s.jdbc.core.JdbcTemplate               : Executing prepared SQL statement [WITH matched_work AS (
    SELECT wt.work_id
    FROM work_tag wt
    WHERE wt.tag_id IN (?, ?)
    GROUP BY wt.work_id
    HAVING COUNT(DISTINCT wt.tag_id) = ?
),
work_meta AS (
    SELECT
        w.work_id AS workId,
        w.title,
        w.author_name_cache AS authorName,
        w.dynasty_name AS dynastyName,
        LEFT(w.content_text, 120) AS contentPreview,
        ROUND(
            (CASE WHEN w.translation_text IS NOT NULL AND w.translation_text <> '' THEN 30 ELSE 0 END) +
            (CASE WHEN w.annotation_text IS NOT NULL AND w.annotation_text <> '' THEN 25 ELSE 0 END) +
            (CASE WHEN w.appreciation_text IS NOT NULL AND w.appreciation_text <> '' THEN 20 ELSE 0 END) +
            (CASE WHEN w.char_count BETWEEN 12 AND 220 THEN 10 ELSE 0 END) +
            COALESCE(rel.relation_count, 0) * 0.05 +
            COALESCE(meta.tag_count, 0) * 0.20,
            2
        ) AS hotScore,
        DATE_FORMAT(w.created_at, '%Y-%m-%d %H:%i:%s') AS publishTime
    FROM poetry_work w
    JOIN matched_work mw ON mw.work_id = w.work_id
    LEFT JOIN (
        SELECT work_id, COUNT(*) AS relation_count
        FROM work_relation
        GROUP BY work_id
    ) rel ON rel.work_id = w.work_id
    LEFT JOIN (
        SELECT work_id, COUNT(*) AS tag_count
        FROM work_tag
        GROUP BY work_id
    ) meta ON meta.work_id = w.work_id
)
SELECT
    wm.workId,
    wm.title,
    wm.authorName,
    wm.dynastyName,
    wm.contentPreview,
    (
        SELECT GROUP_CONCAT(t.tag_name ORDER BY t.tag_name SEPARATOR ',')
        FROM work_tag wt2
        JOIN tag t ON t.tag_id = wt2.tag_id
        WHERE wt2.work_id = wm.workId
          AND wt2.tag_id IN (?, ?)
    ) AS matchedTags,
    wm.hotScore,
    wm.publishTime
FROM work_meta wm
ORDER BY wm.hotScore DESC, wm.workId DESC
LIMIT ? OFFSET ?
]
2026-04-21T19:50:32.855+08:00 DEBUG 21432 --- [nio-8080-exec-4] m.m.a.RequestResponseBodyMethodProcessor : Using 'application/json', given [*/*] and supported [application/json, application/*+json]
2026-04-21T19:50:32.856+08:00 DEBUG 21432 --- [nio-8080-exec-4] m.m.a.RequestResponseBodyMethodProcessor : Writing [PoemTagSearchResponse[selectedTagIds=[1, 6], sort=hot, total=21196, items=[PoemSearchItemDto[workId= (truncated)...]
2026-04-21T19:50:32.857+08:00 DEBUG 21432 --- [nio-8080-exec-4] o.s.web.servlet.DispatcherServlet        : Completed 200 OK
2026-04-21T19:50:33.133+08:00 DEBUG 21432 --- [nio-8080-exec-8] o.s.web.servlet.DispatcherServlet        : GET "/api/poems/search/by-tags?tagIds=1&sort=hot&page=1&pageSize=20", parameters={masked}
2026-04-21T19:50:33.134+08:00 DEBUG 21432 --- [nio-8080-exec-8] s.w.s.m.m.a.RequestMappingHandlerMapping : Mapped to com.example.poetry.backend.controller.TagSearchController#searchByTags(String, String, int, int)
2026-04-21T19:50:33.135+08:00 DEBUG 21432 --- [nio-8080-exec-8] o.s.jdbc.core.JdbcTemplate               : Executing prepared SQL query
2026-04-21T19:50:33.135+08:00 DEBUG 21432 --- [nio-8080-exec-8] o.s.jdbc.core.JdbcTemplate               : Executing prepared SQL statement [SELECT COUNT(*) FROM (
    SELECT w.work_id
    FROM poetry_work w
    JOIN work_tag wt ON wt.work_id = w.work_id
    WHERE wt.tag_id IN (?)
    GROUP BY w.work_id
    HAVING COUNT(DISTINCT wt.tag_id) = ?
) result_count
]
2026-04-21T19:50:34.298+08:00 DEBUG 21432 --- [nio-8080-exec-8] o.s.jdbc.core.JdbcTemplate               : Executing prepared SQL query
2026-04-21T19:50:34.298+08:00 DEBUG 21432 --- [nio-8080-exec-8] o.s.jdbc.core.JdbcTemplate               : Executing prepared SQL statement [WITH matched_work AS (
    SELECT wt.work_id
    FROM work_tag wt
    WHERE wt.tag_id IN (?)
    GROUP BY wt.work_id
    HAVING COUNT(DISTINCT wt.tag_id) = ?
),
work_meta AS (
    SELECT
        w.work_id AS workId,
        w.title,
        w.author_name_cache AS authorName,
        w.dynasty_name AS dynastyName,
        LEFT(w.content_text, 120) AS contentPreview,
        ROUND(
            (CASE WHEN w.translation_text IS NOT NULL AND w.translation_text <> '' THEN 30 ELSE 0 END) +
            (CASE WHEN w.annotation_text IS NOT NULL AND w.annotation_text <> '' THEN 25 ELSE 0 END) +
            (CASE WHEN w.appreciation_text IS NOT NULL AND w.appreciation_text <> '' THEN 20 ELSE 0 END) +
            (CASE WHEN w.char_count BETWEEN 12 AND 220 THEN 10 ELSE 0 END) +
            COALESCE(rel.relation_count, 0) * 0.05 +
            COALESCE(meta.tag_count, 0) * 0.20,
            2
        ) AS hotScore,
        DATE_FORMAT(w.created_at, '%Y-%m-%d %H:%i:%s') AS publishTime
    FROM poetry_work w
    JOIN matched_work mw ON mw.work_id = w.work_id
    LEFT JOIN (
        SELECT work_id, COUNT(*) AS relation_count
        FROM work_relation
        GROUP BY work_id
    ) rel ON rel.work_id = w.work_id
    LEFT JOIN (
        SELECT work_id, COUNT(*) AS tag_count
        FROM work_tag
        GROUP BY work_id
    ) meta ON meta.work_id = w.work_id
)
SELECT
    wm.workId,
    wm.title,
    wm.authorName,
    wm.dynastyName,
    wm.contentPreview,
    (
        SELECT GROUP_CONCAT(t.tag_name ORDER BY t.tag_name SEPARATOR ',')
        FROM work_tag wt2
        JOIN tag t ON t.tag_id = wt2.tag_id
        WHERE wt2.work_id = wm.workId
          AND wt2.tag_id IN (?)
    ) AS matchedTags,
    wm.hotScore,
    wm.publishTime
FROM work_meta wm
ORDER BY wm.hotScore DESC, wm.workId DESC
LIMIT ? OFFSET ?
]
2026-04-21T19:50:34.515+08:00 DEBUG 21432 --- [nio-8080-exec-9] o.s.web.servlet.DispatcherServlet        : GET "/api/poems/search/by-tags?tagIds=1&sort=hot&page=1&pageSize=20", parameters={masked}
2026-04-21T19:50:34.515+08:00 DEBUG 21432 --- [nio-8080-exec-9] s.w.s.m.m.a.RequestMappingHandlerMapping : Mapped to com.example.poetry.backend.controller.TagSearchController#searchByTags(String, String, int, int)
2026-04-21T19:50:34.515+08:00 DEBUG 21432 --- [nio-8080-exec-7] o.s.web.servlet.DispatcherServlet        : GET "/api/poems/search/by-tags?tagIds=1&sort=hot&page=1&pageSize=20", parameters={masked}
2026-04-21T19:50:34.517+08:00 DEBUG 21432 --- [nio-8080-exec-7] s.w.s.m.m.a.RequestMappingHandlerMapping : Mapped to com.example.poetry.backend.controller.TagSearchController#searchByTags(String, String, int, int)
2026-04-21T19:50:34.517+08:00 DEBUG 21432 --- [nio-8080-exec-9] o.s.jdbc.core.JdbcTemplate               : Executing prepared SQL query
2026-04-21T19:50:34.517+08:00 DEBUG 21432 --- [nio-8080-exec-9] o.s.jdbc.core.JdbcTemplate               : Executing prepared SQL statement [SELECT COUNT(*) FROM (
    SELECT w.work_id
    FROM poetry_work w
    JOIN work_tag wt ON wt.work_id = w.work_id
    WHERE wt.tag_id IN (?)
    GROUP BY w.work_id
    HAVING COUNT(DISTINCT wt.tag_id) = ?
) result_count
]
2026-04-21T19:50:34.518+08:00 DEBUG 21432 --- [nio-8080-exec-7] o.s.jdbc.core.JdbcTemplate               : Executing prepared SQL query
2026-04-21T19:50:34.519+08:00 DEBUG 21432 --- [nio-8080-exec-7] o.s.jdbc.core.JdbcTemplate               : Executing prepared SQL statement [SELECT COUNT(*) FROM (
    SELECT w.work_id
    FROM poetry_work w
    JOIN work_tag wt ON wt.work_id = w.work_id
    WHERE wt.tag_id IN (?)
    GROUP BY w.work_id
    HAVING COUNT(DISTINCT wt.tag_id) = ?
) result_count
]
2026-04-21T19:50:35.671+08:00 DEBUG 21432 --- [nio-8080-exec-1] m.m.a.RequestResponseBodyMethodProcessor : Using 'application/json', given [*/*] and supported [application/json, application/*+json]
2026-04-21T19:50:35.672+08:00 DEBUG 21432 --- [nio-8080-exec-1] m.m.a.RequestResponseBodyMethodProcessor : Writing [PoemTagSearchResponse[selectedTagIds=[1, 6], sort=hot, total=21196, items=[PoemSearchItemDto[workId= (truncated)...]
2026-04-21T19:50:35.673+08:00 DEBUG 21432 --- [nio-8080-exec-1] o.s.web.servlet.DispatcherServlet        : Completed 200 OK
2026-04-21T19:50:35.716+08:00 DEBUG 21432 --- [nio-8080-exec-7] o.s.jdbc.core.JdbcTemplate               : Executing prepared SQL query
2026-04-21T19:50:35.716+08:00 DEBUG 21432 --- [nio-8080-exec-7] o.s.jdbc.core.JdbcTemplate               : Executing prepared SQL statement [WITH matched_work AS (
    SELECT wt.work_id
    FROM work_tag wt
    WHERE wt.tag_id IN (?)
    GROUP BY wt.work_id
    HAVING COUNT(DISTINCT wt.tag_id) = ?
),
work_meta AS (
    SELECT
        w.work_id AS workId,
        w.title,
        w.author_name_cache AS authorName,
        w.dynasty_name AS dynastyName,
        LEFT(w.content_text, 120) AS contentPreview,
        ROUND(
            (CASE WHEN w.translation_text IS NOT NULL AND w.translation_text <> '' THEN 30 ELSE 0 END) +
            (CASE WHEN w.annotation_text IS NOT NULL AND w.annotation_text <> '' THEN 25 ELSE 0 END) +
            (CASE WHEN w.appreciation_text IS NOT NULL AND w.appreciation_text <> '' THEN 20 ELSE 0 END) +
            (CASE WHEN w.char_count BETWEEN 12 AND 220 THEN 10 ELSE 0 END) +
            COALESCE(rel.relation_count, 0) * 0.05 +
            COALESCE(meta.tag_count, 0) * 0.20,
            2
        ) AS hotScore,
        DATE_FORMAT(w.created_at, '%Y-%m-%d %H:%i:%s') AS publishTime
    FROM poetry_work w
    JOIN matched_work mw ON mw.work_id = w.work_id
    LEFT JOIN (
        SELECT work_id, COUNT(*) AS relation_count
        FROM work_relation
        GROUP BY work_id
    ) rel ON rel.work_id = w.work_id
    LEFT JOIN (
        SELECT work_id, COUNT(*) AS tag_count
        FROM work_tag
        GROUP BY work_id
    ) meta ON meta.work_id = w.work_id
)
SELECT
    wm.workId,
    wm.title,
    wm.authorName,
    wm.dynastyName,
    wm.contentPreview,
    (
        SELECT GROUP_CONCAT(t.tag_name ORDER BY t.tag_name SEPARATOR ',')
        FROM work_tag wt2
        JOIN tag t ON t.tag_id = wt2.tag_id
        WHERE wt2.work_id = wm.workId
          AND wt2.tag_id IN (?)
    ) AS matchedTags,
    wm.hotScore,
    wm.publishTime
FROM work_meta wm
ORDER BY wm.hotScore DESC, wm.workId DESC
LIMIT ? OFFSET ?
]
2026-04-21T19:50:35.718+08:00 DEBUG 21432 --- [nio-8080-exec-9] o.s.jdbc.core.JdbcTemplate               : Executing prepared SQL query
2026-04-21T19:50:35.719+08:00 DEBUG 21432 --- [nio-8080-exec-9] o.s.jdbc.core.JdbcTemplate               : Executing prepared SQL statement [WITH matched_work AS (
    SELECT wt.work_id
    FROM work_tag wt
    WHERE wt.tag_id IN (?)
    GROUP BY wt.work_id
    HAVING COUNT(DISTINCT wt.tag_id) = ?
),
work_meta AS (
    SELECT
        w.work_id AS workId,
        w.title,
        w.author_name_cache AS authorName,
        w.dynasty_name AS dynastyName,
        LEFT(w.content_text, 120) AS contentPreview,
        ROUND(
            (CASE WHEN w.translation_text IS NOT NULL AND w.translation_text <> '' THEN 30 ELSE 0 END) +
            (CASE WHEN w.annotation_text IS NOT NULL AND w.annotation_text <> '' THEN 25 ELSE 0 END) +
            (CASE WHEN w.appreciation_text IS NOT NULL AND w.appreciation_text <> '' THEN 20 ELSE 0 END) +
            (CASE WHEN w.char_count BETWEEN 12 AND 220 THEN 10 ELSE 0 END) +
            COALESCE(rel.relation_count, 0) * 0.05 +
            COALESCE(meta.tag_count, 0) * 0.20,
            2
        ) AS hotScore,
        DATE_FORMAT(w.created_at, '%Y-%m-%d %H:%i:%s') AS publishTime
    FROM poetry_work w
    JOIN matched_work mw ON mw.work_id = w.work_id
    LEFT JOIN (
        SELECT work_id, COUNT(*) AS relation_count
        FROM work_relation
        GROUP BY work_id
    ) rel ON rel.work_id = w.work_id
    LEFT JOIN (
        SELECT work_id, COUNT(*) AS tag_count
        FROM work_tag
        GROUP BY work_id
    ) meta ON meta.work_id = w.work_id
)
SELECT
    wm.workId,
    wm.title,
    wm.authorName,
    wm.dynastyName,
    wm.contentPreview,
    (
        SELECT GROUP_CONCAT(t.tag_name ORDER BY t.tag_name SEPARATOR ',')
        FROM work_tag wt2
        JOIN tag t ON t.tag_id = wt2.tag_id
        WHERE wt2.work_id = wm.workId
          AND wt2.tag_id IN (?)
    ) AS matchedTags,
    wm.hotScore,
    wm.publishTime
FROM work_meta wm
ORDER BY wm.hotScore DESC, wm.workId DESC
LIMIT ? OFFSET ?
]
2026-04-21T19:50:38.776+08:00 DEBUG 21432 --- [nio-8080-exec-8] m.m.a.RequestResponseBodyMethodProcessor : Using 'application/json', given [*/*] and supported [application/json, application/*+json]
2026-04-21T19:50:38.777+08:00 DEBUG 21432 --- [nio-8080-exec-8] m.m.a.RequestResponseBodyMethodProcessor : Writing [PoemTagSearchResponse[selectedTagIds=[1], sort=hot, total=31664, items=[PoemSearchItemDto[workId=215 (truncated)...]
2026-04-21T19:50:38.777+08:00 DEBUG 21432 --- [nio-8080-exec-8] o.s.web.servlet.DispatcherServlet        : Completed 200 OK
2026-04-21T19:50:39.658+08:00 DEBUG 21432 --- [nio-8080-exec-7] m.m.a.RequestResponseBodyMethodProcessor : Using 'application/json', given [*/*] and supported [application/json, application/*+json]
2026-04-21T19:50:39.658+08:00 DEBUG 21432 --- [nio-8080-exec-9] m.m.a.RequestResponseBodyMethodProcessor : Using 'application/json', given [*/*] and supported [application/json, application/*+json]
2026-04-21T19:50:39.659+08:00 DEBUG 21432 --- [nio-8080-exec-9] m.m.a.RequestResponseBodyMethodProcessor : Writing [PoemTagSearchResponse[selectedTagIds=[1], sort=hot, total=31664, items=[PoemSearchItemDto[workId=215 (truncated)...]
2026-04-21T19:50:39.660+08:00 DEBUG 21432 --- [nio-8080-exec-9] o.s.web.servlet.DispatcherServlet        : Completed 200 OK
2026-04-21T19:50:39.659+08:00 DEBUG 21432 --- [nio-8080-exec-7] m.m.a.RequestResponseBodyMethodProcessor : Writing [PoemTagSearchResponse[selectedTagIds=[1], sort=hot, total=31664, items=[PoemSearchItemDto[workId=215 (truncated)...]
2026-04-21T19:50:39.660+08:00 DEBUG 21432 --- [nio-8080-exec-7] o.s.web.servlet.DispatcherServlet        : Completed 200 OK
2026-04-21T19:50:50.068+08:00 DEBUG 21432 --- [nio-8080-exec-6] o.s.web.servlet.DispatcherServlet        : GET "/api/tags/hot?limit=20", parameters={masked}
2026-04-21T19:50:50.069+08:00 DEBUG 21432 --- [nio-8080-exec-6] s.w.s.m.m.a.RequestMappingHandlerMapping : Mapped to com.example.poetry.backend.controller.TagSearchController#getHotTags(int)
2026-04-21T19:50:50.070+08:00 DEBUG 21432 --- [nio-8080-exec-6] o.s.jdbc.core.JdbcTemplate               : Executing prepared SQL query
2026-04-21T19:50:50.070+08:00 DEBUG 21432 --- [nio-8080-exec-6] o.s.jdbc.core.JdbcTemplate               : Executing prepared SQL statement [SELECT
    t.tag_id AS tagId,
    t.tag_name AS tagName,
    t.tag_type AS tagType,
    COUNT(wt.work_id) AS workCount
FROM tag t
LEFT JOIN work_tag wt ON wt.tag_id = t.tag_id
GROUP BY t.tag_id, t.tag_name, t.tag_type
ORDER BY workCount DESC, t.tag_id ASC
LIMIT ?
]
2026-04-21T19:50:52.098+08:00 DEBUG 21432 --- [nio-8080-exec-6] m.m.a.RequestResponseBodyMethodProcessor : Using 'application/json', given [*/*] and supported [application/json, application/*+json]
2026-04-21T19:50:52.099+08:00 DEBUG 21432 --- [nio-8080-exec-6] m.m.a.RequestResponseBodyMethodProcessor : Writing [[TagDto[tagId=15, tagName=写景, tagType=theme, workCount=96521], TagDto[tagId=6, tagName=山水, tagType=s (truncated)...]
2026-04-21T19:50:52.100+08:00 DEBUG 21432 --- [nio-8080-exec-6] o.s.web.servlet.DispatcherServlet        : Completed 200 OK
2026-04-21T19:50:52.713+08:00 DEBUG 21432 --- [nio-8080-exec-2] o.s.web.servlet.DispatcherServlet        : GET "/api/tags/hot?limit=20", parameters={masked}
2026-04-21T19:50:52.714+08:00 DEBUG 21432 --- [nio-8080-exec-2] s.w.s.m.m.a.RequestMappingHandlerMapping : Mapped to com.example.poetry.backend.controller.TagSearchController#getHotTags(int)
2026-04-21T19:50:52.716+08:00 DEBUG 21432 --- [nio-8080-exec-2] o.s.jdbc.core.JdbcTemplate               : Executing prepared SQL query
2026-04-21T19:50:52.716+08:00 DEBUG 21432 --- [nio-8080-exec-2] o.s.jdbc.core.JdbcTemplate               : Executing prepared SQL statement [SELECT
    t.tag_id AS tagId,
    t.tag_name AS tagName,
    t.tag_type AS tagType,
    COUNT(wt.work_id) AS workCount
FROM tag t
LEFT JOIN work_tag wt ON wt.tag_id = t.tag_id
GROUP BY t.tag_id, t.tag_name, t.tag_type
ORDER BY workCount DESC, t.tag_id ASC
LIMIT ?
]
2026-04-21T19:50:54.081+08:00 DEBUG 21432 --- [nio-8080-exec-2] m.m.a.RequestResponseBodyMethodProcessor : Using 'application/json', given [*/*] and supported [application/json, application/*+json]
2026-04-21T19:50:54.082+08:00 DEBUG 21432 --- [nio-8080-exec-2] m.m.a.RequestResponseBodyMethodProcessor : Writing [[TagDto[tagId=15, tagName=写景, tagType=theme, workCount=96521], TagDto[tagId=6, tagName=山水, tagType=s (truncated)...]
2026-04-21T19:50:54.083+08:00 DEBUG 21432 --- [nio-8080-exec-2] o.s.web.servlet.DispatcherServlet        : Completed 200 OK
2026-04-21T19:51:04.886+08:00 DEBUG 21432 --- [nio-8080-exec-3] o.s.web.servlet.DispatcherServlet        : GET "/api/tags/hot?limit=20", parameters={masked}
2026-04-21T19:51:04.887+08:00 DEBUG 21432 --- [nio-8080-exec-3] s.w.s.m.m.a.RequestMappingHandlerMapping : Mapped to com.example.poetry.backend.controller.TagSearchController#getHotTags(int)
2026-04-21T19:51:04.888+08:00 DEBUG 21432 --- [nio-8080-exec-3] o.s.jdbc.core.JdbcTemplate               : Executing prepared SQL query
2026-04-21T19:51:04.888+08:00 DEBUG 21432 --- [nio-8080-exec-3] o.s.jdbc.core.JdbcTemplate               : Executing prepared SQL statement [SELECT
    t.tag_id AS tagId,
    t.tag_name AS tagName,
    t.tag_type AS tagType,
    COUNT(wt.work_id) AS workCount
FROM tag t
LEFT JOIN work_tag wt ON wt.tag_id = t.tag_id
GROUP BY t.tag_id, t.tag_name, t.tag_type
ORDER BY workCount DESC, t.tag_id ASC
LIMIT ?
]
2026-04-21T19:51:06.251+08:00 DEBUG 21432 --- [nio-8080-exec-3] m.m.a.RequestResponseBodyMethodProcessor : Using 'application/json', given [*/*] and supported [application/json, application/*+json]
2026-04-21T19:51:06.252+08:00 DEBUG 21432 --- [nio-8080-exec-3] m.m.a.RequestResponseBodyMethodProcessor : Writing [[TagDto[tagId=15, tagName=写景, tagType=theme, workCount=96521], TagDto[tagId=6, tagName=山水, tagType=s (truncated)...]
2026-04-21T19:51:06.253+08:00 DEBUG 21432 --- [nio-8080-exec-3] o.s.web.servlet.DispatcherServlet        : Completed 200 OK
2026-04-21T19:51:08.780+08:00 DEBUG 21432 --- [nio-8080-exec-5] o.s.web.servlet.DispatcherServlet        : GET "/api/tags/hot?limit=20", parameters={masked}
2026-04-21T19:51:08.781+08:00 DEBUG 21432 --- [nio-8080-exec-5] s.w.s.m.m.a.RequestMappingHandlerMapping : Mapped to com.example.poetry.backend.controller.TagSearchController#getHotTags(int)
2026-04-21T19:51:08.782+08:00 DEBUG 21432 --- [nio-8080-exec-5] o.s.jdbc.core.JdbcTemplate               : Executing prepared SQL query
2026-04-21T19:51:08.783+08:00 DEBUG 21432 --- [nio-8080-exec-5] o.s.jdbc.core.JdbcTemplate               : Executing prepared SQL statement [SELECT
    t.tag_id AS tagId,
    t.tag_name AS tagName,
    t.tag_type AS tagType,
    COUNT(wt.work_id) AS workCount
FROM tag t
LEFT JOIN work_tag wt ON wt.tag_id = t.tag_id
GROUP BY t.tag_id, t.tag_name, t.tag_type
ORDER BY workCount DESC, t.tag_id ASC
LIMIT ?
]
2026-04-21T19:51:10.120+08:00 DEBUG 21432 --- [nio-8080-exec-5] m.m.a.RequestResponseBodyMethodProcessor : Using 'application/json', given [*/*] and supported [application/json, application/*+json]
2026-04-21T19:51:10.120+08:00 DEBUG 21432 --- [nio-8080-exec-5] m.m.a.RequestResponseBodyMethodProcessor : Writing [[TagDto[tagId=15, tagName=写景, tagType=theme, workCount=96521], TagDto[tagId=6, tagName=山水, tagType=s (truncated)...]
2026-04-21T19:51:10.121+08:00 DEBUG 21432 --- [nio-8080-exec-5] o.s.web.servlet.DispatcherServlet        : Completed 200 OK
2026-04-21T19:51:10.661+08:00 DEBUG 21432 --- [io-8080-exec-10] o.s.web.servlet.DispatcherServlet        : GET "/api/tags/hot?limit=20", parameters={masked}
2026-04-21T19:51:10.662+08:00 DEBUG 21432 --- [io-8080-exec-10] s.w.s.m.m.a.RequestMappingHandlerMapping : Mapped to com.example.poetry.backend.controller.TagSearchController#getHotTags(int)
2026-04-21T19:51:10.663+08:00 DEBUG 21432 --- [io-8080-exec-10] o.s.jdbc.core.JdbcTemplate               : Executing prepared SQL query
2026-04-21T19:51:10.664+08:00 DEBUG 21432 --- [io-8080-exec-10] o.s.jdbc.core.JdbcTemplate               : Executing prepared SQL statement [SELECT
    t.tag_id AS tagId,
    t.tag_name AS tagName,
    t.tag_type AS tagType,
    COUNT(wt.work_id) AS workCount
FROM tag t
LEFT JOIN work_tag wt ON wt.tag_id = t.tag_id
GROUP BY t.tag_id, t.tag_name, t.tag_type
ORDER BY workCount DESC, t.tag_id ASC
LIMIT ?
]
2026-04-21T19:51:12.006+08:00 DEBUG 21432 --- [io-8080-exec-10] m.m.a.RequestResponseBodyMethodProcessor : Using 'application/json', given [*/*] and supported [application/json, application/*+json]
2026-04-21T19:51:12.006+08:00 DEBUG 21432 --- [io-8080-exec-10] m.m.a.RequestResponseBodyMethodProcessor : Writing [[TagDto[tagId=15, tagName=写景, tagType=theme, workCount=96521], TagDto[tagId=6, tagName=山水, tagType=s (truncated)...]
2026-04-21T19:51:12.007+08:00 DEBUG 21432 --- [io-8080-exec-10] o.s.web.servlet.DispatcherServlet        : Completed 200 OK
2026-04-21T19:53:13.974+08:00 DEBUG 21432 --- [nio-8080-exec-6] o.s.web.servlet.DispatcherServlet        : GET "/api/tags/hot?limit=20", parameters={masked}
2026-04-21T19:53:13.975+08:00 DEBUG 21432 --- [nio-8080-exec-6] s.w.s.m.m.a.RequestMappingHandlerMapping : Mapped to com.example.poetry.backend.controller.TagSearchController#getHotTags(int)
2026-04-21T19:53:13.976+08:00 DEBUG 21432 --- [nio-8080-exec-6] o.s.jdbc.core.JdbcTemplate               : Executing prepared SQL query
2026-04-21T19:53:13.977+08:00 DEBUG 21432 --- [nio-8080-exec-6] o.s.jdbc.core.JdbcTemplate               : Executing prepared SQL statement [SELECT
    t.tag_id AS tagId,
    t.tag_name AS tagName,
    t.tag_type AS tagType,
    COUNT(wt.work_id) AS workCount
FROM tag t
LEFT JOIN work_tag wt ON wt.tag_id = t.tag_id
GROUP BY t.tag_id, t.tag_name, t.tag_type
ORDER BY workCount DESC, t.tag_id ASC
LIMIT ?
]
2026-04-21T19:53:15.779+08:00 DEBUG 21432 --- [nio-8080-exec-6] m.m.a.RequestResponseBodyMethodProcessor : Using 'application/json', given [*/*] and supported [application/json, application/*+json]
2026-04-21T19:53:15.780+08:00 DEBUG 21432 --- [nio-8080-exec-6] m.m.a.RequestResponseBodyMethodProcessor : Writing [[TagDto[tagId=15, tagName=写景, tagType=theme, workCount=96521], TagDto[tagId=6, tagName=山水, tagType=s (truncated)...]
2026-04-21T19:53:15.781+08:00 DEBUG 21432 --- [nio-8080-exec-6] o.s.web.servlet.DispatcherServlet        : Completed 200 OK
2026-04-21T19:53:18.860+08:00 DEBUG 21432 --- [nio-8080-exec-2] o.s.web.servlet.DispatcherServlet        : GET "/api/tags/hot?limit=20", parameters={masked}
2026-04-21T19:53:18.860+08:00 DEBUG 21432 --- [nio-8080-exec-2] s.w.s.m.m.a.RequestMappingHandlerMapping : Mapped to com.example.poetry.backend.controller.TagSearchController#getHotTags(int)
2026-04-21T19:53:18.861+08:00 DEBUG 21432 --- [nio-8080-exec-2] o.s.jdbc.core.JdbcTemplate               : Executing prepared SQL query
2026-04-21T19:53:18.862+08:00 DEBUG 21432 --- [nio-8080-exec-2] o.s.jdbc.core.JdbcTemplate               : Executing prepared SQL statement [SELECT
    t.tag_id AS tagId,
    t.tag_name AS tagName,
    t.tag_type AS tagType,
    COUNT(wt.work_id) AS workCount
FROM tag t
LEFT JOIN work_tag wt ON wt.tag_id = t.tag_id
GROUP BY t.tag_id, t.tag_name, t.tag_type
ORDER BY workCount DESC, t.tag_id ASC
LIMIT ?
]
2026-04-21T19:53:20.544+08:00 DEBUG 21432 --- [nio-8080-exec-2] m.m.a.RequestResponseBodyMethodProcessor : Using 'application/json', given [*/*] and supported [application/json, application/*+json]
2026-04-21T19:53:20.545+08:00 DEBUG 21432 --- [nio-8080-exec-2] m.m.a.RequestResponseBodyMethodProcessor : Writing [[TagDto[tagId=15, tagName=写景, tagType=theme, workCount=96521], TagDto[tagId=6, tagName=山水, tagType=s (truncated)...]
2026-04-21T19:53:20.547+08:00 DEBUG 21432 --- [nio-8080-exec-2] o.s.web.servlet.DispatcherServlet        : Completed 200 OK
2026-04-21T19:53:29.164+08:00 DEBUG 21432 --- [nio-8080-exec-3] o.s.web.servlet.DispatcherServlet        : GET "/api/tags/hot?limit=20", parameters={masked}
2026-04-21T19:53:29.164+08:00 DEBUG 21432 --- [nio-8080-exec-3] s.w.s.m.m.a.RequestMappingHandlerMapping : Mapped to com.example.poetry.backend.controller.TagSearchController#getHotTags(int)
2026-04-21T19:53:29.166+08:00 DEBUG 21432 --- [nio-8080-exec-3] o.s.jdbc.core.JdbcTemplate               : Executing prepared SQL query
2026-04-21T19:53:29.167+08:00 DEBUG 21432 --- [nio-8080-exec-3] o.s.jdbc.core.JdbcTemplate               : Executing prepared SQL statement [SELECT
    t.tag_id AS tagId,
    t.tag_name AS tagName,
    t.tag_type AS tagType,
    COUNT(wt.work_id) AS workCount
FROM tag t
LEFT JOIN work_tag wt ON wt.tag_id = t.tag_id
GROUP BY t.tag_id, t.tag_name, t.tag_type
ORDER BY workCount DESC, t.tag_id ASC
LIMIT ?
]
2026-04-21T19:53:30.841+08:00 DEBUG 21432 --- [nio-8080-exec-3] m.m.a.RequestResponseBodyMethodProcessor : Using 'application/json', given [*/*] and supported [application/json, application/*+json]
2026-04-21T19:53:30.842+08:00 DEBUG 21432 --- [nio-8080-exec-3] m.m.a.RequestResponseBodyMethodProcessor : Writing [[TagDto[tagId=15, tagName=写景, tagType=theme, workCount=96521], TagDto[tagId=6, tagName=山水, tagType=s (truncated)...]
2026-04-21T19:53:30.843+08:00 DEBUG 21432 --- [nio-8080-exec-3] o.s.web.servlet.DispatcherServlet        : Completed 200 OK
2026-04-21T19:55:39.665+08:00 DEBUG 21432 --- [io-8080-exec-10] o.s.web.servlet.DispatcherServlet        : GET "/api/poems/search/by-tags?tagIds=10&sort=hot&page=1&pageSize=5", parameters={masked}
2026-04-21T19:55:39.665+08:00 DEBUG 21432 --- [io-8080-exec-10] s.w.s.m.m.a.RequestMappingHandlerMapping : Mapped to com.example.poetry.backend.controller.TagSearchController#searchByTags(String, String, int, int)
2026-04-21T19:55:39.666+08:00 DEBUG 21432 --- [io-8080-exec-10] o.s.jdbc.core.JdbcTemplate               : Executing prepared SQL query
2026-04-21T19:55:39.666+08:00 DEBUG 21432 --- [io-8080-exec-10] o.s.jdbc.core.JdbcTemplate               : Executing prepared SQL statement [SELECT COUNT(*) FROM (
    SELECT w.work_id
    FROM poetry_work w
    JOIN work_tag wt ON wt.work_id = w.work_id
    WHERE wt.tag_id IN (?)
    GROUP BY w.work_id
    HAVING COUNT(DISTINCT wt.tag_id) = ?
) result_count
]
2026-04-21T19:55:40.145+08:00 DEBUG 21432 --- [io-8080-exec-10] o.s.jdbc.core.JdbcTemplate               : Executing prepared SQL query
2026-04-21T19:55:40.145+08:00 DEBUG 21432 --- [io-8080-exec-10] o.s.jdbc.core.JdbcTemplate               : Executing prepared SQL statement [WITH matched_work AS (
    SELECT wt.work_id
    FROM work_tag wt
    WHERE wt.tag_id IN (?)
    GROUP BY wt.work_id
    HAVING COUNT(DISTINCT wt.tag_id) = ?
),
work_meta AS (
    SELECT
        w.work_id AS workId,
        w.title,
        w.author_name_cache AS authorName,
        w.dynasty_name AS dynastyName,
        LEFT(w.content_text, 120) AS contentPreview,
        ROUND(
            (CASE WHEN w.translation_text IS NOT NULL AND w.translation_text <> '' THEN 30 ELSE 0 END) +
            (CASE WHEN w.annotation_text IS NOT NULL AND w.annotation_text <> '' THEN 25 ELSE 0 END) +
            (CASE WHEN w.appreciation_text IS NOT NULL AND w.appreciation_text <> '' THEN 20 ELSE 0 END) +
            (CASE WHEN w.char_count BETWEEN 12 AND 220 THEN 10 ELSE 0 END) +
            COALESCE(rel.relation_count, 0) * 0.05 +
            COALESCE(meta.tag_count, 0) * 0.20,
            2
        ) AS hotScore,
        DATE_FORMAT(w.created_at, '%Y-%m-%d %H:%i:%s') AS publishTime
    FROM poetry_work w
    JOIN matched_work mw ON mw.work_id = w.work_id
    LEFT JOIN (
        SELECT work_id, COUNT(*) AS relation_count
        FROM work_relation
        GROUP BY work_id
    ) rel ON rel.work_id = w.work_id
    LEFT JOIN (
        SELECT work_id, COUNT(*) AS tag_count
        FROM work_tag
        GROUP BY work_id
    ) meta ON meta.work_id = w.work_id
)
SELECT
    wm.workId,
    wm.title,
    wm.authorName,
    wm.dynastyName,
    wm.contentPreview,
    (
        SELECT GROUP_CONCAT(t.tag_name ORDER BY t.tag_name SEPARATOR ',')
        FROM work_tag wt2
        JOIN tag t ON t.tag_id = wt2.tag_id
        WHERE wt2.work_id = wm.workId
          AND wt2.tag_id IN (?)
    ) AS matchedTags,
    wm.hotScore,
    wm.publishTime
FROM work_meta wm
ORDER BY wm.hotScore DESC, wm.workId DESC
LIMIT ? OFFSET ?
]
2026-04-21T19:55:42.143+08:00 DEBUG 21432 --- [io-8080-exec-10] m.m.a.RequestResponseBodyMethodProcessor : Using 'application/json', given [*/*] and supported [application/json, application/*+json]
2026-04-21T19:55:42.143+08:00 DEBUG 21432 --- [io-8080-exec-10] m.m.a.RequestResponseBodyMethodProcessor : Writing [PoemTagSearchResponse[selectedTagIds=[10], sort=hot, total=7146, items=[PoemSearchItemDto[workId=215 (truncated)...]
2026-04-21T19:55:42.144+08:00 DEBUG 21432 --- [io-8080-exec-10] o.s.web.servlet.DispatcherServlet        : Completed 200 OK
2026-04-21T19:55:42.468+08:00 DEBUG 21432 --- [nio-8080-exec-1] o.s.web.servlet.DispatcherServlet        : GET "/api/poems/search/by-tags?tagIds=1&sort=hot&page=1&pageSize=5", parameters={masked}
2026-04-21T19:55:42.469+08:00 DEBUG 21432 --- [nio-8080-exec-1] s.w.s.m.m.a.RequestMappingHandlerMapping : Mapped to com.example.poetry.backend.controller.TagSearchController#searchByTags(String, String, int, int)
2026-04-21T19:55:42.470+08:00 DEBUG 21432 --- [nio-8080-exec-1] o.s.jdbc.core.JdbcTemplate               : Executing prepared SQL query
2026-04-21T19:55:42.470+08:00 DEBUG 21432 --- [nio-8080-exec-1] o.s.jdbc.core.JdbcTemplate               : Executing prepared SQL statement [SELECT COUNT(*) FROM (
    SELECT w.work_id
    FROM poetry_work w
    JOIN work_tag wt ON wt.work_id = w.work_id
    WHERE wt.tag_id IN (?)
    GROUP BY w.work_id
    HAVING COUNT(DISTINCT wt.tag_id) = ?
) result_count
]
2026-04-21T19:55:43.478+08:00 DEBUG 21432 --- [nio-8080-exec-1] o.s.jdbc.core.JdbcTemplate               : Executing prepared SQL query
2026-04-21T19:55:43.478+08:00 DEBUG 21432 --- [nio-8080-exec-1] o.s.jdbc.core.JdbcTemplate               : Executing prepared SQL statement [WITH matched_work AS (
    SELECT wt.work_id
    FROM work_tag wt
    WHERE wt.tag_id IN (?)
    GROUP BY wt.work_id
    HAVING COUNT(DISTINCT wt.tag_id) = ?
),
work_meta AS (
    SELECT
        w.work_id AS workId,
        w.title,
        w.author_name_cache AS authorName,
        w.dynasty_name AS dynastyName,
        LEFT(w.content_text, 120) AS contentPreview,
        ROUND(
            (CASE WHEN w.translation_text IS NOT NULL AND w.translation_text <> '' THEN 30 ELSE 0 END) +
            (CASE WHEN w.annotation_text IS NOT NULL AND w.annotation_text <> '' THEN 25 ELSE 0 END) +
            (CASE WHEN w.appreciation_text IS NOT NULL AND w.appreciation_text <> '' THEN 20 ELSE 0 END) +
            (CASE WHEN w.char_count BETWEEN 12 AND 220 THEN 10 ELSE 0 END) +
            COALESCE(rel.relation_count, 0) * 0.05 +
            COALESCE(meta.tag_count, 0) * 0.20,
            2
        ) AS hotScore,
        DATE_FORMAT(w.created_at, '%Y-%m-%d %H:%i:%s') AS publishTime
    FROM poetry_work w
    JOIN matched_work mw ON mw.work_id = w.work_id
    LEFT JOIN (
        SELECT work_id, COUNT(*) AS relation_count
        FROM work_relation
        GROUP BY work_id
    ) rel ON rel.work_id = w.work_id
    LEFT JOIN (
        SELECT work_id, COUNT(*) AS tag_count
        FROM work_tag
        GROUP BY work_id
    ) meta ON meta.work_id = w.work_id
)
SELECT
    wm.workId,
    wm.title,
    wm.authorName,
    wm.dynastyName,
    wm.contentPreview,
    (
        SELECT GROUP_CONCAT(t.tag_name ORDER BY t.tag_name SEPARATOR ',')
        FROM work_tag wt2
        JOIN tag t ON t.tag_id = wt2.tag_id
        WHERE wt2.work_id = wm.workId
          AND wt2.tag_id IN (?)
    ) AS matchedTags,
    wm.hotScore,
    wm.publishTime
FROM work_meta wm
ORDER BY wm.hotScore DESC, wm.workId DESC
LIMIT ? OFFSET ?
]
2026-04-21T19:55:43.787+08:00 DEBUG 21432 --- [nio-8080-exec-9] o.s.web.servlet.DispatcherServlet        : GET "/api/poems/search/by-tags?tagIds=8&sort=hot&page=1&pageSize=5", parameters={masked}
2026-04-21T19:55:43.788+08:00 DEBUG 21432 --- [nio-8080-exec-9] s.w.s.m.m.a.RequestMappingHandlerMapping : Mapped to com.example.poetry.backend.controller.TagSearchController#searchByTags(String, String, int, int)
2026-04-21T19:55:43.788+08:00 DEBUG 21432 --- [nio-8080-exec-9] o.s.jdbc.core.JdbcTemplate               : Executing prepared SQL query
2026-04-21T19:55:43.789+08:00 DEBUG 21432 --- [nio-8080-exec-9] o.s.jdbc.core.JdbcTemplate               : Executing prepared SQL statement [SELECT COUNT(*) FROM (
    SELECT w.work_id
    FROM poetry_work w
    JOIN work_tag wt ON wt.work_id = w.work_id
    WHERE wt.tag_id IN (?)
    GROUP BY w.work_id
    HAVING COUNT(DISTINCT wt.tag_id) = ?
) result_count
]
2026-04-21T19:55:44.526+08:00 DEBUG 21432 --- [nio-8080-exec-9] o.s.jdbc.core.JdbcTemplate               : Executing prepared SQL query
2026-04-21T19:55:44.526+08:00 DEBUG 21432 --- [nio-8080-exec-9] o.s.jdbc.core.JdbcTemplate               : Executing prepared SQL statement [WITH matched_work AS (
    SELECT wt.work_id
    FROM work_tag wt
    WHERE wt.tag_id IN (?)
    GROUP BY wt.work_id
    HAVING COUNT(DISTINCT wt.tag_id) = ?
),
work_meta AS (
    SELECT
        w.work_id AS workId,
        w.title,
        w.author_name_cache AS authorName,
        w.dynasty_name AS dynastyName,
        LEFT(w.content_text, 120) AS contentPreview,
        ROUND(
            (CASE WHEN w.translation_text IS NOT NULL AND w.translation_text <> '' THEN 30 ELSE 0 END) +
            (CASE WHEN w.annotation_text IS NOT NULL AND w.annotation_text <> '' THEN 25 ELSE 0 END) +
            (CASE WHEN w.appreciation_text IS NOT NULL AND w.appreciation_text <> '' THEN 20 ELSE 0 END) +
            (CASE WHEN w.char_count BETWEEN 12 AND 220 THEN 10 ELSE 0 END) +
            COALESCE(rel.relation_count, 0) * 0.05 +
            COALESCE(meta.tag_count, 0) * 0.20,
            2
        ) AS hotScore,
        DATE_FORMAT(w.created_at, '%Y-%m-%d %H:%i:%s') AS publishTime
    FROM poetry_work w
    JOIN matched_work mw ON mw.work_id = w.work_id
    LEFT JOIN (
        SELECT work_id, COUNT(*) AS relation_count
        FROM work_relation
        GROUP BY work_id
    ) rel ON rel.work_id = w.work_id
    LEFT JOIN (
        SELECT work_id, COUNT(*) AS tag_count
        FROM work_tag
        GROUP BY work_id
    ) meta ON meta.work_id = w.work_id
)
SELECT
    wm.workId,
    wm.title,
    wm.authorName,
    wm.dynastyName,
    wm.contentPreview,
    (
        SELECT GROUP_CONCAT(t.tag_name ORDER BY t.tag_name SEPARATOR ',')
        FROM work_tag wt2
        JOIN tag t ON t.tag_id = wt2.tag_id
        WHERE wt2.work_id = wm.workId
          AND wt2.tag_id IN (?)
    ) AS matchedTags,
    wm.hotScore,
    wm.publishTime
FROM work_meta wm
ORDER BY wm.hotScore DESC, wm.workId DESC
LIMIT ? OFFSET ?
]
2026-04-21T19:55:46.515+08:00 DEBUG 21432 --- [nio-8080-exec-1] m.m.a.RequestResponseBodyMethodProcessor : Using 'application/json', given [*/*] and supported [application/json, application/*+json]
2026-04-21T19:55:46.515+08:00 DEBUG 21432 --- [nio-8080-exec-1] m.m.a.RequestResponseBodyMethodProcessor : Writing [PoemTagSearchResponse[selectedTagIds=[1], sort=hot, total=31664, items=[PoemSearchItemDto[workId=215 (truncated)...]
2026-04-21T19:55:46.516+08:00 DEBUG 21432 --- [nio-8080-exec-1] o.s.web.servlet.DispatcherServlet        : Completed 200 OK
2026-04-21T19:55:47.202+08:00 DEBUG 21432 --- [nio-8080-exec-9] m.m.a.RequestResponseBodyMethodProcessor : Using 'application/json', given [*/*] and supported [application/json, application/*+json]
2026-04-21T19:55:47.202+08:00 DEBUG 21432 --- [nio-8080-exec-9] m.m.a.RequestResponseBodyMethodProcessor : Writing [PoemTagSearchResponse[selectedTagIds=[8], sort=hot, total=14211, items=[PoemSearchItemDto[workId=215 (truncated)...]
2026-04-21T19:55:47.202+08:00 DEBUG 21432 --- [nio-8080-exec-9] o.s.web.servlet.DispatcherServlet        : Completed 200 OK
2026-04-21T20:01:01.745+08:00 DEBUG 21432 --- [nio-8080-exec-6] o.s.web.servlet.DispatcherServlet        : GET "/api/tags/hot?limit=20", parameters={masked}
2026-04-21T20:01:01.746+08:00 DEBUG 21432 --- [nio-8080-exec-6] s.w.s.m.m.a.RequestMappingHandlerMapping : Mapped to com.example.poetry.backend.controller.TagSearchController#getHotTags(int)
2026-04-21T20:01:01.746+08:00 DEBUG 21432 --- [nio-8080-exec-6] o.s.jdbc.core.JdbcTemplate               : Executing prepared SQL query
2026-04-21T20:01:01.747+08:00 DEBUG 21432 --- [nio-8080-exec-6] o.s.jdbc.core.JdbcTemplate               : Executing prepared SQL statement [SELECT
    t.tag_id AS tagId,
    t.tag_name AS tagName,
    t.tag_type AS tagType,
    COUNT(wt.work_id) AS workCount
FROM tag t
LEFT JOIN work_tag wt ON wt.tag_id = t.tag_id
GROUP BY t.tag_id, t.tag_name, t.tag_type
ORDER BY workCount DESC, t.tag_id ASC
LIMIT ?
]
2026-04-21T20:01:03.624+08:00 DEBUG 21432 --- [nio-8080-exec-6] m.m.a.RequestResponseBodyMethodProcessor : Using 'application/json', given [*/*] and supported [application/json, application/*+json]
2026-04-21T20:01:03.625+08:00 DEBUG 21432 --- [nio-8080-exec-6] m.m.a.RequestResponseBodyMethodProcessor : Writing [[TagDto[tagId=15, tagName=写景, tagType=theme, workCount=96521], TagDto[tagId=6, tagName=山水, tagType=s (truncated)...]
2026-04-21T20:01:03.627+08:00 DEBUG 21432 --- [nio-8080-exec-6] o.s.web.servlet.DispatcherServlet        : Completed 200 OK
2026-04-21T20:01:04.305+08:00 DEBUG 21432 --- [nio-8080-exec-2] o.s.web.servlet.DispatcherServlet        : GET "/api/poems/search/by-tags?tagIds=15&sort=hot&page=1&pageSize=20", parameters={masked}
2026-04-21T20:01:04.306+08:00 DEBUG 21432 --- [nio-8080-exec-2] s.w.s.m.m.a.RequestMappingHandlerMapping : Mapped to com.example.poetry.backend.controller.TagSearchController#searchByTags(String, String, int, int)
2026-04-21T20:01:04.308+08:00 DEBUG 21432 --- [nio-8080-exec-2] o.s.jdbc.core.JdbcTemplate               : Executing prepared SQL query
2026-04-21T20:01:04.308+08:00 DEBUG 21432 --- [nio-8080-exec-2] o.s.jdbc.core.JdbcTemplate               : Executing prepared SQL statement [SELECT COUNT(*) FROM (
    SELECT w.work_id
    FROM poetry_work w
    JOIN work_tag wt ON wt.work_id = w.work_id
    WHERE wt.tag_id IN (?)
    GROUP BY w.work_id
    HAVING COUNT(DISTINCT wt.tag_id) = ?
) result_count
]
2026-04-21T20:01:06.016+08:00 DEBUG 21432 --- [nio-8080-exec-3] o.s.web.servlet.DispatcherServlet        : GET "/api/poems/search/by-tags?tagIds=15&sort=hot&page=1&pageSize=20", parameters={masked}
2026-04-21T20:01:06.016+08:00 DEBUG 21432 --- [nio-8080-exec-3] s.w.s.m.m.a.RequestMappingHandlerMapping : Mapped to com.example.poetry.backend.controller.TagSearchController#searchByTags(String, String, int, int)
2026-04-21T20:01:06.019+08:00 DEBUG 21432 --- [nio-8080-exec-5] o.s.web.servlet.DispatcherServlet        : GET "/api/poems/search/by-tags?tagIds=15&sort=hot&page=1&pageSize=20", parameters={masked}
2026-04-21T20:01:06.019+08:00 DEBUG 21432 --- [nio-8080-exec-3] o.s.jdbc.core.JdbcTemplate               : Executing prepared SQL query
2026-04-21T20:01:06.021+08:00 DEBUG 21432 --- [nio-8080-exec-3] o.s.jdbc.core.JdbcTemplate               : Executing prepared SQL statement [SELECT COUNT(*) FROM (
    SELECT w.work_id
    FROM poetry_work w
    JOIN work_tag wt ON wt.work_id = w.work_id
    WHERE wt.tag_id IN (?)
    GROUP BY w.work_id
    HAVING COUNT(DISTINCT wt.tag_id) = ?
) result_count
]
2026-04-21T20:01:06.020+08:00 DEBUG 21432 --- [nio-8080-exec-5] s.w.s.m.m.a.RequestMappingHandlerMapping : Mapped to com.example.poetry.backend.controller.TagSearchController#searchByTags(String, String, int, int)
2026-04-21T20:01:06.023+08:00 DEBUG 21432 --- [nio-8080-exec-5] o.s.jdbc.core.JdbcTemplate               : Executing prepared SQL query
2026-04-21T20:01:06.024+08:00 DEBUG 21432 --- [nio-8080-exec-5] o.s.jdbc.core.JdbcTemplate               : Executing prepared SQL statement [SELECT COUNT(*) FROM (
    SELECT w.work_id
    FROM poetry_work w
    JOIN work_tag wt ON wt.work_id = w.work_id
    WHERE wt.tag_id IN (?)
    GROUP BY w.work_id
    HAVING COUNT(DISTINCT wt.tag_id) = ?
) result_count
]
2026-04-21T20:01:06.136+08:00 DEBUG 21432 --- [nio-8080-exec-2] o.s.jdbc.core.JdbcTemplate               : Executing prepared SQL query
2026-04-21T20:01:06.137+08:00 DEBUG 21432 --- [nio-8080-exec-2] o.s.jdbc.core.JdbcTemplate               : Executing prepared SQL statement [WITH matched_work AS (
    SELECT wt.work_id
    FROM work_tag wt
    WHERE wt.tag_id IN (?)
    GROUP BY wt.work_id
    HAVING COUNT(DISTINCT wt.tag_id) = ?
),
work_meta AS (
    SELECT
        w.work_id AS workId,
        w.title,
        w.author_name_cache AS authorName,
        w.dynasty_name AS dynastyName,
        LEFT(w.content_text, 120) AS contentPreview,
        ROUND(
            (CASE WHEN w.translation_text IS NOT NULL AND w.translation_text <> '' THEN 30 ELSE 0 END) +
            (CASE WHEN w.annotation_text IS NOT NULL AND w.annotation_text <> '' THEN 25 ELSE 0 END) +
            (CASE WHEN w.appreciation_text IS NOT NULL AND w.appreciation_text <> '' THEN 20 ELSE 0 END) +
            (CASE WHEN w.char_count BETWEEN 12 AND 220 THEN 10 ELSE 0 END) +
            COALESCE(rel.relation_count, 0) * 0.05 +
            COALESCE(meta.tag_count, 0) * 0.20,
            2
        ) AS hotScore,
        DATE_FORMAT(w.created_at, '%Y-%m-%d %H:%i:%s') AS publishTime
    FROM poetry_work w
    JOIN matched_work mw ON mw.work_id = w.work_id
    LEFT JOIN (
        SELECT work_id, COUNT(*) AS relation_count
        FROM work_relation
        GROUP BY work_id
    ) rel ON rel.work_id = w.work_id
    LEFT JOIN (
        SELECT work_id, COUNT(*) AS tag_count
        FROM work_tag
        GROUP BY work_id
    ) meta ON meta.work_id = w.work_id
)
SELECT
    wm.workId,
    wm.title,
    wm.authorName,
    wm.dynastyName,
    wm.contentPreview,
    (
        SELECT GROUP_CONCAT(t.tag_name ORDER BY t.tag_name SEPARATOR ',')
        FROM work_tag wt2
        JOIN tag t ON t.tag_id = wt2.tag_id
        WHERE wt2.work_id = wm.workId
          AND wt2.tag_id IN (?)
    ) AS matchedTags,
    wm.hotScore,
    wm.publishTime
FROM work_meta wm
ORDER BY wm.hotScore DESC, wm.workId DESC
LIMIT ? OFFSET ?
]
2026-04-21T20:01:07.475+08:00 DEBUG 21432 --- [nio-8080-exec-5] o.s.jdbc.core.JdbcTemplate               : Executing prepared SQL query
2026-04-21T20:01:07.476+08:00 DEBUG 21432 --- [nio-8080-exec-5] o.s.jdbc.core.JdbcTemplate               : Executing prepared SQL statement [WITH matched_work AS (
    SELECT wt.work_id
    FROM work_tag wt
    WHERE wt.tag_id IN (?)
    GROUP BY wt.work_id
    HAVING COUNT(DISTINCT wt.tag_id) = ?
),
work_meta AS (
    SELECT
        w.work_id AS workId,
        w.title,
        w.author_name_cache AS authorName,
        w.dynasty_name AS dynastyName,
        LEFT(w.content_text, 120) AS contentPreview,
        ROUND(
            (CASE WHEN w.translation_text IS NOT NULL AND w.translation_text <> '' THEN 30 ELSE 0 END) +
            (CASE WHEN w.annotation_text IS NOT NULL AND w.annotation_text <> '' THEN 25 ELSE 0 END) +
            (CASE WHEN w.appreciation_text IS NOT NULL AND w.appreciation_text <> '' THEN 20 ELSE 0 END) +
            (CASE WHEN w.char_count BETWEEN 12 AND 220 THEN 10 ELSE 0 END) +
            COALESCE(rel.relation_count, 0) * 0.05 +
            COALESCE(meta.tag_count, 0) * 0.20,
            2
        ) AS hotScore,
        DATE_FORMAT(w.created_at, '%Y-%m-%d %H:%i:%s') AS publishTime
    FROM poetry_work w
    JOIN matched_work mw ON mw.work_id = w.work_id
    LEFT JOIN (
        SELECT work_id, COUNT(*) AS relation_count
        FROM work_relation
        GROUP BY work_id
    ) rel ON rel.work_id = w.work_id
    LEFT JOIN (
        SELECT work_id, COUNT(*) AS tag_count
        FROM work_tag
        GROUP BY work_id
    ) meta ON meta.work_id = w.work_id
)
SELECT
    wm.workId,
    wm.title,
    wm.authorName,
    wm.dynastyName,
    wm.contentPreview,
    (
        SELECT GROUP_CONCAT(t.tag_name ORDER BY t.tag_name SEPARATOR ',')
        FROM work_tag wt2
        JOIN tag t ON t.tag_id = wt2.tag_id
        WHERE wt2.work_id = wm.workId
          AND wt2.tag_id IN (?)
    ) AS matchedTags,
    wm.hotScore,
    wm.publishTime
FROM work_meta wm
ORDER BY wm.hotScore DESC, wm.workId DESC
LIMIT ? OFFSET ?
]
2026-04-21T20:01:07.475+08:00 DEBUG 21432 --- [nio-8080-exec-3] o.s.jdbc.core.JdbcTemplate               : Executing prepared SQL query
2026-04-21T20:01:07.477+08:00 DEBUG 21432 --- [nio-8080-exec-3] o.s.jdbc.core.JdbcTemplate               : Executing prepared SQL statement [WITH matched_work AS (
    SELECT wt.work_id
    FROM work_tag wt
    WHERE wt.tag_id IN (?)
    GROUP BY wt.work_id
    HAVING COUNT(DISTINCT wt.tag_id) = ?
),
work_meta AS (
    SELECT
        w.work_id AS workId,
        w.title,
        w.author_name_cache AS authorName,
        w.dynasty_name AS dynastyName,
        LEFT(w.content_text, 120) AS contentPreview,
        ROUND(
            (CASE WHEN w.translation_text IS NOT NULL AND w.translation_text <> '' THEN 30 ELSE 0 END) +
            (CASE WHEN w.annotation_text IS NOT NULL AND w.annotation_text <> '' THEN 25 ELSE 0 END) +
            (CASE WHEN w.appreciation_text IS NOT NULL AND w.appreciation_text <> '' THEN 20 ELSE 0 END) +
            (CASE WHEN w.char_count BETWEEN 12 AND 220 THEN 10 ELSE 0 END) +
            COALESCE(rel.relation_count, 0) * 0.05 +
            COALESCE(meta.tag_count, 0) * 0.20,
            2
        ) AS hotScore,
        DATE_FORMAT(w.created_at, '%Y-%m-%d %H:%i:%s') AS publishTime
    FROM poetry_work w
    JOIN matched_work mw ON mw.work_id = w.work_id
    LEFT JOIN (
        SELECT work_id, COUNT(*) AS relation_count
        FROM work_relation
        GROUP BY work_id
    ) rel ON rel.work_id = w.work_id
    LEFT JOIN (
        SELECT work_id, COUNT(*) AS tag_count
        FROM work_tag
        GROUP BY work_id
    ) meta ON meta.work_id = w.work_id
)
SELECT
    wm.workId,
    wm.title,
    wm.authorName,
    wm.dynastyName,
    wm.contentPreview,
    (
        SELECT GROUP_CONCAT(t.tag_name ORDER BY t.tag_name SEPARATOR ',')
        FROM work_tag wt2
        JOIN tag t ON t.tag_id = wt2.tag_id
        WHERE wt2.work_id = wm.workId
          AND wt2.tag_id IN (?)
    ) AS matchedTags,
    wm.hotScore,
    wm.publishTime
FROM work_meta wm
ORDER BY wm.hotScore DESC, wm.workId DESC
LIMIT ? OFFSET ?
]
2026-04-21T20:01:12.593+08:00 DEBUG 21432 --- [nio-8080-exec-2] m.m.a.RequestResponseBodyMethodProcessor : Using 'application/json', given [*/*] and supported [application/json, application/*+json]
2026-04-21T20:01:12.593+08:00 DEBUG 21432 --- [nio-8080-exec-2] m.m.a.RequestResponseBodyMethodProcessor : Writing [PoemTagSearchResponse[selectedTagIds=[15], sort=hot, total=96521, items=[PoemSearchItemDto[workId=21 (truncated)...]
2026-04-21T20:01:12.595+08:00 DEBUG 21432 --- [nio-8080-exec-2] o.s.web.servlet.DispatcherServlet        : Completed 200 OK
2026-04-21T20:01:13.475+08:00 DEBUG 21432 --- [nio-8080-exec-5] m.m.a.RequestResponseBodyMethodProcessor : Using 'application/json', given [*/*] and supported [application/json, application/*+json]
2026-04-21T20:01:13.475+08:00 DEBUG 21432 --- [nio-8080-exec-5] m.m.a.RequestResponseBodyMethodProcessor : Writing [PoemTagSearchResponse[selectedTagIds=[15], sort=hot, total=96521, items=[PoemSearchItemDto[workId=21 (truncated)...]
2026-04-21T20:01:13.475+08:00 DEBUG 21432 --- [nio-8080-exec-3] m.m.a.RequestResponseBodyMethodProcessor : Using 'application/json', given [*/*] and supported [application/json, application/*+json]
2026-04-21T20:01:13.476+08:00 DEBUG 21432 --- [nio-8080-exec-3] m.m.a.RequestResponseBodyMethodProcessor : Writing [PoemTagSearchResponse[selectedTagIds=[15], sort=hot, total=96521, items=[PoemSearchItemDto[workId=21 (truncated)...]
2026-04-21T20:01:13.476+08:00 DEBUG 21432 --- [nio-8080-exec-5] o.s.web.servlet.DispatcherServlet        : Completed 200 OK
2026-04-21T20:01:13.477+08:00 DEBUG 21432 --- [nio-8080-exec-3] o.s.web.servlet.DispatcherServlet        : Completed 200 OK
2026-04-21T20:01:23.044+08:00 DEBUG 21432 --- [io-8080-exec-10] o.s.web.servlet.DispatcherServlet        : GET "/api/tags/hot?limit=20", parameters={masked}
2026-04-21T20:01:23.045+08:00 DEBUG 21432 --- [io-8080-exec-10] s.w.s.m.m.a.RequestMappingHandlerMapping : Mapped to com.example.poetry.backend.controller.TagSearchController#getHotTags(int)
2026-04-21T20:01:23.045+08:00 DEBUG 21432 --- [io-8080-exec-10] o.s.jdbc.core.JdbcTemplate               : Executing prepared SQL query
2026-04-21T20:01:23.046+08:00 DEBUG 21432 --- [io-8080-exec-10] o.s.jdbc.core.JdbcTemplate               : Executing prepared SQL statement [SELECT
    t.tag_id AS tagId,
    t.tag_name AS tagName,
    t.tag_type AS tagType,
    COUNT(wt.work_id) AS workCount
FROM tag t
LEFT JOIN work_tag wt ON wt.tag_id = t.tag_id
GROUP BY t.tag_id, t.tag_name, t.tag_type
ORDER BY workCount DESC, t.tag_id ASC
LIMIT ?
]
2026-04-21T20:01:25.015+08:00 DEBUG 21432 --- [io-8080-exec-10] m.m.a.RequestResponseBodyMethodProcessor : Using 'application/json', given [*/*] and supported [application/json, application/*+json]
2026-04-21T20:01:25.016+08:00 DEBUG 21432 --- [io-8080-exec-10] m.m.a.RequestResponseBodyMethodProcessor : Writing [[TagDto[tagId=15, tagName=写景, tagType=theme, workCount=96521], TagDto[tagId=6, tagName=山水, tagType=s (truncated)...]
2026-04-21T20:01:25.017+08:00 DEBUG 21432 --- [io-8080-exec-10] o.s.web.servlet.DispatcherServlet        : Completed 200 OK
2026-04-21T20:01:26.450+08:00 DEBUG 21432 --- [nio-8080-exec-4] o.s.web.servlet.DispatcherServlet        : GET "/api/poems/search/by-tags?tagIds=15%2C6&sort=hot&page=1&pageSize=20", parameters={masked}
2026-04-21T20:01:26.450+08:00 DEBUG 21432 --- [nio-8080-exec-4] s.w.s.m.m.a.RequestMappingHandlerMapping : Mapped to com.example.poetry.backend.controller.TagSearchController#searchByTags(String, String, int, int)
2026-04-21T20:01:26.451+08:00 DEBUG 21432 --- [nio-8080-exec-4] o.s.jdbc.core.JdbcTemplate               : Executing prepared SQL query
2026-04-21T20:01:26.451+08:00 DEBUG 21432 --- [nio-8080-exec-4] o.s.jdbc.core.JdbcTemplate               : Executing prepared SQL statement [SELECT COUNT(*) FROM (
    SELECT w.work_id
    FROM poetry_work w
    JOIN work_tag wt ON wt.work_id = w.work_id
    WHERE wt.tag_id IN (?, ?)
    GROUP BY w.work_id
    HAVING COUNT(DISTINCT wt.tag_id) = ?
) result_count
]
2026-04-21T20:01:26.821+08:00 DEBUG 21432 --- [nio-8080-exec-1] o.s.web.servlet.DispatcherServlet        : GET "/api/poems/search/by-tags?tagIds=6&sort=hot&page=1&pageSize=20", parameters={masked}
2026-04-21T20:01:26.823+08:00 DEBUG 21432 --- [nio-8080-exec-1] s.w.s.m.m.a.RequestMappingHandlerMapping : Mapped to com.example.poetry.backend.controller.TagSearchController#searchByTags(String, String, int, int)
2026-04-21T20:01:26.824+08:00 DEBUG 21432 --- [nio-8080-exec-1] o.s.jdbc.core.JdbcTemplate               : Executing prepared SQL query
2026-04-21T20:01:26.824+08:00 DEBUG 21432 --- [nio-8080-exec-1] o.s.jdbc.core.JdbcTemplate               : Executing prepared SQL statement [SELECT COUNT(*) FROM (
    SELECT w.work_id
    FROM poetry_work w
    JOIN work_tag wt ON wt.work_id = w.work_id
    WHERE wt.tag_id IN (?)
    GROUP BY w.work_id
    HAVING COUNT(DISTINCT wt.tag_id) = ?
) result_count
]
2026-04-21T20:01:27.261+08:00 DEBUG 21432 --- [nio-8080-exec-8] o.s.web.servlet.DispatcherServlet        : GET "/api/poems/search/by-tags?tagIds=6&sort=hot&page=1&pageSize=20", parameters={masked}
2026-04-21T20:01:27.262+08:00 DEBUG 21432 --- [nio-8080-exec-8] s.w.s.m.m.a.RequestMappingHandlerMapping : Mapped to com.example.poetry.backend.controller.TagSearchController#searchByTags(String, String, int, int)
2026-04-21T20:01:27.263+08:00 DEBUG 21432 --- [nio-8080-exec-8] o.s.jdbc.core.JdbcTemplate               : Executing prepared SQL query
2026-04-21T20:01:27.264+08:00 DEBUG 21432 --- [nio-8080-exec-8] o.s.jdbc.core.JdbcTemplate               : Executing prepared SQL statement [SELECT COUNT(*) FROM (
    SELECT w.work_id
    FROM poetry_work w
    JOIN work_tag wt ON wt.work_id = w.work_id
    WHERE wt.tag_id IN (?)
    GROUP BY w.work_id
    HAVING COUNT(DISTINCT wt.tag_id) = ?
) result_count
]
2026-04-21T20:01:27.268+08:00 DEBUG 21432 --- [nio-8080-exec-9] o.s.web.servlet.DispatcherServlet        : GET "/api/poems/search/by-tags?tagIds=6&sort=hot&page=1&pageSize=20", parameters={masked}
2026-04-21T20:01:27.269+08:00 DEBUG 21432 --- [nio-8080-exec-9] s.w.s.m.m.a.RequestMappingHandlerMapping : Mapped to com.example.poetry.backend.controller.TagSearchController#searchByTags(String, String, int, int)
2026-04-21T20:01:27.271+08:00 DEBUG 21432 --- [nio-8080-exec-9] o.s.jdbc.core.JdbcTemplate               : Executing prepared SQL query
2026-04-21T20:01:27.272+08:00 DEBUG 21432 --- [nio-8080-exec-9] o.s.jdbc.core.JdbcTemplate               : Executing prepared SQL statement [SELECT COUNT(*) FROM (
    SELECT w.work_id
    FROM poetry_work w
    JOIN work_tag wt ON wt.work_id = w.work_id
    WHERE wt.tag_id IN (?)
    GROUP BY w.work_id
    HAVING COUNT(DISTINCT wt.tag_id) = ?
) result_count
]
2026-04-21T20:01:27.901+08:00 DEBUG 21432 --- [nio-8080-exec-1] o.s.jdbc.core.JdbcTemplate               : Executing prepared SQL query
2026-04-21T20:01:27.901+08:00 DEBUG 21432 --- [nio-8080-exec-1] o.s.jdbc.core.JdbcTemplate               : Executing prepared SQL statement [WITH matched_work AS (
    SELECT wt.work_id
    FROM work_tag wt
    WHERE wt.tag_id IN (?)
    GROUP BY wt.work_id
    HAVING COUNT(DISTINCT wt.tag_id) = ?
),
work_meta AS (
    SELECT
        w.work_id AS workId,
        w.title,
        w.author_name_cache AS authorName,
        w.dynasty_name AS dynastyName,
        LEFT(w.content_text, 120) AS contentPreview,
        ROUND(
            (CASE WHEN w.translation_text IS NOT NULL AND w.translation_text <> '' THEN 30 ELSE 0 END) +
            (CASE WHEN w.annotation_text IS NOT NULL AND w.annotation_text <> '' THEN 25 ELSE 0 END) +
            (CASE WHEN w.appreciation_text IS NOT NULL AND w.appreciation_text <> '' THEN 20 ELSE 0 END) +
            (CASE WHEN w.char_count BETWEEN 12 AND 220 THEN 10 ELSE 0 END) +
            COALESCE(rel.relation_count, 0) * 0.05 +
            COALESCE(meta.tag_count, 0) * 0.20,
            2
        ) AS hotScore,
        DATE_FORMAT(w.created_at, '%Y-%m-%d %H:%i:%s') AS publishTime
    FROM poetry_work w
    JOIN matched_work mw ON mw.work_id = w.work_id
    LEFT JOIN (
        SELECT work_id, COUNT(*) AS relation_count
        FROM work_relation
        GROUP BY work_id
    ) rel ON rel.work_id = w.work_id
    LEFT JOIN (
        SELECT work_id, COUNT(*) AS tag_count
        FROM work_tag
        GROUP BY work_id
    ) meta ON meta.work_id = w.work_id
)
SELECT
    wm.workId,
    wm.title,
    wm.authorName,
    wm.dynastyName,
    wm.contentPreview,
    (
        SELECT GROUP_CONCAT(t.tag_name ORDER BY t.tag_name SEPARATOR ',')
        FROM work_tag wt2
        JOIN tag t ON t.tag_id = wt2.tag_id
        WHERE wt2.work_id = wm.workId
          AND wt2.tag_id IN (?)
    ) AS matchedTags,
    wm.hotScore,
    wm.publishTime
FROM work_meta wm
ORDER BY wm.hotScore DESC, wm.workId DESC
LIMIT ? OFFSET ?
]
2026-04-21T20:01:27.924+08:00 DEBUG 21432 --- [nio-8080-exec-4] o.s.jdbc.core.JdbcTemplate               : Executing prepared SQL query
2026-04-21T20:01:27.925+08:00 DEBUG 21432 --- [nio-8080-exec-4] o.s.jdbc.core.JdbcTemplate               : Executing prepared SQL statement [WITH matched_work AS (
    SELECT wt.work_id
    FROM work_tag wt
    WHERE wt.tag_id IN (?, ?)
    GROUP BY wt.work_id
    HAVING COUNT(DISTINCT wt.tag_id) = ?
),
work_meta AS (
    SELECT
        w.work_id AS workId,
        w.title,
        w.author_name_cache AS authorName,
        w.dynasty_name AS dynastyName,
        LEFT(w.content_text, 120) AS contentPreview,
        ROUND(
            (CASE WHEN w.translation_text IS NOT NULL AND w.translation_text <> '' THEN 30 ELSE 0 END) +
            (CASE WHEN w.annotation_text IS NOT NULL AND w.annotation_text <> '' THEN 25 ELSE 0 END) +
            (CASE WHEN w.appreciation_text IS NOT NULL AND w.appreciation_text <> '' THEN 20 ELSE 0 END) +
            (CASE WHEN w.char_count BETWEEN 12 AND 220 THEN 10 ELSE 0 END) +
            COALESCE(rel.relation_count, 0) * 0.05 +
            COALESCE(meta.tag_count, 0) * 0.20,
            2
        ) AS hotScore,
        DATE_FORMAT(w.created_at, '%Y-%m-%d %H:%i:%s') AS publishTime
    FROM poetry_work w
    JOIN matched_work mw ON mw.work_id = w.work_id
    LEFT JOIN (
        SELECT work_id, COUNT(*) AS relation_count
        FROM work_relation
        GROUP BY work_id
    ) rel ON rel.work_id = w.work_id
    LEFT JOIN (
        SELECT work_id, COUNT(*) AS tag_count
        FROM work_tag
        GROUP BY work_id
    ) meta ON meta.work_id = w.work_id
)
SELECT
    wm.workId,
    wm.title,
    wm.authorName,
    wm.dynastyName,
    wm.contentPreview,
    (
        SELECT GROUP_CONCAT(t.tag_name ORDER BY t.tag_name SEPARATOR ',')
        FROM work_tag wt2
        JOIN tag t ON t.tag_id = wt2.tag_id
        WHERE wt2.work_id = wm.workId
          AND wt2.tag_id IN (?, ?)
    ) AS matchedTags,
    wm.hotScore,
    wm.publishTime
FROM work_meta wm
ORDER BY wm.hotScore DESC, wm.workId DESC
LIMIT ? OFFSET ?
]
2026-04-21T20:01:28.630+08:00 DEBUG 21432 --- [nio-8080-exec-8] o.s.jdbc.core.JdbcTemplate               : Executing prepared SQL query
2026-04-21T20:01:28.631+08:00 DEBUG 21432 --- [nio-8080-exec-8] o.s.jdbc.core.JdbcTemplate               : Executing prepared SQL statement [WITH matched_work AS (
    SELECT wt.work_id
    FROM work_tag wt
    WHERE wt.tag_id IN (?)
    GROUP BY wt.work_id
    HAVING COUNT(DISTINCT wt.tag_id) = ?
),
work_meta AS (
    SELECT
        w.work_id AS workId,
        w.title,
        w.author_name_cache AS authorName,
        w.dynasty_name AS dynastyName,
        LEFT(w.content_text, 120) AS contentPreview,
        ROUND(
            (CASE WHEN w.translation_text IS NOT NULL AND w.translation_text <> '' THEN 30 ELSE 0 END) +
            (CASE WHEN w.annotation_text IS NOT NULL AND w.annotation_text <> '' THEN 25 ELSE 0 END) +
            (CASE WHEN w.appreciation_text IS NOT NULL AND w.appreciation_text <> '' THEN 20 ELSE 0 END) +
            (CASE WHEN w.char_count BETWEEN 12 AND 220 THEN 10 ELSE 0 END) +
            COALESCE(rel.relation_count, 0) * 0.05 +
            COALESCE(meta.tag_count, 0) * 0.20,
            2
        ) AS hotScore,
        DATE_FORMAT(w.created_at, '%Y-%m-%d %H:%i:%s') AS publishTime
    FROM poetry_work w
    JOIN matched_work mw ON mw.work_id = w.work_id
    LEFT JOIN (
        SELECT work_id, COUNT(*) AS relation_count
        FROM work_relation
        GROUP BY work_id
    ) rel ON rel.work_id = w.work_id
    LEFT JOIN (
        SELECT work_id, COUNT(*) AS tag_count
        FROM work_tag
        GROUP BY work_id
    ) meta ON meta.work_id = w.work_id
)
SELECT
    wm.workId,
    wm.title,
    wm.authorName,
    wm.dynastyName,
    wm.contentPreview,
    (
        SELECT GROUP_CONCAT(t.tag_name ORDER BY t.tag_name SEPARATOR ',')
        FROM work_tag wt2
        JOIN tag t ON t.tag_id = wt2.tag_id
        WHERE wt2.work_id = wm.workId
          AND wt2.tag_id IN (?)
    ) AS matchedTags,
    wm.hotScore,
    wm.publishTime
FROM work_meta wm
ORDER BY wm.hotScore DESC, wm.workId DESC
LIMIT ? OFFSET ?
]
2026-04-21T20:01:28.631+08:00 DEBUG 21432 --- [nio-8080-exec-9] o.s.jdbc.core.JdbcTemplate               : Executing prepared SQL query
2026-04-21T20:01:28.631+08:00 DEBUG 21432 --- [nio-8080-exec-9] o.s.jdbc.core.JdbcTemplate               : Executing prepared SQL statement [WITH matched_work AS (
    SELECT wt.work_id
    FROM work_tag wt
    WHERE wt.tag_id IN (?)
    GROUP BY wt.work_id
    HAVING COUNT(DISTINCT wt.tag_id) = ?
),
work_meta AS (
    SELECT
        w.work_id AS workId,
        w.title,
        w.author_name_cache AS authorName,
        w.dynasty_name AS dynastyName,
        LEFT(w.content_text, 120) AS contentPreview,
        ROUND(
            (CASE WHEN w.translation_text IS NOT NULL AND w.translation_text <> '' THEN 30 ELSE 0 END) +
            (CASE WHEN w.annotation_text IS NOT NULL AND w.annotation_text <> '' THEN 25 ELSE 0 END) +
            (CASE WHEN w.appreciation_text IS NOT NULL AND w.appreciation_text <> '' THEN 20 ELSE 0 END) +
            (CASE WHEN w.char_count BETWEEN 12 AND 220 THEN 10 ELSE 0 END) +
            COALESCE(rel.relation_count, 0) * 0.05 +
            COALESCE(meta.tag_count, 0) * 0.20,
            2
        ) AS hotScore,
        DATE_FORMAT(w.created_at, '%Y-%m-%d %H:%i:%s') AS publishTime
    FROM poetry_work w
    JOIN matched_work mw ON mw.work_id = w.work_id
    LEFT JOIN (
        SELECT work_id, COUNT(*) AS relation_count
        FROM work_relation
        GROUP BY work_id
    ) rel ON rel.work_id = w.work_id
    LEFT JOIN (
        SELECT work_id, COUNT(*) AS tag_count
        FROM work_tag
        GROUP BY work_id
    ) meta ON meta.work_id = w.work_id
)
SELECT
    wm.workId,
    wm.title,
    wm.authorName,
    wm.dynastyName,
    wm.contentPreview,
    (
        SELECT GROUP_CONCAT(t.tag_name ORDER BY t.tag_name SEPARATOR ',')
        FROM work_tag wt2
        JOIN tag t ON t.tag_id = wt2.tag_id
        WHERE wt2.work_id = wm.workId
          AND wt2.tag_id IN (?)
    ) AS matchedTags,
    wm.hotScore,
    wm.publishTime
FROM work_meta wm
ORDER BY wm.hotScore DESC, wm.workId DESC
LIMIT ? OFFSET ?
]
2026-04-21T20:01:33.224+08:00 DEBUG 21432 --- [nio-8080-exec-1] m.m.a.RequestResponseBodyMethodProcessor : Using 'application/json', given [*/*] and supported [application/json, application/*+json]
2026-04-21T20:01:33.224+08:00 DEBUG 21432 --- [nio-8080-exec-1] m.m.a.RequestResponseBodyMethodProcessor : Writing [PoemTagSearchResponse[selectedTagIds=[6], sort=hot, total=68980, items=[PoemSearchItemDto[workId=215 (truncated)...]
2026-04-21T20:01:33.224+08:00 DEBUG 21432 --- [nio-8080-exec-4] m.m.a.RequestResponseBodyMethodProcessor : Using 'application/json', given [*/*] and supported [application/json, application/*+json]
2026-04-21T20:01:33.225+08:00 DEBUG 21432 --- [nio-8080-exec-4] m.m.a.RequestResponseBodyMethodProcessor : Writing [PoemTagSearchResponse[selectedTagIds=[15, 6], sort=hot, total=66482, items=[PoemSearchItemDto[workId (truncated)...]
2026-04-21T20:01:33.226+08:00 DEBUG 21432 --- [nio-8080-exec-1] o.s.web.servlet.DispatcherServlet        : Completed 200 OK
2026-04-21T20:01:33.226+08:00 DEBUG 21432 --- [nio-8080-exec-4] o.s.web.servlet.DispatcherServlet        : Completed 200 OK
2026-04-21T20:01:33.946+08:00 DEBUG 21432 --- [nio-8080-exec-8] m.m.a.RequestResponseBodyMethodProcessor : Using 'application/json', given [*/*] and supported [application/json, application/*+json]
2026-04-21T20:01:33.946+08:00 DEBUG 21432 --- [nio-8080-exec-8] m.m.a.RequestResponseBodyMethodProcessor : Writing [PoemTagSearchResponse[selectedTagIds=[6], sort=hot, total=68980, items=[PoemSearchItemDto[workId=215 (truncated)...]
2026-04-21T20:01:33.947+08:00 DEBUG 21432 --- [nio-8080-exec-8] o.s.web.servlet.DispatcherServlet        : Completed 200 OK
2026-04-21T20:01:33.947+08:00 DEBUG 21432 --- [nio-8080-exec-9] m.m.a.RequestResponseBodyMethodProcessor : Using 'application/json', given [*/*] and supported [application/json, application/*+json]
2026-04-21T20:01:33.948+08:00 DEBUG 21432 --- [nio-8080-exec-9] m.m.a.RequestResponseBodyMethodProcessor : Writing [PoemTagSearchResponse[selectedTagIds=[6], sort=hot, total=68980, items=[PoemSearchItemDto[workId=215 (truncated)...]
2026-04-21T20:01:33.949+08:00 DEBUG 21432 --- [nio-8080-exec-9] o.s.web.servlet.DispatcherServlet        : Completed 200 OK
2026-04-21T20:01:48.411+08:00 DEBUG 21432 --- [nio-8080-exec-7] o.s.web.servlet.DispatcherServlet        : GET "/api/tags/hot?limit=20", parameters={masked}
2026-04-21T20:01:48.412+08:00 DEBUG 21432 --- [nio-8080-exec-7] s.w.s.m.m.a.RequestMappingHandlerMapping : Mapped to com.example.poetry.backend.controller.TagSearchController#getHotTags(int)
2026-04-21T20:01:48.413+08:00 DEBUG 21432 --- [nio-8080-exec-7] o.s.jdbc.core.JdbcTemplate               : Executing prepared SQL query
2026-04-21T20:01:48.413+08:00 DEBUG 21432 --- [nio-8080-exec-7] o.s.jdbc.core.JdbcTemplate               : Executing prepared SQL statement [SELECT
    t.tag_id AS tagId,
    t.tag_name AS tagName,
    t.tag_type AS tagType,
    COUNT(wt.work_id) AS workCount
FROM tag t
LEFT JOIN work_tag wt ON wt.tag_id = t.tag_id
GROUP BY t.tag_id, t.tag_name, t.tag_type
ORDER BY workCount DESC, t.tag_id ASC
LIMIT ?
]
2026-04-21T20:01:50.444+08:00 DEBUG 21432 --- [nio-8080-exec-7] m.m.a.RequestResponseBodyMethodProcessor : Using 'application/json', given [*/*] and supported [application/json, application/*+json]
2026-04-21T20:01:50.445+08:00 DEBUG 21432 --- [nio-8080-exec-7] m.m.a.RequestResponseBodyMethodProcessor : Writing [[TagDto[tagId=15, tagName=写景, tagType=theme, workCount=96521], TagDto[tagId=6, tagName=山水, tagType=s (truncated)...]
2026-04-21T20:01:50.446+08:00 DEBUG 21432 --- [nio-8080-exec-7] o.s.web.servlet.DispatcherServlet        : Completed 200 OK
2026-04-21T20:04:40.947+08:00 DEBUG 21432 --- [io-8080-exec-10] o.s.web.servlet.DispatcherServlet        : GET "/api/poems/search/by-tags?tagIds=15&sort=hot&page=1&pageSize=20", parameters={masked}
2026-04-21T20:04:40.948+08:00 DEBUG 21432 --- [io-8080-exec-10] s.w.s.m.m.a.RequestMappingHandlerMapping : Mapped to com.example.poetry.backend.controller.TagSearchController#searchByTags(String, String, int, int)
2026-04-21T20:04:40.949+08:00 DEBUG 21432 --- [io-8080-exec-10] o.s.jdbc.core.JdbcTemplate               : Executing prepared SQL query
2026-04-21T20:04:40.949+08:00 DEBUG 21432 --- [io-8080-exec-10] o.s.jdbc.core.JdbcTemplate               : Executing prepared SQL statement [SELECT COUNT(*) FROM (
    SELECT w.work_id
    FROM poetry_work w
    JOIN work_tag wt ON wt.work_id = w.work_id
    WHERE wt.tag_id IN (?)
    GROUP BY w.work_id
    HAVING COUNT(DISTINCT wt.tag_id) = ?
) result_count
]
2026-04-21T20:04:42.212+08:00 DEBUG 21432 --- [nio-8080-exec-1] o.s.web.servlet.DispatcherServlet        : GET "/api/poems/search/by-tags?tagIds=15&sort=hot&page=1&pageSize=20", parameters={masked}
2026-04-21T20:04:42.213+08:00 DEBUG 21432 --- [nio-8080-exec-1] s.w.s.m.m.a.RequestMappingHandlerMapping : Mapped to com.example.poetry.backend.controller.TagSearchController#searchByTags(String, String, int, int)
2026-04-21T20:04:42.213+08:00 DEBUG 21432 --- [nio-8080-exec-4] o.s.web.servlet.DispatcherServlet        : GET "/api/poems/search/by-tags?tagIds=15&sort=hot&page=1&pageSize=20", parameters={masked}
2026-04-21T20:04:42.214+08:00 DEBUG 21432 --- [nio-8080-exec-1] o.s.jdbc.core.JdbcTemplate               : Executing prepared SQL query
2026-04-21T20:04:42.214+08:00 DEBUG 21432 --- [nio-8080-exec-4] s.w.s.m.m.a.RequestMappingHandlerMapping : Mapped to com.example.poetry.backend.controller.TagSearchController#searchByTags(String, String, int, int)
2026-04-21T20:04:42.215+08:00 DEBUG 21432 --- [nio-8080-exec-1] o.s.jdbc.core.JdbcTemplate               : Executing prepared SQL statement [SELECT COUNT(*) FROM (
    SELECT w.work_id
    FROM poetry_work w
    JOIN work_tag wt ON wt.work_id = w.work_id
    WHERE wt.tag_id IN (?)
    GROUP BY w.work_id
    HAVING COUNT(DISTINCT wt.tag_id) = ?
) result_count
]
2026-04-21T20:04:42.216+08:00 DEBUG 21432 --- [nio-8080-exec-4] o.s.jdbc.core.JdbcTemplate               : Executing prepared SQL query
2026-04-21T20:04:42.216+08:00 DEBUG 21432 --- [nio-8080-exec-4] o.s.jdbc.core.JdbcTemplate               : Executing prepared SQL statement [SELECT COUNT(*) FROM (
    SELECT w.work_id
    FROM poetry_work w
    JOIN work_tag wt ON wt.work_id = w.work_id
    WHERE wt.tag_id IN (?)
    GROUP BY w.work_id
    HAVING COUNT(DISTINCT wt.tag_id) = ?
) result_count
]
2026-04-21T20:04:42.873+08:00 DEBUG 21432 --- [io-8080-exec-10] o.s.jdbc.core.JdbcTemplate               : Executing prepared SQL query
2026-04-21T20:04:42.873+08:00 DEBUG 21432 --- [io-8080-exec-10] o.s.jdbc.core.JdbcTemplate               : Executing prepared SQL statement [WITH matched_work AS (
    SELECT wt.work_id
    FROM work_tag wt
    WHERE wt.tag_id IN (?)
    GROUP BY wt.work_id
    HAVING COUNT(DISTINCT wt.tag_id) = ?
),
work_meta AS (
    SELECT
        w.work_id AS workId,
        w.title,
        w.author_name_cache AS authorName,
        w.dynasty_name AS dynastyName,
        LEFT(w.content_text, 120) AS contentPreview,
        ROUND(
            (CASE WHEN w.translation_text IS NOT NULL AND w.translation_text <> '' THEN 30 ELSE 0 END) +
            (CASE WHEN w.annotation_text IS NOT NULL AND w.annotation_text <> '' THEN 25 ELSE 0 END) +
            (CASE WHEN w.appreciation_text IS NOT NULL AND w.appreciation_text <> '' THEN 20 ELSE 0 END) +
            (CASE WHEN w.char_count BETWEEN 12 AND 220 THEN 10 ELSE 0 END) +
            COALESCE(rel.relation_count, 0) * 0.05 +
            COALESCE(meta.tag_count, 0) * 0.20,
            2
        ) AS hotScore,
        DATE_FORMAT(w.created_at, '%Y-%m-%d %H:%i:%s') AS publishTime
    FROM poetry_work w
    JOIN matched_work mw ON mw.work_id = w.work_id
    LEFT JOIN (
        SELECT work_id, COUNT(*) AS relation_count
        FROM work_relation
        GROUP BY work_id
    ) rel ON rel.work_id = w.work_id
    LEFT JOIN (
        SELECT work_id, COUNT(*) AS tag_count
        FROM work_tag
        GROUP BY work_id
    ) meta ON meta.work_id = w.work_id
)
SELECT
    wm.workId,
    wm.title,
    wm.authorName,
    wm.dynastyName,
    wm.contentPreview,
    (
        SELECT GROUP_CONCAT(t.tag_name ORDER BY t.tag_name SEPARATOR ',')
        FROM work_tag wt2
        JOIN tag t ON t.tag_id = wt2.tag_id
        WHERE wt2.work_id = wm.workId
          AND wt2.tag_id IN (?)
    ) AS matchedTags,
    wm.hotScore,
    wm.publishTime
FROM work_meta wm
ORDER BY wm.hotScore DESC, wm.workId DESC
LIMIT ? OFFSET ?
]
2026-04-21T20:04:43.886+08:00 DEBUG 21432 --- [nio-8080-exec-4] o.s.jdbc.core.JdbcTemplate               : Executing prepared SQL query
2026-04-21T20:04:43.886+08:00 DEBUG 21432 --- [nio-8080-exec-4] o.s.jdbc.core.JdbcTemplate               : Executing prepared SQL statement [WITH matched_work AS (
    SELECT wt.work_id
    FROM work_tag wt
    WHERE wt.tag_id IN (?)
    GROUP BY wt.work_id
    HAVING COUNT(DISTINCT wt.tag_id) = ?
),
work_meta AS (
    SELECT
        w.work_id AS workId,
        w.title,
        w.author_name_cache AS authorName,
        w.dynasty_name AS dynastyName,
        LEFT(w.content_text, 120) AS contentPreview,
        ROUND(
            (CASE WHEN w.translation_text IS NOT NULL AND w.translation_text <> '' THEN 30 ELSE 0 END) +
            (CASE WHEN w.annotation_text IS NOT NULL AND w.annotation_text <> '' THEN 25 ELSE 0 END) +
            (CASE WHEN w.appreciation_text IS NOT NULL AND w.appreciation_text <> '' THEN 20 ELSE 0 END) +
            (CASE WHEN w.char_count BETWEEN 12 AND 220 THEN 10 ELSE 0 END) +
            COALESCE(rel.relation_count, 0) * 0.05 +
            COALESCE(meta.tag_count, 0) * 0.20,
            2
        ) AS hotScore,
        DATE_FORMAT(w.created_at, '%Y-%m-%d %H:%i:%s') AS publishTime
    FROM poetry_work w
    JOIN matched_work mw ON mw.work_id = w.work_id
    LEFT JOIN (
        SELECT work_id, COUNT(*) AS relation_count
        FROM work_relation
        GROUP BY work_id
    ) rel ON rel.work_id = w.work_id
    LEFT JOIN (
        SELECT work_id, COUNT(*) AS tag_count
        FROM work_tag
        GROUP BY work_id
    ) meta ON meta.work_id = w.work_id
)
SELECT
    wm.workId,
    wm.title,
    wm.authorName,
    wm.dynastyName,
    wm.contentPreview,
    (
        SELECT GROUP_CONCAT(t.tag_name ORDER BY t.tag_name SEPARATOR ',')
        FROM work_tag wt2
        JOIN tag t ON t.tag_id = wt2.tag_id
        WHERE wt2.work_id = wm.workId
          AND wt2.tag_id IN (?)
    ) AS matchedTags,
    wm.hotScore,
    wm.publishTime
FROM work_meta wm
ORDER BY wm.hotScore DESC, wm.workId DESC
LIMIT ? OFFSET ?
]
2026-04-21T20:04:43.895+08:00 DEBUG 21432 --- [nio-8080-exec-1] o.s.jdbc.core.JdbcTemplate               : Executing prepared SQL query
2026-04-21T20:04:43.895+08:00 DEBUG 21432 --- [nio-8080-exec-1] o.s.jdbc.core.JdbcTemplate               : Executing prepared SQL statement [WITH matched_work AS (
    SELECT wt.work_id
    FROM work_tag wt
    WHERE wt.tag_id IN (?)
    GROUP BY wt.work_id
    HAVING COUNT(DISTINCT wt.tag_id) = ?
),
work_meta AS (
    SELECT
        w.work_id AS workId,
        w.title,
        w.author_name_cache AS authorName,
        w.dynasty_name AS dynastyName,
        LEFT(w.content_text, 120) AS contentPreview,
        ROUND(
            (CASE WHEN w.translation_text IS NOT NULL AND w.translation_text <> '' THEN 30 ELSE 0 END) +
            (CASE WHEN w.annotation_text IS NOT NULL AND w.annotation_text <> '' THEN 25 ELSE 0 END) +
            (CASE WHEN w.appreciation_text IS NOT NULL AND w.appreciation_text <> '' THEN 20 ELSE 0 END) +
            (CASE WHEN w.char_count BETWEEN 12 AND 220 THEN 10 ELSE 0 END) +
            COALESCE(rel.relation_count, 0) * 0.05 +
            COALESCE(meta.tag_count, 0) * 0.20,
            2
        ) AS hotScore,
        DATE_FORMAT(w.created_at, '%Y-%m-%d %H:%i:%s') AS publishTime
    FROM poetry_work w
    JOIN matched_work mw ON mw.work_id = w.work_id
    LEFT JOIN (
        SELECT work_id, COUNT(*) AS relation_count
        FROM work_relation
        GROUP BY work_id
    ) rel ON rel.work_id = w.work_id
    LEFT JOIN (
        SELECT work_id, COUNT(*) AS tag_count
        FROM work_tag
        GROUP BY work_id
    ) meta ON meta.work_id = w.work_id
)
SELECT
    wm.workId,
    wm.title,
    wm.authorName,
    wm.dynastyName,
    wm.contentPreview,
    (
        SELECT GROUP_CONCAT(t.tag_name ORDER BY t.tag_name SEPARATOR ',')
        FROM work_tag wt2
        JOIN tag t ON t.tag_id = wt2.tag_id
        WHERE wt2.work_id = wm.workId
          AND wt2.tag_id IN (?)
    ) AS matchedTags,
    wm.hotScore,
    wm.publishTime
FROM work_meta wm
ORDER BY wm.hotScore DESC, wm.workId DESC
LIMIT ? OFFSET ?
]
2026-04-21T20:04:50.070+08:00 DEBUG 21432 --- [io-8080-exec-10] m.m.a.RequestResponseBodyMethodProcessor : Using 'application/json', given [*/*] and supported [application/json, application/*+json]
2026-04-21T20:04:50.070+08:00 DEBUG 21432 --- [io-8080-exec-10] m.m.a.RequestResponseBodyMethodProcessor : Writing [PoemTagSearchResponse[selectedTagIds=[15], sort=hot, total=96521, items=[PoemSearchItemDto[workId=21 (truncated)...]
2026-04-21T20:04:50.072+08:00 DEBUG 21432 --- [io-8080-exec-10] o.s.web.servlet.DispatcherServlet        : Completed 200 OK
2026-04-21T20:04:50.072+08:00 DEBUG 21432 --- [nio-8080-exec-1] m.m.a.RequestResponseBodyMethodProcessor : Using 'application/json', given [*/*] and supported [application/json, application/*+json]
2026-04-21T20:04:50.072+08:00 DEBUG 21432 --- [nio-8080-exec-4] m.m.a.RequestResponseBodyMethodProcessor : Using 'application/json', given [*/*] and supported [application/json, application/*+json]
2026-04-21T20:04:50.073+08:00 DEBUG 21432 --- [nio-8080-exec-1] m.m.a.RequestResponseBodyMethodProcessor : Writing [PoemTagSearchResponse[selectedTagIds=[15], sort=hot, total=96521, items=[PoemSearchItemDto[workId=21 (truncated)...]
2026-04-21T20:04:50.073+08:00 DEBUG 21432 --- [nio-8080-exec-4] m.m.a.RequestResponseBodyMethodProcessor : Writing [PoemTagSearchResponse[selectedTagIds=[15], sort=hot, total=96521, items=[PoemSearchItemDto[workId=21 (truncated)...]
2026-04-21T20:04:50.075+08:00 DEBUG 21432 --- [nio-8080-exec-1] o.s.web.servlet.DispatcherServlet        : Completed 200 OK
2026-04-21T20:04:50.075+08:00 DEBUG 21432 --- [nio-8080-exec-4] o.s.web.servlet.DispatcherServlet        : Completed 200 OK
2026-04-21T20:05:01.198+08:00 DEBUG 21432 --- [nio-8080-exec-8] o.s.web.servlet.DispatcherServlet        : GET "/api/tags/hot?limit=20", parameters={masked}
2026-04-21T20:05:01.199+08:00 DEBUG 21432 --- [nio-8080-exec-8] s.w.s.m.m.a.RequestMappingHandlerMapping : Mapped to com.example.poetry.backend.controller.TagSearchController#getHotTags(int)
2026-04-21T20:05:01.199+08:00 DEBUG 21432 --- [nio-8080-exec-8] o.s.jdbc.core.JdbcTemplate               : Executing prepared SQL query
2026-04-21T20:05:01.200+08:00 DEBUG 21432 --- [nio-8080-exec-8] o.s.jdbc.core.JdbcTemplate               : Executing prepared SQL statement [SELECT
    t.tag_id AS tagId,
    t.tag_name AS tagName,
    t.tag_type AS tagType,
    COUNT(wt.work_id) AS workCount
FROM tag t
LEFT JOIN work_tag wt ON wt.tag_id = t.tag_id
GROUP BY t.tag_id, t.tag_name, t.tag_type
ORDER BY workCount DESC, t.tag_id ASC
LIMIT ?
]
2026-04-21T20:05:03.114+08:00 DEBUG 21432 --- [nio-8080-exec-8] m.m.a.RequestResponseBodyMethodProcessor : Using 'application/json', given [*/*] and supported [application/json, application/*+json]
2026-04-21T20:05:03.114+08:00 DEBUG 21432 --- [nio-8080-exec-8] m.m.a.RequestResponseBodyMethodProcessor : Writing [[TagDto[tagId=15, tagName=写景, tagType=theme, workCount=96521], TagDto[tagId=6, tagName=山水, tagType=s (truncated)...]
2026-04-21T20:05:03.115+08:00 DEBUG 21432 --- [nio-8080-exec-8] o.s.web.servlet.DispatcherServlet        : Completed 200 OK
2026-04-21T20:05:04.523+08:00 DEBUG 21432 --- [nio-8080-exec-9] o.s.web.servlet.DispatcherServlet        : GET "/api/poems/search/by-tags?tagIds=6&sort=hot&page=1&pageSize=20", parameters={masked}
2026-04-21T20:05:04.525+08:00 DEBUG 21432 --- [nio-8080-exec-9] s.w.s.m.m.a.RequestMappingHandlerMapping : Mapped to com.example.poetry.backend.controller.TagSearchController#searchByTags(String, String, int, int)
2026-04-21T20:05:04.525+08:00 DEBUG 21432 --- [nio-8080-exec-9] o.s.jdbc.core.JdbcTemplate               : Executing prepared SQL query
2026-04-21T20:05:04.526+08:00 DEBUG 21432 --- [nio-8080-exec-9] o.s.jdbc.core.JdbcTemplate               : Executing prepared SQL statement [SELECT COUNT(*) FROM (
    SELECT w.work_id
    FROM poetry_work w
    JOIN work_tag wt ON wt.work_id = w.work_id
    WHERE wt.tag_id IN (?)
    GROUP BY w.work_id
    HAVING COUNT(DISTINCT wt.tag_id) = ?
) result_count
]
2026-04-21T20:05:06.509+08:00 DEBUG 21432 --- [nio-8080-exec-9] o.s.jdbc.core.JdbcTemplate               : Executing prepared SQL query
2026-04-21T20:05:06.510+08:00 DEBUG 21432 --- [nio-8080-exec-9] o.s.jdbc.core.JdbcTemplate               : Executing prepared SQL statement [WITH matched_work AS (
    SELECT wt.work_id
    FROM work_tag wt
    WHERE wt.tag_id IN (?)
    GROUP BY wt.work_id
    HAVING COUNT(DISTINCT wt.tag_id) = ?
),
work_meta AS (
    SELECT
        w.work_id AS workId,
        w.title,
        w.author_name_cache AS authorName,
        w.dynasty_name AS dynastyName,
        LEFT(w.content_text, 120) AS contentPreview,
        ROUND(
            (CASE WHEN w.translation_text IS NOT NULL AND w.translation_text <> '' THEN 30 ELSE 0 END) +
            (CASE WHEN w.annotation_text IS NOT NULL AND w.annotation_text <> '' THEN 25 ELSE 0 END) +
            (CASE WHEN w.appreciation_text IS NOT NULL AND w.appreciation_text <> '' THEN 20 ELSE 0 END) +
            (CASE WHEN w.char_count BETWEEN 12 AND 220 THEN 10 ELSE 0 END) +
            COALESCE(rel.relation_count, 0) * 0.05 +
            COALESCE(meta.tag_count, 0) * 0.20,
            2
        ) AS hotScore,
        DATE_FORMAT(w.created_at, '%Y-%m-%d %H:%i:%s') AS publishTime
    FROM poetry_work w
    JOIN matched_work mw ON mw.work_id = w.work_id
    LEFT JOIN (
        SELECT work_id, COUNT(*) AS relation_count
        FROM work_relation
        GROUP BY work_id
    ) rel ON rel.work_id = w.work_id
    LEFT JOIN (
        SELECT work_id, COUNT(*) AS tag_count
        FROM work_tag
        GROUP BY work_id
    ) meta ON meta.work_id = w.work_id
)
SELECT
    wm.workId,
    wm.title,
    wm.authorName,
    wm.dynastyName,
    wm.contentPreview,
    (
        SELECT GROUP_CONCAT(t.tag_name ORDER BY t.tag_name SEPARATOR ',')
        FROM work_tag wt2
        JOIN tag t ON t.tag_id = wt2.tag_id
        WHERE wt2.work_id = wm.workId
          AND wt2.tag_id IN (?)
    ) AS matchedTags,
    wm.hotScore,
    wm.publishTime
FROM work_meta wm
ORDER BY wm.hotScore DESC, wm.workId DESC
LIMIT ? OFFSET ?
]
2026-04-21T20:05:07.046+08:00 DEBUG 21432 --- [nio-8080-exec-7] o.s.web.servlet.DispatcherServlet        : GET "/api/poems/search/by-tags?tagIds=6&sort=hot&page=1&pageSize=20", parameters={masked}
2026-04-21T20:05:07.046+08:00 DEBUG 21432 --- [nio-8080-exec-7] s.w.s.m.m.a.RequestMappingHandlerMapping : Mapped to com.example.poetry.backend.controller.TagSearchController#searchByTags(String, String, int, int)
2026-04-21T20:05:07.046+08:00 DEBUG 21432 --- [nio-8080-exec-6] o.s.web.servlet.DispatcherServlet        : GET "/api/poems/search/by-tags?tagIds=6&sort=hot&page=1&pageSize=20", parameters={masked}
2026-04-21T20:05:07.047+08:00 DEBUG 21432 --- [nio-8080-exec-6] s.w.s.m.m.a.RequestMappingHandlerMapping : Mapped to com.example.poetry.backend.controller.TagSearchController#searchByTags(String, String, int, int)
2026-04-21T20:05:07.048+08:00 DEBUG 21432 --- [nio-8080-exec-7] o.s.jdbc.core.JdbcTemplate               : Executing prepared SQL query
2026-04-21T20:05:07.048+08:00 DEBUG 21432 --- [nio-8080-exec-6] o.s.jdbc.core.JdbcTemplate               : Executing prepared SQL query
2026-04-21T20:05:07.049+08:00 DEBUG 21432 --- [nio-8080-exec-6] o.s.jdbc.core.JdbcTemplate               : Executing prepared SQL statement [SELECT COUNT(*) FROM (
    SELECT w.work_id
    FROM poetry_work w
    JOIN work_tag wt ON wt.work_id = w.work_id
    WHERE wt.tag_id IN (?)
    GROUP BY w.work_id
    HAVING COUNT(DISTINCT wt.tag_id) = ?
) result_count
]
2026-04-21T20:05:07.049+08:00 DEBUG 21432 --- [nio-8080-exec-7] o.s.jdbc.core.JdbcTemplate               : Executing prepared SQL statement [SELECT COUNT(*) FROM (
    SELECT w.work_id
    FROM poetry_work w
    JOIN work_tag wt ON wt.work_id = w.work_id
    WHERE wt.tag_id IN (?)
    GROUP BY w.work_id
    HAVING COUNT(DISTINCT wt.tag_id) = ?
) result_count
]
2026-04-21T20:05:08.593+08:00 DEBUG 21432 --- [nio-8080-exec-6] o.s.jdbc.core.JdbcTemplate               : Executing prepared SQL query
2026-04-21T20:05:08.594+08:00 DEBUG 21432 --- [nio-8080-exec-6] o.s.jdbc.core.JdbcTemplate               : Executing prepared SQL statement [WITH matched_work AS (
    SELECT wt.work_id
    FROM work_tag wt
    WHERE wt.tag_id IN (?)
    GROUP BY wt.work_id
    HAVING COUNT(DISTINCT wt.tag_id) = ?
),
work_meta AS (
    SELECT
        w.work_id AS workId,
        w.title,
        w.author_name_cache AS authorName,
        w.dynasty_name AS dynastyName,
        LEFT(w.content_text, 120) AS contentPreview,
        ROUND(
            (CASE WHEN w.translation_text IS NOT NULL AND w.translation_text <> '' THEN 30 ELSE 0 END) +
            (CASE WHEN w.annotation_text IS NOT NULL AND w.annotation_text <> '' THEN 25 ELSE 0 END) +
            (CASE WHEN w.appreciation_text IS NOT NULL AND w.appreciation_text <> '' THEN 20 ELSE 0 END) +
            (CASE WHEN w.char_count BETWEEN 12 AND 220 THEN 10 ELSE 0 END) +
            COALESCE(rel.relation_count, 0) * 0.05 +
            COALESCE(meta.tag_count, 0) * 0.20,
            2
        ) AS hotScore,
        DATE_FORMAT(w.created_at, '%Y-%m-%d %H:%i:%s') AS publishTime
    FROM poetry_work w
    JOIN matched_work mw ON mw.work_id = w.work_id
    LEFT JOIN (
        SELECT work_id, COUNT(*) AS relation_count
        FROM work_relation
        GROUP BY work_id
    ) rel ON rel.work_id = w.work_id
    LEFT JOIN (
        SELECT work_id, COUNT(*) AS tag_count
        FROM work_tag
        GROUP BY work_id
    ) meta ON meta.work_id = w.work_id
)
SELECT
    wm.workId,
    wm.title,
    wm.authorName,
    wm.dynastyName,
    wm.contentPreview,
    (
        SELECT GROUP_CONCAT(t.tag_name ORDER BY t.tag_name SEPARATOR ',')
        FROM work_tag wt2
        JOIN tag t ON t.tag_id = wt2.tag_id
        WHERE wt2.work_id = wm.workId
          AND wt2.tag_id IN (?)
    ) AS matchedTags,
    wm.hotScore,
    wm.publishTime
FROM work_meta wm
ORDER BY wm.hotScore DESC, wm.workId DESC
LIMIT ? OFFSET ?
]
2026-04-21T20:05:08.595+08:00 DEBUG 21432 --- [nio-8080-exec-7] o.s.jdbc.core.JdbcTemplate               : Executing prepared SQL query
2026-04-21T20:05:08.595+08:00 DEBUG 21432 --- [nio-8080-exec-7] o.s.jdbc.core.JdbcTemplate               : Executing prepared SQL statement [WITH matched_work AS (
    SELECT wt.work_id
    FROM work_tag wt
    WHERE wt.tag_id IN (?)
    GROUP BY wt.work_id
    HAVING COUNT(DISTINCT wt.tag_id) = ?
),
work_meta AS (
    SELECT
        w.work_id AS workId,
        w.title,
        w.author_name_cache AS authorName,
        w.dynasty_name AS dynastyName,
        LEFT(w.content_text, 120) AS contentPreview,
        ROUND(
            (CASE WHEN w.translation_text IS NOT NULL AND w.translation_text <> '' THEN 30 ELSE 0 END) +
            (CASE WHEN w.annotation_text IS NOT NULL AND w.annotation_text <> '' THEN 25 ELSE 0 END) +
            (CASE WHEN w.appreciation_text IS NOT NULL AND w.appreciation_text <> '' THEN 20 ELSE 0 END) +
            (CASE WHEN w.char_count BETWEEN 12 AND 220 THEN 10 ELSE 0 END) +
            COALESCE(rel.relation_count, 0) * 0.05 +
            COALESCE(meta.tag_count, 0) * 0.20,
            2
        ) AS hotScore,
        DATE_FORMAT(w.created_at, '%Y-%m-%d %H:%i:%s') AS publishTime
    FROM poetry_work w
    JOIN matched_work mw ON mw.work_id = w.work_id
    LEFT JOIN (
        SELECT work_id, COUNT(*) AS relation_count
        FROM work_relation
        GROUP BY work_id
    ) rel ON rel.work_id = w.work_id
    LEFT JOIN (
        SELECT work_id, COUNT(*) AS tag_count
        FROM work_tag
        GROUP BY work_id
    ) meta ON meta.work_id = w.work_id
)
SELECT
    wm.workId,
    wm.title,
    wm.authorName,
    wm.dynastyName,
    wm.contentPreview,
    (
        SELECT GROUP_CONCAT(t.tag_name ORDER BY t.tag_name SEPARATOR ',')
        FROM work_tag wt2
        JOIN tag t ON t.tag_id = wt2.tag_id
        WHERE wt2.work_id = wm.workId
          AND wt2.tag_id IN (?)
    ) AS matchedTags,
    wm.hotScore,
    wm.publishTime
FROM work_meta wm
ORDER BY wm.hotScore DESC, wm.workId DESC
LIMIT ? OFFSET ?
]
2026-04-21T20:05:12.318+08:00 DEBUG 21432 --- [nio-8080-exec-9] m.m.a.RequestResponseBodyMethodProcessor : Using 'application/json', given [*/*] and supported [application/json, application/*+json]
2026-04-21T20:05:12.319+08:00 DEBUG 21432 --- [nio-8080-exec-9] m.m.a.RequestResponseBodyMethodProcessor : Writing [PoemTagSearchResponse[selectedTagIds=[6], sort=hot, total=68980, items=[PoemSearchItemDto[workId=215 (truncated)...]
2026-04-21T20:05:12.320+08:00 DEBUG 21432 --- [nio-8080-exec-9] o.s.web.servlet.DispatcherServlet        : Completed 200 OK
2026-04-21T20:05:13.856+08:00 DEBUG 21432 --- [nio-8080-exec-7] m.m.a.RequestResponseBodyMethodProcessor : Using 'application/json', given [*/*] and supported [application/json, application/*+json]
2026-04-21T20:05:13.856+08:00 DEBUG 21432 --- [nio-8080-exec-6] m.m.a.RequestResponseBodyMethodProcessor : Using 'application/json', given [*/*] and supported [application/json, application/*+json]
2026-04-21T20:05:13.856+08:00 DEBUG 21432 --- [nio-8080-exec-7] m.m.a.RequestResponseBodyMethodProcessor : Writing [PoemTagSearchResponse[selectedTagIds=[6], sort=hot, total=68980, items=[PoemSearchItemDto[workId=215 (truncated)...]
2026-04-21T20:05:13.856+08:00 DEBUG 21432 --- [nio-8080-exec-6] m.m.a.RequestResponseBodyMethodProcessor : Writing [PoemTagSearchResponse[selectedTagIds=[6], sort=hot, total=68980, items=[PoemSearchItemDto[workId=215 (truncated)...]
2026-04-21T20:05:13.857+08:00 DEBUG 21432 --- [nio-8080-exec-7] o.s.web.servlet.DispatcherServlet        : Completed 200 OK
2026-04-21T20:05:13.857+08:00 DEBUG 21432 --- [nio-8080-exec-6] o.s.web.servlet.DispatcherServlet        : Completed 200 OK
2026-04-21T20:06:05.238+08:00 DEBUG 21432 --- [nio-8080-exec-2] o.s.web.servlet.DispatcherServlet        : GET "/api/poems/search/by-tags?tagIds=6&sort=publish_time&page=1&pageSize=20", parameters={masked}
2026-04-21T20:06:05.239+08:00 DEBUG 21432 --- [nio-8080-exec-2] s.w.s.m.m.a.RequestMappingHandlerMapping : Mapped to com.example.poetry.backend.controller.TagSearchController#searchByTags(String, String, int, int)
2026-04-21T20:06:05.240+08:00 DEBUG 21432 --- [nio-8080-exec-2] o.s.jdbc.core.JdbcTemplate               : Executing prepared SQL query
2026-04-21T20:06:05.240+08:00 DEBUG 21432 --- [nio-8080-exec-2] o.s.jdbc.core.JdbcTemplate               : Executing prepared SQL statement [SELECT COUNT(*) FROM (
    SELECT w.work_id
    FROM poetry_work w
    JOIN work_tag wt ON wt.work_id = w.work_id
    WHERE wt.tag_id IN (?)
    GROUP BY w.work_id
    HAVING COUNT(DISTINCT wt.tag_id) = ?
) result_count
]
2026-04-21T20:06:06.966+08:00 DEBUG 21432 --- [nio-8080-exec-2] o.s.jdbc.core.JdbcTemplate               : Executing prepared SQL query
2026-04-21T20:06:06.966+08:00 DEBUG 21432 --- [nio-8080-exec-2] o.s.jdbc.core.JdbcTemplate               : Executing prepared SQL statement [WITH matched_work AS (
    SELECT wt.work_id
    FROM work_tag wt
    WHERE wt.tag_id IN (?)
    GROUP BY wt.work_id
    HAVING COUNT(DISTINCT wt.tag_id) = ?
),
work_meta AS (
    SELECT
        w.work_id AS workId,
        w.title,
        w.author_name_cache AS authorName,
        w.dynasty_name AS dynastyName,
        LEFT(w.content_text, 120) AS contentPreview,
        ROUND(
            (CASE WHEN w.translation_text IS NOT NULL AND w.translation_text <> '' THEN 30 ELSE 0 END) +
            (CASE WHEN w.annotation_text IS NOT NULL AND w.annotation_text <> '' THEN 25 ELSE 0 END) +
            (CASE WHEN w.appreciation_text IS NOT NULL AND w.appreciation_text <> '' THEN 20 ELSE 0 END) +
            (CASE WHEN w.char_count BETWEEN 12 AND 220 THEN 10 ELSE 0 END) +
            COALESCE(rel.relation_count, 0) * 0.05 +
            COALESCE(meta.tag_count, 0) * 0.20,
            2
        ) AS hotScore,
        DATE_FORMAT(w.created_at, '%Y-%m-%d %H:%i:%s') AS publishTime
    FROM poetry_work w
    JOIN matched_work mw ON mw.work_id = w.work_id
    LEFT JOIN (
        SELECT work_id, COUNT(*) AS relation_count
        FROM work_relation
        GROUP BY work_id
    ) rel ON rel.work_id = w.work_id
    LEFT JOIN (
        SELECT work_id, COUNT(*) AS tag_count
        FROM work_tag
        GROUP BY work_id
    ) meta ON meta.work_id = w.work_id
)
SELECT
    wm.workId,
    wm.title,
    wm.authorName,
    wm.dynastyName,
    wm.contentPreview,
    (
        SELECT GROUP_CONCAT(t.tag_name ORDER BY t.tag_name SEPARATOR ',')
        FROM work_tag wt2
        JOIN tag t ON t.tag_id = wt2.tag_id
        WHERE wt2.work_id = wm.workId
          AND wt2.tag_id IN (?)
    ) AS matchedTags,
    wm.hotScore,
    wm.publishTime
FROM work_meta wm
ORDER BY wm.publishTime DESC, wm.workId DESC
LIMIT ? OFFSET ?
]
2026-04-21T20:06:09.005+08:00 DEBUG 21432 --- [nio-8080-exec-5] o.s.web.servlet.DispatcherServlet        : GET "/api/poems/search/by-tags?tagIds=6&sort=hot&page=1&pageSize=20", parameters={masked}
2026-04-21T20:06:09.005+08:00 DEBUG 21432 --- [nio-8080-exec-5] s.w.s.m.m.a.RequestMappingHandlerMapping : Mapped to com.example.poetry.backend.controller.TagSearchController#searchByTags(String, String, int, int)
2026-04-21T20:06:09.006+08:00 DEBUG 21432 --- [nio-8080-exec-5] o.s.jdbc.core.JdbcTemplate               : Executing prepared SQL query
2026-04-21T20:06:09.007+08:00 DEBUG 21432 --- [nio-8080-exec-5] o.s.jdbc.core.JdbcTemplate               : Executing prepared SQL statement [SELECT COUNT(*) FROM (
    SELECT w.work_id
    FROM poetry_work w
    JOIN work_tag wt ON wt.work_id = w.work_id
    WHERE wt.tag_id IN (?)
    GROUP BY w.work_id
    HAVING COUNT(DISTINCT wt.tag_id) = ?
) result_count
]
2026-04-21T20:06:09.752+08:00 DEBUG 21432 --- [nio-8080-exec-3] o.s.web.servlet.DispatcherServlet        : GET "/api/poems/search/by-tags?tagIds=6&sort=publish_time&page=1&pageSize=20", parameters={masked}
2026-04-21T20:06:09.752+08:00 DEBUG 21432 --- [nio-8080-exec-3] s.w.s.m.m.a.RequestMappingHandlerMapping : Mapped to com.example.poetry.backend.controller.TagSearchController#searchByTags(String, String, int, int)
2026-04-21T20:06:09.754+08:00 DEBUG 21432 --- [nio-8080-exec-3] o.s.jdbc.core.JdbcTemplate               : Executing prepared SQL query
2026-04-21T20:06:09.754+08:00 DEBUG 21432 --- [nio-8080-exec-3] o.s.jdbc.core.JdbcTemplate               : Executing prepared SQL statement [SELECT COUNT(*) FROM (
    SELECT w.work_id
    FROM poetry_work w
    JOIN work_tag wt ON wt.work_id = w.work_id
    WHERE wt.tag_id IN (?)
    GROUP BY w.work_id
    HAVING COUNT(DISTINCT wt.tag_id) = ?
) result_count
]
2026-04-21T20:06:10.274+08:00 DEBUG 21432 --- [io-8080-exec-10] o.s.web.servlet.DispatcherServlet        : GET "/api/poems/2159", parameters={}
2026-04-21T20:06:10.274+08:00 DEBUG 21432 --- [io-8080-exec-10] s.w.s.m.m.a.RequestMappingHandlerMapping : Mapped to com.example.poetry.backend.controller.TagSearchController#getPoemDetail(Long)
2026-04-21T20:06:10.275+08:00 DEBUG 21432 --- [io-8080-exec-10] o.s.jdbc.core.JdbcTemplate               : Executing prepared SQL query
2026-04-21T20:06:10.275+08:00 DEBUG 21432 --- [io-8080-exec-10] o.s.jdbc.core.JdbcTemplate               : Executing prepared SQL statement [SELECT
    work_id AS workId,
    title,
    author_name_cache AS authorName,
    dynasty_name AS dynastyName,
    content_text AS contentText,
    translation_text AS translationText,
    annotation_text AS annotationText,
    appreciation_text AS appreciationText
FROM poetry_work
WHERE work_id = ?
]
2026-04-21T20:06:10.277+08:00 DEBUG 21432 --- [io-8080-exec-10] m.m.a.RequestResponseBodyMethodProcessor : Using 'application/json', given [*/*] and supported [application/json, application/*+json]
2026-04-21T20:06:10.278+08:00 DEBUG 21432 --- [io-8080-exec-10] m.m.a.RequestResponseBodyMethodProcessor : Writing [PoemDetailDto[workId=2159, title=贺新郎·兵后寓吴, authorName=蒋捷, dynastyName=宋代, contentText=<EOL> 深阁帘垂绣。记家人、软语 (truncated)...]
2026-04-21T20:06:10.280+08:00 DEBUG 21432 --- [io-8080-exec-10] o.s.web.servlet.DispatcherServlet        : Completed 200 OK
2026-04-21T20:06:10.437+08:00 DEBUG 21432 --- [nio-8080-exec-5] o.s.jdbc.core.JdbcTemplate               : Executing prepared SQL query
2026-04-21T20:06:10.438+08:00 DEBUG 21432 --- [nio-8080-exec-5] o.s.jdbc.core.JdbcTemplate               : Executing prepared SQL statement [WITH matched_work AS (
    SELECT wt.work_id
    FROM work_tag wt
    WHERE wt.tag_id IN (?)
    GROUP BY wt.work_id
    HAVING COUNT(DISTINCT wt.tag_id) = ?
),
work_meta AS (
    SELECT
        w.work_id AS workId,
        w.title,
        w.author_name_cache AS authorName,
        w.dynasty_name AS dynastyName,
        LEFT(w.content_text, 120) AS contentPreview,
        ROUND(
            (CASE WHEN w.translation_text IS NOT NULL AND w.translation_text <> '' THEN 30 ELSE 0 END) +
            (CASE WHEN w.annotation_text IS NOT NULL AND w.annotation_text <> '' THEN 25 ELSE 0 END) +
            (CASE WHEN w.appreciation_text IS NOT NULL AND w.appreciation_text <> '' THEN 20 ELSE 0 END) +
            (CASE WHEN w.char_count BETWEEN 12 AND 220 THEN 10 ELSE 0 END) +
            COALESCE(rel.relation_count, 0) * 0.05 +
            COALESCE(meta.tag_count, 0) * 0.20,
            2
        ) AS hotScore,
        DATE_FORMAT(w.created_at, '%Y-%m-%d %H:%i:%s') AS publishTime
    FROM poetry_work w
    JOIN matched_work mw ON mw.work_id = w.work_id
    LEFT JOIN (
        SELECT work_id, COUNT(*) AS relation_count
        FROM work_relation
        GROUP BY work_id
    ) rel ON rel.work_id = w.work_id
    LEFT JOIN (
        SELECT work_id, COUNT(*) AS tag_count
        FROM work_tag
        GROUP BY work_id
    ) meta ON meta.work_id = w.work_id
)
SELECT
    wm.workId,
    wm.title,
    wm.authorName,
    wm.dynastyName,
    wm.contentPreview,
    (
        SELECT GROUP_CONCAT(t.tag_name ORDER BY t.tag_name SEPARATOR ',')
        FROM work_tag wt2
        JOIN tag t ON t.tag_id = wt2.tag_id
        WHERE wt2.work_id = wm.workId
          AND wt2.tag_id IN (?)
    ) AS matchedTags,
    wm.hotScore,
    wm.publishTime
FROM work_meta wm
ORDER BY wm.hotScore DESC, wm.workId DESC
LIMIT ? OFFSET ?
]
2026-04-21T20:06:11.314+08:00 DEBUG 21432 --- [nio-8080-exec-3] o.s.jdbc.core.JdbcTemplate               : Executing prepared SQL query
2026-04-21T20:06:11.315+08:00 DEBUG 21432 --- [nio-8080-exec-3] o.s.jdbc.core.JdbcTemplate               : Executing prepared SQL statement [WITH matched_work AS (
    SELECT wt.work_id
    FROM work_tag wt
    WHERE wt.tag_id IN (?)
    GROUP BY wt.work_id
    HAVING COUNT(DISTINCT wt.tag_id) = ?
),
work_meta AS (
    SELECT
        w.work_id AS workId,
        w.title,
        w.author_name_cache AS authorName,
        w.dynasty_name AS dynastyName,
        LEFT(w.content_text, 120) AS contentPreview,
        ROUND(
            (CASE WHEN w.translation_text IS NOT NULL AND w.translation_text <> '' THEN 30 ELSE 0 END) +
            (CASE WHEN w.annotation_text IS NOT NULL AND w.annotation_text <> '' THEN 25 ELSE 0 END) +
            (CASE WHEN w.appreciation_text IS NOT NULL AND w.appreciation_text <> '' THEN 20 ELSE 0 END) +
            (CASE WHEN w.char_count BETWEEN 12 AND 220 THEN 10 ELSE 0 END) +
            COALESCE(rel.relation_count, 0) * 0.05 +
            COALESCE(meta.tag_count, 0) * 0.20,
            2
        ) AS hotScore,
        DATE_FORMAT(w.created_at, '%Y-%m-%d %H:%i:%s') AS publishTime
    FROM poetry_work w
    JOIN matched_work mw ON mw.work_id = w.work_id
    LEFT JOIN (
        SELECT work_id, COUNT(*) AS relation_count
        FROM work_relation
        GROUP BY work_id
    ) rel ON rel.work_id = w.work_id
    LEFT JOIN (
        SELECT work_id, COUNT(*) AS tag_count
        FROM work_tag
        GROUP BY work_id
    ) meta ON meta.work_id = w.work_id
)
SELECT
    wm.workId,
    wm.title,
    wm.authorName,
    wm.dynastyName,
    wm.contentPreview,
    (
        SELECT GROUP_CONCAT(t.tag_name ORDER BY t.tag_name SEPARATOR ',')
        FROM work_tag wt2
        JOIN tag t ON t.tag_id = wt2.tag_id
        WHERE wt2.work_id = wm.workId
          AND wt2.tag_id IN (?)
    ) AS matchedTags,
    wm.hotScore,
    wm.publishTime
FROM work_meta wm
ORDER BY wm.publishTime DESC, wm.workId DESC
LIMIT ? OFFSET ?
]
2026-04-21T20:06:11.760+08:00 DEBUG 21432 --- [nio-8080-exec-1] o.s.web.servlet.DispatcherServlet        : GET "/api/poems/search/by-tags?tagIds=6&sort=hot&page=1&pageSize=20", parameters={masked}
2026-04-21T20:06:11.760+08:00 DEBUG 21432 --- [nio-8080-exec-1] s.w.s.m.m.a.RequestMappingHandlerMapping : Mapped to com.example.poetry.backend.controller.TagSearchController#searchByTags(String, String, int, int)
2026-04-21T20:06:11.762+08:00 DEBUG 21432 --- [nio-8080-exec-1] o.s.jdbc.core.JdbcTemplate               : Executing prepared SQL query
2026-04-21T20:06:11.762+08:00 DEBUG 21432 --- [nio-8080-exec-1] o.s.jdbc.core.JdbcTemplate               : Executing prepared SQL statement [SELECT COUNT(*) FROM (
    SELECT w.work_id
    FROM poetry_work w
    JOIN work_tag wt ON wt.work_id = w.work_id
    WHERE wt.tag_id IN (?)
    GROUP BY w.work_id
    HAVING COUNT(DISTINCT wt.tag_id) = ?
) result_count
]
2026-04-21T20:06:11.764+08:00 DEBUG 21432 --- [nio-8080-exec-4] o.s.web.servlet.DispatcherServlet        : GET "/api/poems/search/by-tags?tagIds=6&sort=hot&page=1&pageSize=20", parameters={masked}
2026-04-21T20:06:11.765+08:00 DEBUG 21432 --- [nio-8080-exec-4] s.w.s.m.m.a.RequestMappingHandlerMapping : Mapped to com.example.poetry.backend.controller.TagSearchController#searchByTags(String, String, int, int)
2026-04-21T20:06:11.766+08:00 DEBUG 21432 --- [nio-8080-exec-4] o.s.jdbc.core.JdbcTemplate               : Executing prepared SQL query
2026-04-21T20:06:11.767+08:00 DEBUG 21432 --- [nio-8080-exec-4] o.s.jdbc.core.JdbcTemplate               : Executing prepared SQL statement [SELECT COUNT(*) FROM (
    SELECT w.work_id
    FROM poetry_work w
    JOIN work_tag wt ON wt.work_id = w.work_id
    WHERE wt.tag_id IN (?)
    GROUP BY w.work_id
    HAVING COUNT(DISTINCT wt.tag_id) = ?
) result_count
]
2026-04-21T20:06:12.219+08:00 DEBUG 21432 --- [nio-8080-exec-2] m.m.a.RequestResponseBodyMethodProcessor : Using 'application/json', given [*/*] and supported [application/json, application/*+json]
2026-04-21T20:06:12.220+08:00 DEBUG 21432 --- [nio-8080-exec-2] m.m.a.RequestResponseBodyMethodProcessor : Writing [PoemTagSearchResponse[selectedTagIds=[6], sort=publish_time, total=68980, items=[PoemSearchItemDto[w (truncated)...]
2026-04-21T20:06:12.221+08:00 DEBUG 21432 --- [nio-8080-exec-2] o.s.web.servlet.DispatcherServlet        : Completed 200 OK
2026-04-21T20:06:12.224+08:00 DEBUG 21432 --- [nio-8080-exec-8] o.s.web.servlet.DispatcherServlet        : GET "/api/poems/search/by-tags?tagIds=6&sort=publish_time&page=1&pageSize=20", parameters={masked}
2026-04-21T20:06:12.225+08:00 DEBUG 21432 --- [nio-8080-exec-8] s.w.s.m.m.a.RequestMappingHandlerMapping : Mapped to com.example.poetry.backend.controller.TagSearchController#searchByTags(String, String, int, int)
2026-04-21T20:06:12.226+08:00 DEBUG 21432 --- [nio-8080-exec-8] o.s.jdbc.core.JdbcTemplate               : Executing prepared SQL query
2026-04-21T20:06:12.228+08:00 DEBUG 21432 --- [nio-8080-exec-8] o.s.jdbc.core.JdbcTemplate               : Executing prepared SQL statement [SELECT COUNT(*) FROM (
    SELECT w.work_id
    FROM poetry_work w
    JOIN work_tag wt ON wt.work_id = w.work_id
    WHERE wt.tag_id IN (?)
    GROUP BY w.work_id
    HAVING COUNT(DISTINCT wt.tag_id) = ?
) result_count
]
2026-04-21T20:06:13.265+08:00 DEBUG 21432 --- [nio-8080-exec-1] o.s.jdbc.core.JdbcTemplate               : Executing prepared SQL query
2026-04-21T20:06:13.265+08:00 DEBUG 21432 --- [nio-8080-exec-4] o.s.jdbc.core.JdbcTemplate               : Executing prepared SQL query
2026-04-21T20:06:13.266+08:00 DEBUG 21432 --- [nio-8080-exec-1] o.s.jdbc.core.JdbcTemplate               : Executing prepared SQL statement [WITH matched_work AS (
    SELECT wt.work_id
    FROM work_tag wt
    WHERE wt.tag_id IN (?)
    GROUP BY wt.work_id
    HAVING COUNT(DISTINCT wt.tag_id) = ?
),
work_meta AS (
    SELECT
        w.work_id AS workId,
        w.title,
        w.author_name_cache AS authorName,
        w.dynasty_name AS dynastyName,
        LEFT(w.content_text, 120) AS contentPreview,
        ROUND(
            (CASE WHEN w.translation_text IS NOT NULL AND w.translation_text <> '' THEN 30 ELSE 0 END) +
            (CASE WHEN w.annotation_text IS NOT NULL AND w.annotation_text <> '' THEN 25 ELSE 0 END) +
            (CASE WHEN w.appreciation_text IS NOT NULL AND w.appreciation_text <> '' THEN 20 ELSE 0 END) +
            (CASE WHEN w.char_count BETWEEN 12 AND 220 THEN 10 ELSE 0 END) +
            COALESCE(rel.relation_count, 0) * 0.05 +
            COALESCE(meta.tag_count, 0) * 0.20,
            2
        ) AS hotScore,
        DATE_FORMAT(w.created_at, '%Y-%m-%d %H:%i:%s') AS publishTime
    FROM poetry_work w
    JOIN matched_work mw ON mw.work_id = w.work_id
    LEFT JOIN (
        SELECT work_id, COUNT(*) AS relation_count
        FROM work_relation
        GROUP BY work_id
    ) rel ON rel.work_id = w.work_id
    LEFT JOIN (
        SELECT work_id, COUNT(*) AS tag_count
        FROM work_tag
        GROUP BY work_id
    ) meta ON meta.work_id = w.work_id
)
SELECT
    wm.workId,
    wm.title,
    wm.authorName,
    wm.dynastyName,
    wm.contentPreview,
    (
        SELECT GROUP_CONCAT(t.tag_name ORDER BY t.tag_name SEPARATOR ',')
        FROM work_tag wt2
        JOIN tag t ON t.tag_id = wt2.tag_id
        WHERE wt2.work_id = wm.workId
          AND wt2.tag_id IN (?)
    ) AS matchedTags,
    wm.hotScore,
    wm.publishTime
FROM work_meta wm
ORDER BY wm.hotScore DESC, wm.workId DESC
LIMIT ? OFFSET ?
]
2026-04-21T20:06:13.266+08:00 DEBUG 21432 --- [nio-8080-exec-4] o.s.jdbc.core.JdbcTemplate               : Executing prepared SQL statement [WITH matched_work AS (
    SELECT wt.work_id
    FROM work_tag wt
    WHERE wt.tag_id IN (?)
    GROUP BY wt.work_id
    HAVING COUNT(DISTINCT wt.tag_id) = ?
),
work_meta AS (
    SELECT
        w.work_id AS workId,
        w.title,
        w.author_name_cache AS authorName,
        w.dynasty_name AS dynastyName,
        LEFT(w.content_text, 120) AS contentPreview,
        ROUND(
            (CASE WHEN w.translation_text IS NOT NULL AND w.translation_text <> '' THEN 30 ELSE 0 END) +
            (CASE WHEN w.annotation_text IS NOT NULL AND w.annotation_text <> '' THEN 25 ELSE 0 END) +
            (CASE WHEN w.appreciation_text IS NOT NULL AND w.appreciation_text <> '' THEN 20 ELSE 0 END) +
            (CASE WHEN w.char_count BETWEEN 12 AND 220 THEN 10 ELSE 0 END) +
            COALESCE(rel.relation_count, 0) * 0.05 +
            COALESCE(meta.tag_count, 0) * 0.20,
            2
        ) AS hotScore,
        DATE_FORMAT(w.created_at, '%Y-%m-%d %H:%i:%s') AS publishTime
    FROM poetry_work w
    JOIN matched_work mw ON mw.work_id = w.work_id
    LEFT JOIN (
        SELECT work_id, COUNT(*) AS relation_count
        FROM work_relation
        GROUP BY work_id
    ) rel ON rel.work_id = w.work_id
    LEFT JOIN (
        SELECT work_id, COUNT(*) AS tag_count
        FROM work_tag
        GROUP BY work_id
    ) meta ON meta.work_id = w.work_id
)
SELECT
    wm.workId,
    wm.title,
    wm.authorName,
    wm.dynastyName,
    wm.contentPreview,
    (
        SELECT GROUP_CONCAT(t.tag_name ORDER BY t.tag_name SEPARATOR ',')
        FROM work_tag wt2
        JOIN tag t ON t.tag_id = wt2.tag_id
        WHERE wt2.work_id = wm.workId
          AND wt2.tag_id IN (?)
    ) AS matchedTags,
    wm.hotScore,
    wm.publishTime
FROM work_meta wm
ORDER BY wm.hotScore DESC, wm.workId DESC
LIMIT ? OFFSET ?
]
2026-04-21T20:06:13.601+08:00 DEBUG 21432 --- [nio-8080-exec-8] o.s.jdbc.core.JdbcTemplate               : Executing prepared SQL query
2026-04-21T20:06:13.601+08:00 DEBUG 21432 --- [nio-8080-exec-8] o.s.jdbc.core.JdbcTemplate               : Executing prepared SQL statement [WITH matched_work AS (
    SELECT wt.work_id
    FROM work_tag wt
    WHERE wt.tag_id IN (?)
    GROUP BY wt.work_id
    HAVING COUNT(DISTINCT wt.tag_id) = ?
),
work_meta AS (
    SELECT
        w.work_id AS workId,
        w.title,
        w.author_name_cache AS authorName,
        w.dynasty_name AS dynastyName,
        LEFT(w.content_text, 120) AS contentPreview,
        ROUND(
            (CASE WHEN w.translation_text IS NOT NULL AND w.translation_text <> '' THEN 30 ELSE 0 END) +
            (CASE WHEN w.annotation_text IS NOT NULL AND w.annotation_text <> '' THEN 25 ELSE 0 END) +
            (CASE WHEN w.appreciation_text IS NOT NULL AND w.appreciation_text <> '' THEN 20 ELSE 0 END) +
            (CASE WHEN w.char_count BETWEEN 12 AND 220 THEN 10 ELSE 0 END) +
            COALESCE(rel.relation_count, 0) * 0.05 +
            COALESCE(meta.tag_count, 0) * 0.20,
            2
        ) AS hotScore,
        DATE_FORMAT(w.created_at, '%Y-%m-%d %H:%i:%s') AS publishTime
    FROM poetry_work w
    JOIN matched_work mw ON mw.work_id = w.work_id
    LEFT JOIN (
        SELECT work_id, COUNT(*) AS relation_count
        FROM work_relation
        GROUP BY work_id
    ) rel ON rel.work_id = w.work_id
    LEFT JOIN (
        SELECT work_id, COUNT(*) AS tag_count
        FROM work_tag
        GROUP BY work_id
    ) meta ON meta.work_id = w.work_id
)
SELECT
    wm.workId,
    wm.title,
    wm.authorName,
    wm.dynastyName,
    wm.contentPreview,
    (
        SELECT GROUP_CONCAT(t.tag_name ORDER BY t.tag_name SEPARATOR ',')
        FROM work_tag wt2
        JOIN tag t ON t.tag_id = wt2.tag_id
        WHERE wt2.work_id = wm.workId
          AND wt2.tag_id IN (?)
    ) AS matchedTags,
    wm.hotScore,
    wm.publishTime
FROM work_meta wm
ORDER BY wm.publishTime DESC, wm.workId DESC
LIMIT ? OFFSET ?
]
2026-04-21T20:06:17.074+08:00 DEBUG 21432 --- [nio-8080-exec-5] m.m.a.RequestResponseBodyMethodProcessor : Using 'application/json', given [*/*] and supported [application/json, application/*+json]
2026-04-21T20:06:17.074+08:00 DEBUG 21432 --- [nio-8080-exec-5] m.m.a.RequestResponseBodyMethodProcessor : Writing [PoemTagSearchResponse[selectedTagIds=[6], sort=hot, total=68980, items=[PoemSearchItemDto[workId=215 (truncated)...]
2026-04-21T20:06:17.075+08:00 DEBUG 21432 --- [nio-8080-exec-5] o.s.web.servlet.DispatcherServlet        : Completed 200 OK
2026-04-21T20:06:17.079+08:00 DEBUG 21432 --- [nio-8080-exec-9] o.s.web.servlet.DispatcherServlet        : GET "/api/poems/search/by-tags?tagIds=6&sort=hot&page=1&pageSize=20", parameters={masked}
2026-04-21T20:06:17.080+08:00 DEBUG 21432 --- [nio-8080-exec-9] s.w.s.m.m.a.RequestMappingHandlerMapping : Mapped to com.example.poetry.backend.controller.TagSearchController#searchByTags(String, String, int, int)
2026-04-21T20:06:17.081+08:00 DEBUG 21432 --- [nio-8080-exec-9] o.s.jdbc.core.JdbcTemplate               : Executing prepared SQL query
2026-04-21T20:06:17.081+08:00 DEBUG 21432 --- [nio-8080-exec-9] o.s.jdbc.core.JdbcTemplate               : Executing prepared SQL statement [SELECT COUNT(*) FROM (
    SELECT w.work_id
    FROM poetry_work w
    JOIN work_tag wt ON wt.work_id = w.work_id
    WHERE wt.tag_id IN (?)
    GROUP BY w.work_id
    HAVING COUNT(DISTINCT wt.tag_id) = ?
) result_count
]
2026-04-21T20:06:17.478+08:00 DEBUG 21432 --- [nio-8080-exec-3] m.m.a.RequestResponseBodyMethodProcessor : Using 'application/json', given [*/*] and supported [application/json, application/*+json]
2026-04-21T20:06:17.479+08:00 DEBUG 21432 --- [nio-8080-exec-3] m.m.a.RequestResponseBodyMethodProcessor : Writing [PoemTagSearchResponse[selectedTagIds=[6], sort=publish_time, total=68980, items=[PoemSearchItemDto[w (truncated)...]
2026-04-21T20:06:17.480+08:00 DEBUG 21432 --- [nio-8080-exec-3] o.s.web.servlet.DispatcherServlet        : Completed 200 OK
2026-04-21T20:06:17.482+08:00 DEBUG 21432 --- [nio-8080-exec-7] o.s.web.servlet.DispatcherServlet        : GET "/api/poems/search/by-tags?tagIds=6&sort=publish_time&page=1&pageSize=20", parameters={masked}
2026-04-21T20:06:17.483+08:00 DEBUG 21432 --- [nio-8080-exec-7] s.w.s.m.m.a.RequestMappingHandlerMapping : Mapped to com.example.poetry.backend.controller.TagSearchController#searchByTags(String, String, int, int)
2026-04-21T20:06:17.484+08:00 DEBUG 21432 --- [nio-8080-exec-7] o.s.jdbc.core.JdbcTemplate               : Executing prepared SQL query
2026-04-21T20:06:17.484+08:00 DEBUG 21432 --- [nio-8080-exec-7] o.s.jdbc.core.JdbcTemplate               : Executing prepared SQL statement [SELECT COUNT(*) FROM (
    SELECT w.work_id
    FROM poetry_work w
    JOIN work_tag wt ON wt.work_id = w.work_id
    WHERE wt.tag_id IN (?)
    GROUP BY w.work_id
    HAVING COUNT(DISTINCT wt.tag_id) = ?
) result_count
]
2026-04-21T20:06:18.416+08:00 DEBUG 21432 --- [nio-8080-exec-9] o.s.jdbc.core.JdbcTemplate               : Executing prepared SQL query
2026-04-21T20:06:18.416+08:00 DEBUG 21432 --- [nio-8080-exec-9] o.s.jdbc.core.JdbcTemplate               : Executing prepared SQL statement [WITH matched_work AS (
    SELECT wt.work_id
    FROM work_tag wt
    WHERE wt.tag_id IN (?)
    GROUP BY wt.work_id
    HAVING COUNT(DISTINCT wt.tag_id) = ?
),
work_meta AS (
    SELECT
        w.work_id AS workId,
        w.title,
        w.author_name_cache AS authorName,
        w.dynasty_name AS dynastyName,
        LEFT(w.content_text, 120) AS contentPreview,
        ROUND(
            (CASE WHEN w.translation_text IS NOT NULL AND w.translation_text <> '' THEN 30 ELSE 0 END) +
            (CASE WHEN w.annotation_text IS NOT NULL AND w.annotation_text <> '' THEN 25 ELSE 0 END) +
            (CASE WHEN w.appreciation_text IS NOT NULL AND w.appreciation_text <> '' THEN 20 ELSE 0 END) +
            (CASE WHEN w.char_count BETWEEN 12 AND 220 THEN 10 ELSE 0 END) +
            COALESCE(rel.relation_count, 0) * 0.05 +
            COALESCE(meta.tag_count, 0) * 0.20,
            2
        ) AS hotScore,
        DATE_FORMAT(w.created_at, '%Y-%m-%d %H:%i:%s') AS publishTime
    FROM poetry_work w
    JOIN matched_work mw ON mw.work_id = w.work_id
    LEFT JOIN (
        SELECT work_id, COUNT(*) AS relation_count
        FROM work_relation
        GROUP BY work_id
    ) rel ON rel.work_id = w.work_id
    LEFT JOIN (
        SELECT work_id, COUNT(*) AS tag_count
        FROM work_tag
        GROUP BY work_id
    ) meta ON meta.work_id = w.work_id
)
SELECT
    wm.workId,
    wm.title,
    wm.authorName,
    wm.dynastyName,
    wm.contentPreview,
    (
        SELECT GROUP_CONCAT(t.tag_name ORDER BY t.tag_name SEPARATOR ',')
        FROM work_tag wt2
        JOIN tag t ON t.tag_id = wt2.tag_id
        WHERE wt2.work_id = wm.workId
          AND wt2.tag_id IN (?)
    ) AS matchedTags,
    wm.hotScore,
    wm.publishTime
FROM work_meta wm
ORDER BY wm.hotScore DESC, wm.workId DESC
LIMIT ? OFFSET ?
]
2026-04-21T20:06:18.755+08:00 DEBUG 21432 --- [nio-8080-exec-1] m.m.a.RequestResponseBodyMethodProcessor : Using 'application/json', given [*/*] and supported [application/json, application/*+json]
2026-04-21T20:06:18.756+08:00 DEBUG 21432 --- [nio-8080-exec-4] m.m.a.RequestResponseBodyMethodProcessor : Using 'application/json', given [*/*] and supported [application/json, application/*+json]
2026-04-21T20:06:18.757+08:00 DEBUG 21432 --- [nio-8080-exec-1] m.m.a.RequestResponseBodyMethodProcessor : Writing [PoemTagSearchResponse[selectedTagIds=[6], sort=hot, total=68980, items=[PoemSearchItemDto[workId=215 (truncated)...]
2026-04-21T20:06:18.757+08:00 DEBUG 21432 --- [nio-8080-exec-4] m.m.a.RequestResponseBodyMethodProcessor : Writing [PoemTagSearchResponse[selectedTagIds=[6], sort=hot, total=68980, items=[PoemSearchItemDto[workId=215 (truncated)...]
2026-04-21T20:06:18.758+08:00 DEBUG 21432 --- [nio-8080-exec-1] o.s.web.servlet.DispatcherServlet        : Completed 200 OK
2026-04-21T20:06:18.758+08:00 DEBUG 21432 --- [nio-8080-exec-4] o.s.web.servlet.DispatcherServlet        : Completed 200 OK
2026-04-21T20:06:18.760+08:00 DEBUG 21432 --- [nio-8080-exec-6] o.s.web.servlet.DispatcherServlet        : GET "/api/poems/search/by-tags?tagIds=6&sort=hot&page=1&pageSize=20", parameters={masked}
2026-04-21T20:06:18.761+08:00 DEBUG 21432 --- [nio-8080-exec-6] s.w.s.m.m.a.RequestMappingHandlerMapping : Mapped to com.example.poetry.backend.controller.TagSearchController#searchByTags(String, String, int, int)
2026-04-21T20:06:18.763+08:00 DEBUG 21432 --- [nio-8080-exec-6] o.s.jdbc.core.JdbcTemplate               : Executing prepared SQL query
2026-04-21T20:06:18.763+08:00 DEBUG 21432 --- [nio-8080-exec-6] o.s.jdbc.core.JdbcTemplate               : Executing prepared SQL statement [SELECT COUNT(*) FROM (
    SELECT w.work_id
    FROM poetry_work w
    JOIN work_tag wt ON wt.work_id = w.work_id
    WHERE wt.tag_id IN (?)
    GROUP BY w.work_id
    HAVING COUNT(DISTINCT wt.tag_id) = ?
) result_count
]
2026-04-21T20:06:18.802+08:00 DEBUG 21432 --- [nio-8080-exec-7] o.s.jdbc.core.JdbcTemplate               : Executing prepared SQL query
2026-04-21T20:06:18.803+08:00 DEBUG 21432 --- [nio-8080-exec-7] o.s.jdbc.core.JdbcTemplate               : Executing prepared SQL statement [WITH matched_work AS (
    SELECT wt.work_id
    FROM work_tag wt
    WHERE wt.tag_id IN (?)
    GROUP BY wt.work_id
    HAVING COUNT(DISTINCT wt.tag_id) = ?
),
work_meta AS (
    SELECT
        w.work_id AS workId,
        w.title,
        w.author_name_cache AS authorName,
        w.dynasty_name AS dynastyName,
        LEFT(w.content_text, 120) AS contentPreview,
        ROUND(
            (CASE WHEN w.translation_text IS NOT NULL AND w.translation_text <> '' THEN 30 ELSE 0 END) +
            (CASE WHEN w.annotation_text IS NOT NULL AND w.annotation_text <> '' THEN 25 ELSE 0 END) +
            (CASE WHEN w.appreciation_text IS NOT NULL AND w.appreciation_text <> '' THEN 20 ELSE 0 END) +
            (CASE WHEN w.char_count BETWEEN 12 AND 220 THEN 10 ELSE 0 END) +
            COALESCE(rel.relation_count, 0) * 0.05 +
            COALESCE(meta.tag_count, 0) * 0.20,
            2
        ) AS hotScore,
        DATE_FORMAT(w.created_at, '%Y-%m-%d %H:%i:%s') AS publishTime
    FROM poetry_work w
    JOIN matched_work mw ON mw.work_id = w.work_id
    LEFT JOIN (
        SELECT work_id, COUNT(*) AS relation_count
        FROM work_relation
        GROUP BY work_id
    ) rel ON rel.work_id = w.work_id
    LEFT JOIN (
        SELECT work_id, COUNT(*) AS tag_count
        FROM work_tag
        GROUP BY work_id
    ) meta ON meta.work_id = w.work_id
)
SELECT
    wm.workId,
    wm.title,
    wm.authorName,
    wm.dynastyName,
    wm.contentPreview,
    (
        SELECT GROUP_CONCAT(t.tag_name ORDER BY t.tag_name SEPARATOR ',')
        FROM work_tag wt2
        JOIN tag t ON t.tag_id = wt2.tag_id
        WHERE wt2.work_id = wm.workId
          AND wt2.tag_id IN (?)
    ) AS matchedTags,
    wm.hotScore,
    wm.publishTime
FROM work_meta wm
ORDER BY wm.publishTime DESC, wm.workId DESC
LIMIT ? OFFSET ?
]
2026-04-21T20:06:19.271+08:00 DEBUG 21432 --- [nio-8080-exec-8] m.m.a.RequestResponseBodyMethodProcessor : Using 'application/json', given [*/*] and supported [application/json, application/*+json]
2026-04-21T20:06:19.272+08:00 DEBUG 21432 --- [nio-8080-exec-8] m.m.a.RequestResponseBodyMethodProcessor : Writing [PoemTagSearchResponse[selectedTagIds=[6], sort=publish_time, total=68980, items=[PoemSearchItemDto[w (truncated)...]
2026-04-21T20:06:19.273+08:00 DEBUG 21432 --- [nio-8080-exec-8] o.s.web.servlet.DispatcherServlet        : Completed 200 OK
2026-04-21T20:06:20.255+08:00 DEBUG 21432 --- [nio-8080-exec-6] o.s.jdbc.core.JdbcTemplate               : Executing prepared SQL query
2026-04-21T20:06:20.256+08:00 DEBUG 21432 --- [nio-8080-exec-6] o.s.jdbc.core.JdbcTemplate               : Executing prepared SQL statement [WITH matched_work AS (
    SELECT wt.work_id
    FROM work_tag wt
    WHERE wt.tag_id IN (?)
    GROUP BY wt.work_id
    HAVING COUNT(DISTINCT wt.tag_id) = ?
),
work_meta AS (
    SELECT
        w.work_id AS workId,
        w.title,
        w.author_name_cache AS authorName,
        w.dynasty_name AS dynastyName,
        LEFT(w.content_text, 120) AS contentPreview,
        ROUND(
            (CASE WHEN w.translation_text IS NOT NULL AND w.translation_text <> '' THEN 30 ELSE 0 END) +
            (CASE WHEN w.annotation_text IS NOT NULL AND w.annotation_text <> '' THEN 25 ELSE 0 END) +
            (CASE WHEN w.appreciation_text IS NOT NULL AND w.appreciation_text <> '' THEN 20 ELSE 0 END) +
            (CASE WHEN w.char_count BETWEEN 12 AND 220 THEN 10 ELSE 0 END) +
            COALESCE(rel.relation_count, 0) * 0.05 +
            COALESCE(meta.tag_count, 0) * 0.20,
            2
        ) AS hotScore,
        DATE_FORMAT(w.created_at, '%Y-%m-%d %H:%i:%s') AS publishTime
    FROM poetry_work w
    JOIN matched_work mw ON mw.work_id = w.work_id
    LEFT JOIN (
        SELECT work_id, COUNT(*) AS relation_count
        FROM work_relation
        GROUP BY work_id
    ) rel ON rel.work_id = w.work_id
    LEFT JOIN (
        SELECT work_id, COUNT(*) AS tag_count
        FROM work_tag
        GROUP BY work_id
    ) meta ON meta.work_id = w.work_id
)
SELECT
    wm.workId,
    wm.title,
    wm.authorName,
    wm.dynastyName,
    wm.contentPreview,
    (
        SELECT GROUP_CONCAT(t.tag_name ORDER BY t.tag_name SEPARATOR ',')
        FROM work_tag wt2
        JOIN tag t ON t.tag_id = wt2.tag_id
        WHERE wt2.work_id = wm.workId
          AND wt2.tag_id IN (?)
    ) AS matchedTags,
    wm.hotScore,
    wm.publishTime
FROM work_meta wm
ORDER BY wm.hotScore DESC, wm.workId DESC
LIMIT ? OFFSET ?
]
2026-04-21T20:06:20.805+08:00 DEBUG 21432 --- [io-8080-exec-10] o.s.web.servlet.DispatcherServlet        : GET "/api/poems/search/by-tags?tagIds=6&sort=publish_time&page=1&pageSize=20", parameters={masked}
2026-04-21T20:06:20.806+08:00 DEBUG 21432 --- [io-8080-exec-10] s.w.s.m.m.a.RequestMappingHandlerMapping : Mapped to com.example.poetry.backend.controller.TagSearchController#searchByTags(String, String, int, int)
2026-04-21T20:06:20.808+08:00 DEBUG 21432 --- [io-8080-exec-10] o.s.jdbc.core.JdbcTemplate               : Executing prepared SQL query
2026-04-21T20:06:20.808+08:00 DEBUG 21432 --- [io-8080-exec-10] o.s.jdbc.core.JdbcTemplate               : Executing prepared SQL statement [SELECT COUNT(*) FROM (
    SELECT w.work_id
    FROM poetry_work w
    JOIN work_tag wt ON wt.work_id = w.work_id
    WHERE wt.tag_id IN (?)
    GROUP BY w.work_id
    HAVING COUNT(DISTINCT wt.tag_id) = ?
) result_count
]
2026-04-21T20:06:22.348+08:00 DEBUG 21432 --- [io-8080-exec-10] o.s.jdbc.core.JdbcTemplate               : Executing prepared SQL query
2026-04-21T20:06:22.349+08:00 DEBUG 21432 --- [io-8080-exec-10] o.s.jdbc.core.JdbcTemplate               : Executing prepared SQL statement [WITH matched_work AS (
    SELECT wt.work_id
    FROM work_tag wt
    WHERE wt.tag_id IN (?)
    GROUP BY wt.work_id
    HAVING COUNT(DISTINCT wt.tag_id) = ?
),
work_meta AS (
    SELECT
        w.work_id AS workId,
        w.title,
        w.author_name_cache AS authorName,
        w.dynasty_name AS dynastyName,
        LEFT(w.content_text, 120) AS contentPreview,
        ROUND(
            (CASE WHEN w.translation_text IS NOT NULL AND w.translation_text <> '' THEN 30 ELSE 0 END) +
            (CASE WHEN w.annotation_text IS NOT NULL AND w.annotation_text <> '' THEN 25 ELSE 0 END) +
            (CASE WHEN w.appreciation_text IS NOT NULL AND w.appreciation_text <> '' THEN 20 ELSE 0 END) +
            (CASE WHEN w.char_count BETWEEN 12 AND 220 THEN 10 ELSE 0 END) +
            COALESCE(rel.relation_count, 0) * 0.05 +
            COALESCE(meta.tag_count, 0) * 0.20,
            2
        ) AS hotScore,
        DATE_FORMAT(w.created_at, '%Y-%m-%d %H:%i:%s') AS publishTime
    FROM poetry_work w
    JOIN matched_work mw ON mw.work_id = w.work_id
    LEFT JOIN (
        SELECT work_id, COUNT(*) AS relation_count
        FROM work_relation
        GROUP BY work_id
    ) rel ON rel.work_id = w.work_id
    LEFT JOIN (
        SELECT work_id, COUNT(*) AS tag_count
        FROM work_tag
        GROUP BY work_id
    ) meta ON meta.work_id = w.work_id
)
SELECT
    wm.workId,
    wm.title,
    wm.authorName,
    wm.dynastyName,
    wm.contentPreview,
    (
        SELECT GROUP_CONCAT(t.tag_name ORDER BY t.tag_name SEPARATOR ',')
        FROM work_tag wt2
        JOIN tag t ON t.tag_id = wt2.tag_id
        WHERE wt2.work_id = wm.workId
          AND wt2.tag_id IN (?)
    ) AS matchedTags,
    wm.hotScore,
    wm.publishTime
FROM work_meta wm
ORDER BY wm.publishTime DESC, wm.workId DESC
LIMIT ? OFFSET ?
]
2026-04-21T20:06:23.775+08:00 DEBUG 21432 --- [nio-8080-exec-9] m.m.a.RequestResponseBodyMethodProcessor : Using 'application/json', given [*/*] and supported [application/json, application/*+json]
2026-04-21T20:06:23.776+08:00 DEBUG 21432 --- [nio-8080-exec-9] m.m.a.RequestResponseBodyMethodProcessor : Writing [PoemTagSearchResponse[selectedTagIds=[6], sort=hot, total=68980, items=[PoemSearchItemDto[workId=215 (truncated)...]
2026-04-21T20:06:23.777+08:00 DEBUG 21432 --- [nio-8080-exec-9] o.s.web.servlet.DispatcherServlet        : Completed 200 OK
2026-04-21T20:06:24.204+08:00 DEBUG 21432 --- [nio-8080-exec-2] o.s.web.servlet.DispatcherServlet        : GET "/api/poems/search/by-tags?tagIds=6&sort=hot&page=1&pageSize=20", parameters={masked}
2026-04-21T20:06:24.204+08:00 DEBUG 21432 --- [nio-8080-exec-2] s.w.s.m.m.a.RequestMappingHandlerMapping : Mapped to com.example.poetry.backend.controller.TagSearchController#searchByTags(String, String, int, int)
2026-04-21T20:06:24.205+08:00 DEBUG 21432 --- [nio-8080-exec-2] o.s.jdbc.core.JdbcTemplate               : Executing prepared SQL query
2026-04-21T20:06:24.206+08:00 DEBUG 21432 --- [nio-8080-exec-2] o.s.jdbc.core.JdbcTemplate               : Executing prepared SQL statement [SELECT COUNT(*) FROM (
    SELECT w.work_id
    FROM poetry_work w
    JOIN work_tag wt ON wt.work_id = w.work_id
    WHERE wt.tag_id IN (?)
    GROUP BY w.work_id
    HAVING COUNT(DISTINCT wt.tag_id) = ?
) result_count
]
2026-04-21T20:06:24.692+08:00 DEBUG 21432 --- [nio-8080-exec-7] m.m.a.RequestResponseBodyMethodProcessor : Using 'application/json', given [*/*] and supported [application/json, application/*+json]
2026-04-21T20:06:24.693+08:00 DEBUG 21432 --- [nio-8080-exec-7] m.m.a.RequestResponseBodyMethodProcessor : Writing [PoemTagSearchResponse[selectedTagIds=[6], sort=publish_time, total=68980, items=[PoemSearchItemDto[w (truncated)...]
2026-04-21T20:06:24.693+08:00 DEBUG 21432 --- [nio-8080-exec-7] o.s.web.servlet.DispatcherServlet        : Completed 200 OK
2026-04-21T20:06:25.528+08:00 DEBUG 21432 --- [nio-8080-exec-2] o.s.jdbc.core.JdbcTemplate               : Executing prepared SQL query
2026-04-21T20:06:25.529+08:00 DEBUG 21432 --- [nio-8080-exec-2] o.s.jdbc.core.JdbcTemplate               : Executing prepared SQL statement [WITH matched_work AS (
    SELECT wt.work_id
    FROM work_tag wt
    WHERE wt.tag_id IN (?)
    GROUP BY wt.work_id
    HAVING COUNT(DISTINCT wt.tag_id) = ?
),
work_meta AS (
    SELECT
        w.work_id AS workId,
        w.title,
        w.author_name_cache AS authorName,
        w.dynasty_name AS dynastyName,
        LEFT(w.content_text, 120) AS contentPreview,
        ROUND(
            (CASE WHEN w.translation_text IS NOT NULL AND w.translation_text <> '' THEN 30 ELSE 0 END) +
            (CASE WHEN w.annotation_text IS NOT NULL AND w.annotation_text <> '' THEN 25 ELSE 0 END) +
            (CASE WHEN w.appreciation_text IS NOT NULL AND w.appreciation_text <> '' THEN 20 ELSE 0 END) +
            (CASE WHEN w.char_count BETWEEN 12 AND 220 THEN 10 ELSE 0 END) +
            COALESCE(rel.relation_count, 0) * 0.05 +
            COALESCE(meta.tag_count, 0) * 0.20,
            2
        ) AS hotScore,
        DATE_FORMAT(w.created_at, '%Y-%m-%d %H:%i:%s') AS publishTime
    FROM poetry_work w
    JOIN matched_work mw ON mw.work_id = w.work_id
    LEFT JOIN (
        SELECT work_id, COUNT(*) AS relation_count
        FROM work_relation
        GROUP BY work_id
    ) rel ON rel.work_id = w.work_id
    LEFT JOIN (
        SELECT work_id, COUNT(*) AS tag_count
        FROM work_tag
        GROUP BY work_id
    ) meta ON meta.work_id = w.work_id
)
SELECT
    wm.workId,
    wm.title,
    wm.authorName,
    wm.dynastyName,
    wm.contentPreview,
    (
        SELECT GROUP_CONCAT(t.tag_name ORDER BY t.tag_name SEPARATOR ',')
        FROM work_tag wt2
        JOIN tag t ON t.tag_id = wt2.tag_id
        WHERE wt2.work_id = wm.workId
          AND wt2.tag_id IN (?)
    ) AS matchedTags,
    wm.hotScore,
    wm.publishTime
FROM work_meta wm
ORDER BY wm.hotScore DESC, wm.workId DESC
LIMIT ? OFFSET ?
]
2026-04-21T20:06:25.973+08:00 DEBUG 21432 --- [nio-8080-exec-6] m.m.a.RequestResponseBodyMethodProcessor : Using 'application/json', given [*/*] and supported [application/json, application/*+json]
2026-04-21T20:06:25.974+08:00 DEBUG 21432 --- [nio-8080-exec-6] m.m.a.RequestResponseBodyMethodProcessor : Writing [PoemTagSearchResponse[selectedTagIds=[6], sort=hot, total=68980, items=[PoemSearchItemDto[workId=215 (truncated)...]
2026-04-21T20:06:25.975+08:00 DEBUG 21432 --- [nio-8080-exec-6] o.s.web.servlet.DispatcherServlet        : Completed 200 OK
2026-04-21T20:06:28.222+08:00 DEBUG 21432 --- [io-8080-exec-10] m.m.a.RequestResponseBodyMethodProcessor : Using 'application/json', given [*/*] and supported [application/json, application/*+json]
2026-04-21T20:06:28.223+08:00 DEBUG 21432 --- [io-8080-exec-10] m.m.a.RequestResponseBodyMethodProcessor : Writing [PoemTagSearchResponse[selectedTagIds=[6], sort=publish_time, total=68980, items=[PoemSearchItemDto[w (truncated)...]
2026-04-21T20:06:28.224+08:00 DEBUG 21432 --- [io-8080-exec-10] o.s.web.servlet.DispatcherServlet        : Completed 200 OK
2026-04-21T20:06:31.394+08:00 DEBUG 21432 --- [nio-8080-exec-2] m.m.a.RequestResponseBodyMethodProcessor : Using 'application/json', given [*/*] and supported [application/json, application/*+json]
2026-04-21T20:06:31.395+08:00 DEBUG 21432 --- [nio-8080-exec-2] m.m.a.RequestResponseBodyMethodProcessor : Writing [PoemTagSearchResponse[selectedTagIds=[6], sort=hot, total=68980, items=[PoemSearchItemDto[workId=215 (truncated)...]
2026-04-21T20:06:31.400+08:00 DEBUG 21432 --- [nio-8080-exec-2] o.s.web.servlet.DispatcherServlet        : Completed 200 OK
2026-04-21T20:06:38.952+08:00 DEBUG 21432 --- [nio-8080-exec-5] o.s.web.servlet.DispatcherServlet        : GET "/api/poems/search/by-tags?tagIds=6&sort=publish_time&page=1&pageSize=20", parameters={masked}
2026-04-21T20:06:38.953+08:00 DEBUG 21432 --- [nio-8080-exec-5] s.w.s.m.m.a.RequestMappingHandlerMapping : Mapped to com.example.poetry.backend.controller.TagSearchController#searchByTags(String, String, int, int)
2026-04-21T20:06:38.954+08:00 DEBUG 21432 --- [nio-8080-exec-5] o.s.jdbc.core.JdbcTemplate               : Executing prepared SQL query
2026-04-21T20:06:38.954+08:00 DEBUG 21432 --- [nio-8080-exec-5] o.s.jdbc.core.JdbcTemplate               : Executing prepared SQL statement [SELECT COUNT(*) FROM (
    SELECT w.work_id
    FROM poetry_work w
    JOIN work_tag wt ON wt.work_id = w.work_id
    WHERE wt.tag_id IN (?)
    GROUP BY w.work_id
    HAVING COUNT(DISTINCT wt.tag_id) = ?
) result_count
]
2026-04-21T20:06:40.512+08:00 DEBUG 21432 --- [nio-8080-exec-5] o.s.jdbc.core.JdbcTemplate               : Executing prepared SQL query
2026-04-21T20:06:40.512+08:00 DEBUG 21432 --- [nio-8080-exec-5] o.s.jdbc.core.JdbcTemplate               : Executing prepared SQL statement [WITH matched_work AS (
    SELECT wt.work_id
    FROM work_tag wt
    WHERE wt.tag_id IN (?)
    GROUP BY wt.work_id
    HAVING COUNT(DISTINCT wt.tag_id) = ?
),
work_meta AS (
    SELECT
        w.work_id AS workId,
        w.title,
        w.author_name_cache AS authorName,
        w.dynasty_name AS dynastyName,
        LEFT(w.content_text, 120) AS contentPreview,
        ROUND(
            (CASE WHEN w.translation_text IS NOT NULL AND w.translation_text <> '' THEN 30 ELSE 0 END) +
            (CASE WHEN w.annotation_text IS NOT NULL AND w.annotation_text <> '' THEN 25 ELSE 0 END) +
            (CASE WHEN w.appreciation_text IS NOT NULL AND w.appreciation_text <> '' THEN 20 ELSE 0 END) +
            (CASE WHEN w.char_count BETWEEN 12 AND 220 THEN 10 ELSE 0 END) +
            COALESCE(rel.relation_count, 0) * 0.05 +
            COALESCE(meta.tag_count, 0) * 0.20,
            2
        ) AS hotScore,
        DATE_FORMAT(w.created_at, '%Y-%m-%d %H:%i:%s') AS publishTime
    FROM poetry_work w
    JOIN matched_work mw ON mw.work_id = w.work_id
    LEFT JOIN (
        SELECT work_id, COUNT(*) AS relation_count
        FROM work_relation
        GROUP BY work_id
    ) rel ON rel.work_id = w.work_id
    LEFT JOIN (
        SELECT work_id, COUNT(*) AS tag_count
        FROM work_tag
        GROUP BY work_id
    ) meta ON meta.work_id = w.work_id
)
SELECT
    wm.workId,
    wm.title,
    wm.authorName,
    wm.dynastyName,
    wm.contentPreview,
    (
        SELECT GROUP_CONCAT(t.tag_name ORDER BY t.tag_name SEPARATOR ',')
        FROM work_tag wt2
        JOIN tag t ON t.tag_id = wt2.tag_id
        WHERE wt2.work_id = wm.workId
          AND wt2.tag_id IN (?)
    ) AS matchedTags,
    wm.hotScore,
    wm.publishTime
FROM work_meta wm
ORDER BY wm.publishTime DESC, wm.workId DESC
LIMIT ? OFFSET ?
]
2026-04-21T20:06:44.604+08:00 DEBUG 21432 --- [nio-8080-exec-3] o.s.web.servlet.DispatcherServlet        : GET "/api/poems/search/by-tags?tagIds=6&sort=hot&page=1&pageSize=20", parameters={masked}
2026-04-21T20:06:44.605+08:00 DEBUG 21432 --- [nio-8080-exec-3] s.w.s.m.m.a.RequestMappingHandlerMapping : Mapped to com.example.poetry.backend.controller.TagSearchController#searchByTags(String, String, int, int)
2026-04-21T20:06:44.606+08:00 DEBUG 21432 --- [nio-8080-exec-3] o.s.jdbc.core.JdbcTemplate               : Executing prepared SQL query
2026-04-21T20:06:44.607+08:00 DEBUG 21432 --- [nio-8080-exec-3] o.s.jdbc.core.JdbcTemplate               : Executing prepared SQL statement [SELECT COUNT(*) FROM (
    SELECT w.work_id
    FROM poetry_work w
    JOIN work_tag wt ON wt.work_id = w.work_id
    WHERE wt.tag_id IN (?)
    GROUP BY w.work_id
    HAVING COUNT(DISTINCT wt.tag_id) = ?
) result_count
]
2026-04-21T20:06:45.536+08:00 DEBUG 21432 --- [nio-8080-exec-1] o.s.web.servlet.DispatcherServlet        : GET "/api/poems/search/by-tags?tagIds=6&sort=publish_time&page=1&pageSize=20", parameters={masked}
2026-04-21T20:06:45.537+08:00 DEBUG 21432 --- [nio-8080-exec-1] s.w.s.m.m.a.RequestMappingHandlerMapping : Mapped to com.example.poetry.backend.controller.TagSearchController#searchByTags(String, String, int, int)
2026-04-21T20:06:45.538+08:00 DEBUG 21432 --- [nio-8080-exec-1] o.s.jdbc.core.JdbcTemplate               : Executing prepared SQL query
2026-04-21T20:06:45.538+08:00 DEBUG 21432 --- [nio-8080-exec-1] o.s.jdbc.core.JdbcTemplate               : Executing prepared SQL statement [SELECT COUNT(*) FROM (
    SELECT w.work_id
    FROM poetry_work w
    JOIN work_tag wt ON wt.work_id = w.work_id
    WHERE wt.tag_id IN (?)
    GROUP BY w.work_id
    HAVING COUNT(DISTINCT wt.tag_id) = ?
) result_count
]
2026-04-21T20:06:45.829+08:00 DEBUG 21432 --- [nio-8080-exec-3] o.s.jdbc.core.JdbcTemplate               : Executing prepared SQL query
2026-04-21T20:06:45.834+08:00 DEBUG 21432 --- [nio-8080-exec-3] o.s.jdbc.core.JdbcTemplate               : Executing prepared SQL statement [WITH matched_work AS (
    SELECT wt.work_id
    FROM work_tag wt
    WHERE wt.tag_id IN (?)
    GROUP BY wt.work_id
    HAVING COUNT(DISTINCT wt.tag_id) = ?
),
work_meta AS (
    SELECT
        w.work_id AS workId,
        w.title,
        w.author_name_cache AS authorName,
        w.dynasty_name AS dynastyName,
        LEFT(w.content_text, 120) AS contentPreview,
        ROUND(
            (CASE WHEN w.translation_text IS NOT NULL AND w.translation_text <> '' THEN 30 ELSE 0 END) +
            (CASE WHEN w.annotation_text IS NOT NULL AND w.annotation_text <> '' THEN 25 ELSE 0 END) +
            (CASE WHEN w.appreciation_text IS NOT NULL AND w.appreciation_text <> '' THEN 20 ELSE 0 END) +
            (CASE WHEN w.char_count BETWEEN 12 AND 220 THEN 10 ELSE 0 END) +
            COALESCE(rel.relation_count, 0) * 0.05 +
            COALESCE(meta.tag_count, 0) * 0.20,
            2
        ) AS hotScore,
        DATE_FORMAT(w.created_at, '%Y-%m-%d %H:%i:%s') AS publishTime
    FROM poetry_work w
    JOIN matched_work mw ON mw.work_id = w.work_id
    LEFT JOIN (
        SELECT work_id, COUNT(*) AS relation_count
        FROM work_relation
        GROUP BY work_id
    ) rel ON rel.work_id = w.work_id
    LEFT JOIN (
        SELECT work_id, COUNT(*) AS tag_count
        FROM work_tag
        GROUP BY work_id
    ) meta ON meta.work_id = w.work_id
)
SELECT
    wm.workId,
    wm.title,
    wm.authorName,
    wm.dynastyName,
    wm.contentPreview,
    (
        SELECT GROUP_CONCAT(t.tag_name ORDER BY t.tag_name SEPARATOR ',')
        FROM work_tag wt2
        JOIN tag t ON t.tag_id = wt2.tag_id
        WHERE wt2.work_id = wm.workId
          AND wt2.tag_id IN (?)
    ) AS matchedTags,
    wm.hotScore,
    wm.publishTime
FROM work_meta wm
ORDER BY wm.hotScore DESC, wm.workId DESC
LIMIT ? OFFSET ?
]
2026-04-21T20:06:46.499+08:00 DEBUG 21432 --- [nio-8080-exec-5] m.m.a.RequestResponseBodyMethodProcessor : Using 'application/json', given [*/*] and supported [application/json, application/*+json]
2026-04-21T20:06:46.500+08:00 DEBUG 21432 --- [nio-8080-exec-5] m.m.a.RequestResponseBodyMethodProcessor : Writing [PoemTagSearchResponse[selectedTagIds=[6], sort=publish_time, total=68980, items=[PoemSearchItemDto[w (truncated)...]
2026-04-21T20:06:46.500+08:00 DEBUG 21432 --- [nio-8080-exec-5] o.s.web.servlet.DispatcherServlet        : Completed 200 OK
2026-04-21T20:06:47.043+08:00 DEBUG 21432 --- [nio-8080-exec-1] o.s.jdbc.core.JdbcTemplate               : Executing prepared SQL query
2026-04-21T20:06:47.044+08:00 DEBUG 21432 --- [nio-8080-exec-1] o.s.jdbc.core.JdbcTemplate               : Executing prepared SQL statement [WITH matched_work AS (
    SELECT wt.work_id
    FROM work_tag wt
    WHERE wt.tag_id IN (?)
    GROUP BY wt.work_id
    HAVING COUNT(DISTINCT wt.tag_id) = ?
),
work_meta AS (
    SELECT
        w.work_id AS workId,
        w.title,
        w.author_name_cache AS authorName,
        w.dynasty_name AS dynastyName,
        LEFT(w.content_text, 120) AS contentPreview,
        ROUND(
            (CASE WHEN w.translation_text IS NOT NULL AND w.translation_text <> '' THEN 30 ELSE 0 END) +
            (CASE WHEN w.annotation_text IS NOT NULL AND w.annotation_text <> '' THEN 25 ELSE 0 END) +
            (CASE WHEN w.appreciation_text IS NOT NULL AND w.appreciation_text <> '' THEN 20 ELSE 0 END) +
            (CASE WHEN w.char_count BETWEEN 12 AND 220 THEN 10 ELSE 0 END) +
            COALESCE(rel.relation_count, 0) * 0.05 +
            COALESCE(meta.tag_count, 0) * 0.20,
            2
        ) AS hotScore,
        DATE_FORMAT(w.created_at, '%Y-%m-%d %H:%i:%s') AS publishTime
    FROM poetry_work w
    JOIN matched_work mw ON mw.work_id = w.work_id
    LEFT JOIN (
        SELECT work_id, COUNT(*) AS relation_count
        FROM work_relation
        GROUP BY work_id
    ) rel ON rel.work_id = w.work_id
    LEFT JOIN (
        SELECT work_id, COUNT(*) AS tag_count
        FROM work_tag
        GROUP BY work_id
    ) meta ON meta.work_id = w.work_id
)
SELECT
    wm.workId,
    wm.title,
    wm.authorName,
    wm.dynastyName,
    wm.contentPreview,
    (
        SELECT GROUP_CONCAT(t.tag_name ORDER BY t.tag_name SEPARATOR ',')
        FROM work_tag wt2
        JOIN tag t ON t.tag_id = wt2.tag_id
        WHERE wt2.work_id = wm.workId
          AND wt2.tag_id IN (?)
    ) AS matchedTags,
    wm.hotScore,
    wm.publishTime
FROM work_meta wm
ORDER BY wm.publishTime DESC, wm.workId DESC
LIMIT ? OFFSET ?
]
2026-04-21T20:06:51.555+08:00 DEBUG 21432 --- [nio-8080-exec-3] m.m.a.RequestResponseBodyMethodProcessor : Using 'application/json', given [*/*] and supported [application/json, application/*+json]
2026-04-21T20:06:51.556+08:00 DEBUG 21432 --- [nio-8080-exec-3] m.m.a.RequestResponseBodyMethodProcessor : Writing [PoemTagSearchResponse[selectedTagIds=[6], sort=hot, total=68980, items=[PoemSearchItemDto[workId=215 (truncated)...]
2026-04-21T20:06:51.557+08:00 DEBUG 21432 --- [nio-8080-exec-3] o.s.web.servlet.DispatcherServlet        : Completed 200 OK
2026-04-21T20:06:53.247+08:00 DEBUG 21432 --- [nio-8080-exec-1] m.m.a.RequestResponseBodyMethodProcessor : Using 'application/json', given [*/*] and supported [application/json, application/*+json]
2026-04-21T20:06:53.247+08:00 DEBUG 21432 --- [nio-8080-exec-1] m.m.a.RequestResponseBodyMethodProcessor : Writing [PoemTagSearchResponse[selectedTagIds=[6], sort=publish_time, total=68980, items=[PoemSearchItemDto[w (truncated)...]
2026-04-21T20:06:53.249+08:00 DEBUG 21432 --- [nio-8080-exec-1] o.s.web.servlet.DispatcherServlet        : Completed 200 OK
2026-04-21T20:06:57.588+08:00 DEBUG 21432 --- [nio-8080-exec-4] o.s.web.servlet.DispatcherServlet        : GET "/api/poems/search/by-tags?tagIds=6&sort=hot&page=1&pageSize=20", parameters={masked}
2026-04-21T20:06:57.588+08:00 DEBUG 21432 --- [nio-8080-exec-4] s.w.s.m.m.a.RequestMappingHandlerMapping : Mapped to com.example.poetry.backend.controller.TagSearchController#searchByTags(String, String, int, int)
2026-04-21T20:06:57.589+08:00 DEBUG 21432 --- [nio-8080-exec-4] o.s.jdbc.core.JdbcTemplate               : Executing prepared SQL query
2026-04-21T20:06:57.590+08:00 DEBUG 21432 --- [nio-8080-exec-4] o.s.jdbc.core.JdbcTemplate               : Executing prepared SQL statement [SELECT COUNT(*) FROM (
    SELECT w.work_id
    FROM poetry_work w
    JOIN work_tag wt ON wt.work_id = w.work_id
    WHERE wt.tag_id IN (?)
    GROUP BY w.work_id
    HAVING COUNT(DISTINCT wt.tag_id) = ?
) result_count
]
2026-04-21T20:06:59.216+08:00 DEBUG 21432 --- [nio-8080-exec-4] o.s.jdbc.core.JdbcTemplate               : Executing prepared SQL query
2026-04-21T20:06:59.217+08:00 DEBUG 21432 --- [nio-8080-exec-4] o.s.jdbc.core.JdbcTemplate               : Executing prepared SQL statement [WITH matched_work AS (
    SELECT wt.work_id
    FROM work_tag wt
    WHERE wt.tag_id IN (?)
    GROUP BY wt.work_id
    HAVING COUNT(DISTINCT wt.tag_id) = ?
),
work_meta AS (
    SELECT
        w.work_id AS workId,
        w.title,
        w.author_name_cache AS authorName,
        w.dynasty_name AS dynastyName,
        LEFT(w.content_text, 120) AS contentPreview,
        ROUND(
            (CASE WHEN w.translation_text IS NOT NULL AND w.translation_text <> '' THEN 30 ELSE 0 END) +
            (CASE WHEN w.annotation_text IS NOT NULL AND w.annotation_text <> '' THEN 25 ELSE 0 END) +
            (CASE WHEN w.appreciation_text IS NOT NULL AND w.appreciation_text <> '' THEN 20 ELSE 0 END) +
            (CASE WHEN w.char_count BETWEEN 12 AND 220 THEN 10 ELSE 0 END) +
            COALESCE(rel.relation_count, 0) * 0.05 +
            COALESCE(meta.tag_count, 0) * 0.20,
            2
        ) AS hotScore,
        DATE_FORMAT(w.created_at, '%Y-%m-%d %H:%i:%s') AS publishTime
    FROM poetry_work w
    JOIN matched_work mw ON mw.work_id = w.work_id
    LEFT JOIN (
        SELECT work_id, COUNT(*) AS relation_count
        FROM work_relation
        GROUP BY work_id
    ) rel ON rel.work_id = w.work_id
    LEFT JOIN (
        SELECT work_id, COUNT(*) AS tag_count
        FROM work_tag
        GROUP BY work_id
    ) meta ON meta.work_id = w.work_id
)
SELECT
    wm.workId,
    wm.title,
    wm.authorName,
    wm.dynastyName,
    wm.contentPreview,
    (
        SELECT GROUP_CONCAT(t.tag_name ORDER BY t.tag_name SEPARATOR ',')
        FROM work_tag wt2
        JOIN tag t ON t.tag_id = wt2.tag_id
        WHERE wt2.work_id = wm.workId
          AND wt2.tag_id IN (?)
    ) AS matchedTags,
    wm.hotScore,
    wm.publishTime
FROM work_meta wm
ORDER BY wm.hotScore DESC, wm.workId DESC
LIMIT ? OFFSET ?
]
2026-04-21T20:07:00.951+08:00 DEBUG 21432 --- [nio-8080-exec-8] o.s.web.servlet.DispatcherServlet        : GET "/api/tags/hot?limit=20", parameters={masked}
2026-04-21T20:07:00.951+08:00 DEBUG 21432 --- [nio-8080-exec-8] s.w.s.m.m.a.RequestMappingHandlerMapping : Mapped to com.example.poetry.backend.controller.TagSearchController#getHotTags(int)
2026-04-21T20:07:00.952+08:00 DEBUG 21432 --- [nio-8080-exec-8] o.s.jdbc.core.JdbcTemplate               : Executing prepared SQL query
2026-04-21T20:07:00.952+08:00 DEBUG 21432 --- [nio-8080-exec-8] o.s.jdbc.core.JdbcTemplate               : Executing prepared SQL statement [SELECT
    t.tag_id AS tagId,
    t.tag_name AS tagName,
    t.tag_type AS tagType,
    COUNT(wt.work_id) AS workCount
FROM tag t
LEFT JOIN work_tag wt ON wt.tag_id = t.tag_id
GROUP BY t.tag_id, t.tag_name, t.tag_type
ORDER BY workCount DESC, t.tag_id ASC
LIMIT ?
]
2026-04-21T20:07:05.270+08:00 DEBUG 21432 --- [nio-8080-exec-9] o.s.web.servlet.DispatcherServlet        : GET "/api/poems/search/by-tags?tagIds=6%2C15&sort=hot&page=1&pageSize=20", parameters={masked}
2026-04-21T20:07:05.271+08:00 DEBUG 21432 --- [nio-8080-exec-9] s.w.s.m.m.a.RequestMappingHandlerMapping : Mapped to com.example.poetry.backend.controller.TagSearchController#searchByTags(String, String, int, int)
2026-04-21T20:07:05.272+08:00 DEBUG 21432 --- [nio-8080-exec-9] o.s.jdbc.core.JdbcTemplate               : Executing prepared SQL query
2026-04-21T20:07:05.272+08:00 DEBUG 21432 --- [nio-8080-exec-9] o.s.jdbc.core.JdbcTemplate               : Executing prepared SQL statement [SELECT COUNT(*) FROM (
    SELECT w.work_id
    FROM poetry_work w
    JOIN work_tag wt ON wt.work_id = w.work_id
    WHERE wt.tag_id IN (?, ?)
    GROUP BY w.work_id
    HAVING COUNT(DISTINCT wt.tag_id) = ?
) result_count
]
2026-04-21T20:07:05.834+08:00 DEBUG 21432 --- [nio-8080-exec-4] m.m.a.RequestResponseBodyMethodProcessor : Using 'application/json', given [*/*] and supported [application/json, application/*+json]
2026-04-21T20:07:05.834+08:00 DEBUG 21432 --- [nio-8080-exec-4] m.m.a.RequestResponseBodyMethodProcessor : Writing [PoemTagSearchResponse[selectedTagIds=[6], sort=hot, total=68980, items=[PoemSearchItemDto[workId=215 (truncated)...]
2026-04-21T20:07:05.836+08:00 DEBUG 21432 --- [nio-8080-exec-4] o.s.web.servlet.DispatcherServlet        : Completed 200 OK
2026-04-21T20:07:06.404+08:00 DEBUG 21432 --- [nio-8080-exec-7] o.s.web.servlet.DispatcherServlet        : GET "/api/poems/search/by-tags?tagIds=15&sort=hot&page=1&pageSize=20", parameters={masked}
2026-04-21T20:07:06.405+08:00 DEBUG 21432 --- [nio-8080-exec-7] s.w.s.m.m.a.RequestMappingHandlerMapping : Mapped to com.example.poetry.backend.controller.TagSearchController#searchByTags(String, String, int, int)
2026-04-21T20:07:06.406+08:00 DEBUG 21432 --- [nio-8080-exec-7] o.s.jdbc.core.JdbcTemplate               : Executing prepared SQL query
2026-04-21T20:07:06.407+08:00 DEBUG 21432 --- [nio-8080-exec-7] o.s.jdbc.core.JdbcTemplate               : Executing prepared SQL statement [SELECT COUNT(*) FROM (
    SELECT w.work_id
    FROM poetry_work w
    JOIN work_tag wt ON wt.work_id = w.work_id
    WHERE wt.tag_id IN (?)
    GROUP BY w.work_id
    HAVING COUNT(DISTINCT wt.tag_id) = ?
) result_count
]
2026-04-21T20:07:07.310+08:00 DEBUG 21432 --- [nio-8080-exec-6] o.s.web.servlet.DispatcherServlet        : GET "/api/poems/search/by-tags?tagIds=15&sort=hot&page=1&pageSize=20", parameters={masked}
2026-04-21T20:07:07.311+08:00 DEBUG 21432 --- [io-8080-exec-10] o.s.web.servlet.DispatcherServlet        : GET "/api/poems/search/by-tags?tagIds=15&sort=hot&page=1&pageSize=20", parameters={masked}
2026-04-21T20:07:07.311+08:00 DEBUG 21432 --- [nio-8080-exec-6] s.w.s.m.m.a.RequestMappingHandlerMapping : Mapped to com.example.poetry.backend.controller.TagSearchController#searchByTags(String, String, int, int)
2026-04-21T20:07:07.311+08:00 DEBUG 21432 --- [io-8080-exec-10] s.w.s.m.m.a.RequestMappingHandlerMapping : Mapped to com.example.poetry.backend.controller.TagSearchController#searchByTags(String, String, int, int)
2026-04-21T20:07:07.313+08:00 DEBUG 21432 --- [nio-8080-exec-6] o.s.jdbc.core.JdbcTemplate               : Executing prepared SQL query
2026-04-21T20:07:07.313+08:00 DEBUG 21432 --- [io-8080-exec-10] o.s.jdbc.core.JdbcTemplate               : Executing prepared SQL query
2026-04-21T20:07:07.314+08:00 DEBUG 21432 --- [io-8080-exec-10] o.s.jdbc.core.JdbcTemplate               : Executing prepared SQL statement [SELECT COUNT(*) FROM (
    SELECT w.work_id
    FROM poetry_work w
    JOIN work_tag wt ON wt.work_id = w.work_id
    WHERE wt.tag_id IN (?)
    GROUP BY w.work_id
    HAVING COUNT(DISTINCT wt.tag_id) = ?
) result_count
]
2026-04-21T20:07:07.313+08:00 DEBUG 21432 --- [nio-8080-exec-6] o.s.jdbc.core.JdbcTemplate               : Executing prepared SQL statement [SELECT COUNT(*) FROM (
    SELECT w.work_id
    FROM poetry_work w
    JOIN work_tag wt ON wt.work_id = w.work_id
    WHERE wt.tag_id IN (?)
    GROUP BY w.work_id
    HAVING COUNT(DISTINCT wt.tag_id) = ?
) result_count
]
2026-04-21T20:07:07.321+08:00 DEBUG 21432 --- [nio-8080-exec-8] m.m.a.RequestResponseBodyMethodProcessor : Using 'application/json', given [*/*] and supported [application/json, application/*+json]
2026-04-21T20:07:07.322+08:00 DEBUG 21432 --- [nio-8080-exec-8] m.m.a.RequestResponseBodyMethodProcessor : Writing [[TagDto[tagId=15, tagName=写景, tagType=theme, workCount=96521], TagDto[tagId=6, tagName=山水, tagType=s (truncated)...]
2026-04-21T20:07:07.324+08:00 DEBUG 21432 --- [nio-8080-exec-8] o.s.web.servlet.DispatcherServlet        : Completed 200 OK
2026-04-21T20:07:07.400+08:00 DEBUG 21432 --- [nio-8080-exec-9] o.s.jdbc.core.JdbcTemplate               : Executing prepared SQL query
2026-04-21T20:07:07.400+08:00 DEBUG 21432 --- [nio-8080-exec-9] o.s.jdbc.core.JdbcTemplate               : Executing prepared SQL statement [WITH matched_work AS (
    SELECT wt.work_id
    FROM work_tag wt
    WHERE wt.tag_id IN (?, ?)
    GROUP BY wt.work_id
    HAVING COUNT(DISTINCT wt.tag_id) = ?
),
work_meta AS (
    SELECT
        w.work_id AS workId,
        w.title,
        w.author_name_cache AS authorName,
        w.dynasty_name AS dynastyName,
        LEFT(w.content_text, 120) AS contentPreview,
        ROUND(
            (CASE WHEN w.translation_text IS NOT NULL AND w.translation_text <> '' THEN 30 ELSE 0 END) +
            (CASE WHEN w.annotation_text IS NOT NULL AND w.annotation_text <> '' THEN 25 ELSE 0 END) +
            (CASE WHEN w.appreciation_text IS NOT NULL AND w.appreciation_text <> '' THEN 20 ELSE 0 END) +
            (CASE WHEN w.char_count BETWEEN 12 AND 220 THEN 10 ELSE 0 END) +
            COALESCE(rel.relation_count, 0) * 0.05 +
            COALESCE(meta.tag_count, 0) * 0.20,
            2
        ) AS hotScore,
        DATE_FORMAT(w.created_at, '%Y-%m-%d %H:%i:%s') AS publishTime
    FROM poetry_work w
    JOIN matched_work mw ON mw.work_id = w.work_id
    LEFT JOIN (
        SELECT work_id, COUNT(*) AS relation_count
        FROM work_relation
        GROUP BY work_id
    ) rel ON rel.work_id = w.work_id
    LEFT JOIN (
        SELECT work_id, COUNT(*) AS tag_count
        FROM work_tag
        GROUP BY work_id
    ) meta ON meta.work_id = w.work_id
)
SELECT
    wm.workId,
    wm.title,
    wm.authorName,
    wm.dynastyName,
    wm.contentPreview,
    (
        SELECT GROUP_CONCAT(t.tag_name ORDER BY t.tag_name SEPARATOR ',')
        FROM work_tag wt2
        JOIN tag t ON t.tag_id = wt2.tag_id
        WHERE wt2.work_id = wm.workId
          AND wt2.tag_id IN (?, ?)
    ) AS matchedTags,
    wm.hotScore,
    wm.publishTime
FROM work_meta wm
ORDER BY wm.hotScore DESC, wm.workId DESC
LIMIT ? OFFSET ?
]
2026-04-21T20:07:07.833+08:00 DEBUG 21432 --- [nio-8080-exec-7] o.s.jdbc.core.JdbcTemplate               : Executing prepared SQL query
2026-04-21T20:07:07.834+08:00 DEBUG 21432 --- [nio-8080-exec-7] o.s.jdbc.core.JdbcTemplate               : Executing prepared SQL statement [WITH matched_work AS (
    SELECT wt.work_id
    FROM work_tag wt
    WHERE wt.tag_id IN (?)
    GROUP BY wt.work_id
    HAVING COUNT(DISTINCT wt.tag_id) = ?
),
work_meta AS (
    SELECT
        w.work_id AS workId,
        w.title,
        w.author_name_cache AS authorName,
        w.dynasty_name AS dynastyName,
        LEFT(w.content_text, 120) AS contentPreview,
        ROUND(
            (CASE WHEN w.translation_text IS NOT NULL AND w.translation_text <> '' THEN 30 ELSE 0 END) +
            (CASE WHEN w.annotation_text IS NOT NULL AND w.annotation_text <> '' THEN 25 ELSE 0 END) +
            (CASE WHEN w.appreciation_text IS NOT NULL AND w.appreciation_text <> '' THEN 20 ELSE 0 END) +
            (CASE WHEN w.char_count BETWEEN 12 AND 220 THEN 10 ELSE 0 END) +
            COALESCE(rel.relation_count, 0) * 0.05 +
            COALESCE(meta.tag_count, 0) * 0.20,
            2
        ) AS hotScore,
        DATE_FORMAT(w.created_at, '%Y-%m-%d %H:%i:%s') AS publishTime
    FROM poetry_work w
    JOIN matched_work mw ON mw.work_id = w.work_id
    LEFT JOIN (
        SELECT work_id, COUNT(*) AS relation_count
        FROM work_relation
        GROUP BY work_id
    ) rel ON rel.work_id = w.work_id
    LEFT JOIN (
        SELECT work_id, COUNT(*) AS tag_count
        FROM work_tag
        GROUP BY work_id
    ) meta ON meta.work_id = w.work_id
)
SELECT
    wm.workId,
    wm.title,
    wm.authorName,
    wm.dynastyName,
    wm.contentPreview,
    (
        SELECT GROUP_CONCAT(t.tag_name ORDER BY t.tag_name SEPARATOR ',')
        FROM work_tag wt2
        JOIN tag t ON t.tag_id = wt2.tag_id
        WHERE wt2.work_id = wm.workId
          AND wt2.tag_id IN (?)
    ) AS matchedTags,
    wm.hotScore,
    wm.publishTime
FROM work_meta wm
ORDER BY wm.hotScore DESC, wm.workId DESC
LIMIT ? OFFSET ?
]
2026-04-21T20:07:08.734+08:00 DEBUG 21432 --- [nio-8080-exec-6] o.s.jdbc.core.JdbcTemplate               : Executing prepared SQL query
2026-04-21T20:07:08.734+08:00 DEBUG 21432 --- [nio-8080-exec-6] o.s.jdbc.core.JdbcTemplate               : Executing prepared SQL statement [WITH matched_work AS (
    SELECT wt.work_id
    FROM work_tag wt
    WHERE wt.tag_id IN (?)
    GROUP BY wt.work_id
    HAVING COUNT(DISTINCT wt.tag_id) = ?
),
work_meta AS (
    SELECT
        w.work_id AS workId,
        w.title,
        w.author_name_cache AS authorName,
        w.dynasty_name AS dynastyName,
        LEFT(w.content_text, 120) AS contentPreview,
        ROUND(
            (CASE WHEN w.translation_text IS NOT NULL AND w.translation_text <> '' THEN 30 ELSE 0 END) +
            (CASE WHEN w.annotation_text IS NOT NULL AND w.annotation_text <> '' THEN 25 ELSE 0 END) +
            (CASE WHEN w.appreciation_text IS NOT NULL AND w.appreciation_text <> '' THEN 20 ELSE 0 END) +
            (CASE WHEN w.char_count BETWEEN 12 AND 220 THEN 10 ELSE 0 END) +
            COALESCE(rel.relation_count, 0) * 0.05 +
            COALESCE(meta.tag_count, 0) * 0.20,
            2
        ) AS hotScore,
        DATE_FORMAT(w.created_at, '%Y-%m-%d %H:%i:%s') AS publishTime
    FROM poetry_work w
    JOIN matched_work mw ON mw.work_id = w.work_id
    LEFT JOIN (
        SELECT work_id, COUNT(*) AS relation_count
        FROM work_relation
        GROUP BY work_id
    ) rel ON rel.work_id = w.work_id
    LEFT JOIN (
        SELECT work_id, COUNT(*) AS tag_count
        FROM work_tag
        GROUP BY work_id
    ) meta ON meta.work_id = w.work_id
)
SELECT
    wm.workId,
    wm.title,
    wm.authorName,
    wm.dynastyName,
    wm.contentPreview,
    (
        SELECT GROUP_CONCAT(t.tag_name ORDER BY t.tag_name SEPARATOR ',')
        FROM work_tag wt2
        JOIN tag t ON t.tag_id = wt2.tag_id
        WHERE wt2.work_id = wm.workId
          AND wt2.tag_id IN (?)
    ) AS matchedTags,
    wm.hotScore,
    wm.publishTime
FROM work_meta wm
ORDER BY wm.hotScore DESC, wm.workId DESC
LIMIT ? OFFSET ?
]
2026-04-21T20:07:08.738+08:00 DEBUG 21432 --- [io-8080-exec-10] o.s.jdbc.core.JdbcTemplate               : Executing prepared SQL query
2026-04-21T20:07:08.738+08:00 DEBUG 21432 --- [io-8080-exec-10] o.s.jdbc.core.JdbcTemplate               : Executing prepared SQL statement [WITH matched_work AS (
    SELECT wt.work_id
    FROM work_tag wt
    WHERE wt.tag_id IN (?)
    GROUP BY wt.work_id
    HAVING COUNT(DISTINCT wt.tag_id) = ?
),
work_meta AS (
    SELECT
        w.work_id AS workId,
        w.title,
        w.author_name_cache AS authorName,
        w.dynasty_name AS dynastyName,
        LEFT(w.content_text, 120) AS contentPreview,
        ROUND(
            (CASE WHEN w.translation_text IS NOT NULL AND w.translation_text <> '' THEN 30 ELSE 0 END) +
            (CASE WHEN w.annotation_text IS NOT NULL AND w.annotation_text <> '' THEN 25 ELSE 0 END) +
            (CASE WHEN w.appreciation_text IS NOT NULL AND w.appreciation_text <> '' THEN 20 ELSE 0 END) +
            (CASE WHEN w.char_count BETWEEN 12 AND 220 THEN 10 ELSE 0 END) +
            COALESCE(rel.relation_count, 0) * 0.05 +
            COALESCE(meta.tag_count, 0) * 0.20,
            2
        ) AS hotScore,
        DATE_FORMAT(w.created_at, '%Y-%m-%d %H:%i:%s') AS publishTime
    FROM poetry_work w
    JOIN matched_work mw ON mw.work_id = w.work_id
    LEFT JOIN (
        SELECT work_id, COUNT(*) AS relation_count
        FROM work_relation
        GROUP BY work_id
    ) rel ON rel.work_id = w.work_id
    LEFT JOIN (
        SELECT work_id, COUNT(*) AS tag_count
        FROM work_tag
        GROUP BY work_id
    ) meta ON meta.work_id = w.work_id
)
SELECT
    wm.workId,
    wm.title,
    wm.authorName,
    wm.dynastyName,
    wm.contentPreview,
    (
        SELECT GROUP_CONCAT(t.tag_name ORDER BY t.tag_name SEPARATOR ',')
        FROM work_tag wt2
        JOIN tag t ON t.tag_id = wt2.tag_id
        WHERE wt2.work_id = wm.workId
          AND wt2.tag_id IN (?)
    ) AS matchedTags,
    wm.hotScore,
    wm.publishTime
FROM work_meta wm
ORDER BY wm.hotScore DESC, wm.workId DESC
LIMIT ? OFFSET ?
]
2026-04-21T20:07:12.109+08:00 DEBUG 21432 --- [nio-8080-exec-2] o.s.web.servlet.DispatcherServlet        : GET "/api/poems/search/by-tags?tagIds=15&sort=publish_time&page=1&pageSize=20", parameters={masked}
2026-04-21T20:07:12.111+08:00 DEBUG 21432 --- [nio-8080-exec-2] s.w.s.m.m.a.RequestMappingHandlerMapping : Mapped to com.example.poetry.backend.controller.TagSearchController#searchByTags(String, String, int, int)
2026-04-21T20:07:12.112+08:00 DEBUG 21432 --- [nio-8080-exec-2] o.s.jdbc.core.JdbcTemplate               : Executing prepared SQL query
2026-04-21T20:07:12.113+08:00 DEBUG 21432 --- [nio-8080-exec-2] o.s.jdbc.core.JdbcTemplate               : Executing prepared SQL statement [SELECT COUNT(*) FROM (
    SELECT w.work_id
    FROM poetry_work w
    JOIN work_tag wt ON wt.work_id = w.work_id
    WHERE wt.tag_id IN (?)
    GROUP BY w.work_id
    HAVING COUNT(DISTINCT wt.tag_id) = ?
) result_count
]
2026-04-21T20:07:13.649+08:00 DEBUG 21432 --- [nio-8080-exec-2] o.s.jdbc.core.JdbcTemplate               : Executing prepared SQL query
2026-04-21T20:07:13.649+08:00 DEBUG 21432 --- [nio-8080-exec-2] o.s.jdbc.core.JdbcTemplate               : Executing prepared SQL statement [WITH matched_work AS (
    SELECT wt.work_id
    FROM work_tag wt
    WHERE wt.tag_id IN (?)
    GROUP BY wt.work_id
    HAVING COUNT(DISTINCT wt.tag_id) = ?
),
work_meta AS (
    SELECT
        w.work_id AS workId,
        w.title,
        w.author_name_cache AS authorName,
        w.dynasty_name AS dynastyName,
        LEFT(w.content_text, 120) AS contentPreview,
        ROUND(
            (CASE WHEN w.translation_text IS NOT NULL AND w.translation_text <> '' THEN 30 ELSE 0 END) +
            (CASE WHEN w.annotation_text IS NOT NULL AND w.annotation_text <> '' THEN 25 ELSE 0 END) +
            (CASE WHEN w.appreciation_text IS NOT NULL AND w.appreciation_text <> '' THEN 20 ELSE 0 END) +
            (CASE WHEN w.char_count BETWEEN 12 AND 220 THEN 10 ELSE 0 END) +
            COALESCE(rel.relation_count, 0) * 0.05 +
            COALESCE(meta.tag_count, 0) * 0.20,
            2
        ) AS hotScore,
        DATE_FORMAT(w.created_at, '%Y-%m-%d %H:%i:%s') AS publishTime
    FROM poetry_work w
    JOIN matched_work mw ON mw.work_id = w.work_id
    LEFT JOIN (
        SELECT work_id, COUNT(*) AS relation_count
        FROM work_relation
        GROUP BY work_id
    ) rel ON rel.work_id = w.work_id
    LEFT JOIN (
        SELECT work_id, COUNT(*) AS tag_count
        FROM work_tag
        GROUP BY work_id
    ) meta ON meta.work_id = w.work_id
)
SELECT
    wm.workId,
    wm.title,
    wm.authorName,
    wm.dynastyName,
    wm.contentPreview,
    (
        SELECT GROUP_CONCAT(t.tag_name ORDER BY t.tag_name SEPARATOR ',')
        FROM work_tag wt2
        JOIN tag t ON t.tag_id = wt2.tag_id
        WHERE wt2.work_id = wm.workId
          AND wt2.tag_id IN (?)
    ) AS matchedTags,
    wm.hotScore,
    wm.publishTime
FROM work_meta wm
ORDER BY wm.publishTime DESC, wm.workId DESC
LIMIT ? OFFSET ?
]
2026-04-21T20:07:14.053+08:00 DEBUG 21432 --- [nio-8080-exec-9] m.m.a.RequestResponseBodyMethodProcessor : Using 'application/json', given [*/*] and supported [application/json, application/*+json]
2026-04-21T20:07:14.053+08:00 DEBUG 21432 --- [nio-8080-exec-9] m.m.a.RequestResponseBodyMethodProcessor : Writing [PoemTagSearchResponse[selectedTagIds=[6, 15], sort=hot, total=66482, items=[PoemSearchItemDto[workId (truncated)...]
2026-04-21T20:07:14.055+08:00 DEBUG 21432 --- [nio-8080-exec-9] o.s.web.servlet.DispatcherServlet        : Completed 200 OK
2026-04-21T20:07:14.057+08:00 DEBUG 21432 --- [nio-8080-exec-5] o.s.web.servlet.DispatcherServlet        : GET "/api/poems/search/by-tags?tagIds=15&sort=hot&page=1&pageSize=20", parameters={masked}
2026-04-21T20:07:14.058+08:00 DEBUG 21432 --- [nio-8080-exec-5] s.w.s.m.m.a.RequestMappingHandlerMapping : Mapped to com.example.poetry.backend.controller.TagSearchController#searchByTags(String, String, int, int)
2026-04-21T20:07:14.059+08:00 DEBUG 21432 --- [nio-8080-exec-5] o.s.jdbc.core.JdbcTemplate               : Executing prepared SQL query
2026-04-21T20:07:14.060+08:00 DEBUG 21432 --- [nio-8080-exec-5] o.s.jdbc.core.JdbcTemplate               : Executing prepared SQL statement [SELECT COUNT(*) FROM (
    SELECT w.work_id
    FROM poetry_work w
    JOIN work_tag wt ON wt.work_id = w.work_id
    WHERE wt.tag_id IN (?)
    GROUP BY w.work_id
    HAVING COUNT(DISTINCT wt.tag_id) = ?
) result_count
]
2026-04-21T20:07:14.323+08:00 DEBUG 21432 --- [nio-8080-exec-7] m.m.a.RequestResponseBodyMethodProcessor : Using 'application/json', given [*/*] and supported [application/json, application/*+json]
2026-04-21T20:07:14.323+08:00 DEBUG 21432 --- [nio-8080-exec-7] m.m.a.RequestResponseBodyMethodProcessor : Writing [PoemTagSearchResponse[selectedTagIds=[15], sort=hot, total=96521, items=[PoemSearchItemDto[workId=21 (truncated)...]
2026-04-21T20:07:14.325+08:00 DEBUG 21432 --- [nio-8080-exec-7] o.s.web.servlet.DispatcherServlet        : Completed 200 OK
2026-04-21T20:07:14.895+08:00 DEBUG 21432 --- [io-8080-exec-10] m.m.a.RequestResponseBodyMethodProcessor : Using 'application/json', given [*/*] and supported [application/json, application/*+json]
2026-04-21T20:07:14.895+08:00 DEBUG 21432 --- [nio-8080-exec-6] m.m.a.RequestResponseBodyMethodProcessor : Using 'application/json', given [*/*] and supported [application/json, application/*+json]
2026-04-21T20:07:14.896+08:00 DEBUG 21432 --- [io-8080-exec-10] m.m.a.RequestResponseBodyMethodProcessor : Writing [PoemTagSearchResponse[selectedTagIds=[15], sort=hot, total=96521, items=[PoemSearchItemDto[workId=21 (truncated)...]
2026-04-21T20:07:14.896+08:00 DEBUG 21432 --- [nio-8080-exec-6] m.m.a.RequestResponseBodyMethodProcessor : Writing [PoemTagSearchResponse[selectedTagIds=[15], sort=hot, total=96521, items=[PoemSearchItemDto[workId=21 (truncated)...]
2026-04-21T20:07:14.897+08:00 DEBUG 21432 --- [io-8080-exec-10] o.s.web.servlet.DispatcherServlet        : Completed 200 OK
2026-04-21T20:07:14.898+08:00 DEBUG 21432 --- [nio-8080-exec-6] o.s.web.servlet.DispatcherServlet        : Completed 200 OK
2026-04-21T20:07:16.002+08:00 DEBUG 21432 --- [nio-8080-exec-5] o.s.jdbc.core.JdbcTemplate               : Executing prepared SQL query
2026-04-21T20:07:16.002+08:00 DEBUG 21432 --- [nio-8080-exec-5] o.s.jdbc.core.JdbcTemplate               : Executing prepared SQL statement [WITH matched_work AS (
    SELECT wt.work_id
    FROM work_tag wt
    WHERE wt.tag_id IN (?)
    GROUP BY wt.work_id
    HAVING COUNT(DISTINCT wt.tag_id) = ?
),
work_meta AS (
    SELECT
        w.work_id AS workId,
        w.title,
        w.author_name_cache AS authorName,
        w.dynasty_name AS dynastyName,
        LEFT(w.content_text, 120) AS contentPreview,
        ROUND(
            (CASE WHEN w.translation_text IS NOT NULL AND w.translation_text <> '' THEN 30 ELSE 0 END) +
            (CASE WHEN w.annotation_text IS NOT NULL AND w.annotation_text <> '' THEN 25 ELSE 0 END) +
            (CASE WHEN w.appreciation_text IS NOT NULL AND w.appreciation_text <> '' THEN 20 ELSE 0 END) +
            (CASE WHEN w.char_count BETWEEN 12 AND 220 THEN 10 ELSE 0 END) +
            COALESCE(rel.relation_count, 0) * 0.05 +
            COALESCE(meta.tag_count, 0) * 0.20,
            2
        ) AS hotScore,
        DATE_FORMAT(w.created_at, '%Y-%m-%d %H:%i:%s') AS publishTime
    FROM poetry_work w
    JOIN matched_work mw ON mw.work_id = w.work_id
    LEFT JOIN (
        SELECT work_id, COUNT(*) AS relation_count
        FROM work_relation
        GROUP BY work_id
    ) rel ON rel.work_id = w.work_id
    LEFT JOIN (
        SELECT work_id, COUNT(*) AS tag_count
        FROM work_tag
        GROUP BY work_id
    ) meta ON meta.work_id = w.work_id
)
SELECT
    wm.workId,
    wm.title,
    wm.authorName,
    wm.dynastyName,
    wm.contentPreview,
    (
        SELECT GROUP_CONCAT(t.tag_name ORDER BY t.tag_name SEPARATOR ',')
        FROM work_tag wt2
        JOIN tag t ON t.tag_id = wt2.tag_id
        WHERE wt2.work_id = wm.workId
          AND wt2.tag_id IN (?)
    ) AS matchedTags,
    wm.hotScore,
    wm.publishTime
FROM work_meta wm
ORDER BY wm.hotScore DESC, wm.workId DESC
LIMIT ? OFFSET ?
]
2026-04-21T20:07:20.661+08:00 DEBUG 21432 --- [nio-8080-exec-2] m.m.a.RequestResponseBodyMethodProcessor : Using 'application/json', given [*/*] and supported [application/json, application/*+json]
2026-04-21T20:07:20.661+08:00 DEBUG 21432 --- [nio-8080-exec-2] m.m.a.RequestResponseBodyMethodProcessor : Writing [PoemTagSearchResponse[selectedTagIds=[15], sort=publish_time, total=96521, items=[PoemSearchItemDto[ (truncated)...]
2026-04-21T20:07:20.662+08:00 DEBUG 21432 --- [nio-8080-exec-2] o.s.web.servlet.DispatcherServlet        : Completed 200 OK
2026-04-21T20:07:23.469+08:00 DEBUG 21432 --- [nio-8080-exec-5] m.m.a.RequestResponseBodyMethodProcessor : Using 'application/json', given [*/*] and supported [application/json, application/*+json]
2026-04-21T20:07:23.470+08:00 DEBUG 21432 --- [nio-8080-exec-5] m.m.a.RequestResponseBodyMethodProcessor : Writing [PoemTagSearchResponse[selectedTagIds=[15], sort=hot, total=96521, items=[PoemSearchItemDto[workId=21 (truncated)...]
2026-04-21T20:07:23.471+08:00 DEBUG 21432 --- [nio-8080-exec-5] o.s.web.servlet.DispatcherServlet        : Completed 200 OK
2026-04-21T20:09:10.197+08:00 DEBUG 21432 --- [nio-8080-exec-7] o.s.web.servlet.DispatcherServlet        : GET "/api/poems/2159", parameters={}
2026-04-21T20:09:10.198+08:00 DEBUG 21432 --- [nio-8080-exec-7] s.w.s.m.m.a.RequestMappingHandlerMapping : Mapped to com.example.poetry.backend.controller.TagSearchController#getPoemDetail(Long)
2026-04-21T20:09:10.199+08:00 DEBUG 21432 --- [nio-8080-exec-7] o.s.jdbc.core.JdbcTemplate               : Executing prepared SQL query
2026-04-21T20:09:10.200+08:00 DEBUG 21432 --- [nio-8080-exec-7] o.s.jdbc.core.JdbcTemplate               : Executing prepared SQL statement [SELECT
    work_id AS workId,
    title,
    author_name_cache AS authorName,
    dynasty_name AS dynastyName,
    content_text AS contentText,
    translation_text AS translationText,
    annotation_text AS annotationText,
    appreciation_text AS appreciationText
FROM poetry_work
WHERE work_id = ?
]
2026-04-21T20:09:10.203+08:00 DEBUG 21432 --- [nio-8080-exec-7] m.m.a.RequestResponseBodyMethodProcessor : Using 'application/json', given [*/*] and supported [application/json, application/*+json]
2026-04-21T20:09:10.203+08:00 DEBUG 21432 --- [nio-8080-exec-7] m.m.a.RequestResponseBodyMethodProcessor : Writing [PoemDetailDto[workId=2159, title=贺新郎·兵后寓吴, authorName=蒋捷, dynastyName=宋代, contentText=<EOL> 深阁帘垂绣。记家人、软语 (truncated)...]
2026-04-21T20:09:10.204+08:00 DEBUG 21432 --- [nio-8080-exec-7] o.s.web.servlet.DispatcherServlet        : Completed 200 OK
2026-04-21T20:09:11.478+08:00 DEBUG 21432 --- [io-8080-exec-10] o.s.web.servlet.DispatcherServlet        : GET "/api/poems/search/by-tags?tagIds=15&sort=hot&page=1&pageSize=20", parameters={masked}
2026-04-21T20:09:11.479+08:00 DEBUG 21432 --- [io-8080-exec-10] s.w.s.m.m.a.RequestMappingHandlerMapping : Mapped to com.example.poetry.backend.controller.TagSearchController#searchByTags(String, String, int, int)
2026-04-21T20:09:11.480+08:00 DEBUG 21432 --- [io-8080-exec-10] o.s.jdbc.core.JdbcTemplate               : Executing prepared SQL query
2026-04-21T20:09:11.480+08:00 DEBUG 21432 --- [io-8080-exec-10] o.s.jdbc.core.JdbcTemplate               : Executing prepared SQL statement [SELECT COUNT(*) FROM (
    SELECT w.work_id
    FROM poetry_work w
    JOIN work_tag wt ON wt.work_id = w.work_id
    WHERE wt.tag_id IN (?)
    GROUP BY w.work_id
    HAVING COUNT(DISTINCT wt.tag_id) = ?
) result_count
]
2026-04-21T20:09:11.481+08:00 DEBUG 21432 --- [nio-8080-exec-6] o.s.web.servlet.DispatcherServlet        : GET "/api/poems/search/by-tags?tagIds=15&sort=hot&page=1&pageSize=20", parameters={masked}
2026-04-21T20:09:11.481+08:00 DEBUG 21432 --- [nio-8080-exec-6] s.w.s.m.m.a.RequestMappingHandlerMapping : Mapped to com.example.poetry.backend.controller.TagSearchController#searchByTags(String, String, int, int)
2026-04-21T20:09:11.483+08:00 DEBUG 21432 --- [nio-8080-exec-6] o.s.jdbc.core.JdbcTemplate               : Executing prepared SQL query
2026-04-21T20:09:11.483+08:00 DEBUG 21432 --- [nio-8080-exec-6] o.s.jdbc.core.JdbcTemplate               : Executing prepared SQL statement [SELECT COUNT(*) FROM (
    SELECT w.work_id
    FROM poetry_work w
    JOIN work_tag wt ON wt.work_id = w.work_id
    WHERE wt.tag_id IN (?)
    GROUP BY w.work_id
    HAVING COUNT(DISTINCT wt.tag_id) = ?
) result_count
]
2026-04-21T20:09:12.998+08:00 DEBUG 21432 --- [nio-8080-exec-2] o.s.web.servlet.DispatcherServlet        : GET "/api/tags/hot?limit=20", parameters={masked}
2026-04-21T20:09:12.999+08:00 DEBUG 21432 --- [nio-8080-exec-2] s.w.s.m.m.a.RequestMappingHandlerMapping : Mapped to com.example.poetry.backend.controller.TagSearchController#getHotTags(int)
2026-04-21T20:09:13.000+08:00 DEBUG 21432 --- [nio-8080-exec-2] o.s.jdbc.core.JdbcTemplate               : Executing prepared SQL query
2026-04-21T20:09:13.001+08:00 DEBUG 21432 --- [nio-8080-exec-2] o.s.jdbc.core.JdbcTemplate               : Executing prepared SQL statement [SELECT
    t.tag_id AS tagId,
    t.tag_name AS tagName,
    t.tag_type AS tagType,
    COUNT(wt.work_id) AS workCount
FROM tag t
LEFT JOIN work_tag wt ON wt.tag_id = t.tag_id
GROUP BY t.tag_id, t.tag_name, t.tag_type
ORDER BY workCount DESC, t.tag_id ASC
LIMIT ?
]
2026-04-21T20:09:13.106+08:00 DEBUG 21432 --- [nio-8080-exec-6] o.s.jdbc.core.JdbcTemplate               : Executing prepared SQL query
2026-04-21T20:09:13.106+08:00 DEBUG 21432 --- [io-8080-exec-10] o.s.jdbc.core.JdbcTemplate               : Executing prepared SQL query
2026-04-21T20:09:13.107+08:00 DEBUG 21432 --- [nio-8080-exec-6] o.s.jdbc.core.JdbcTemplate               : Executing prepared SQL statement [WITH matched_work AS (
    SELECT wt.work_id
    FROM work_tag wt
    WHERE wt.tag_id IN (?)
    GROUP BY wt.work_id
    HAVING COUNT(DISTINCT wt.tag_id) = ?
),
work_meta AS (
    SELECT
        w.work_id AS workId,
        w.title,
        w.author_name_cache AS authorName,
        w.dynasty_name AS dynastyName,
        LEFT(w.content_text, 120) AS contentPreview,
        ROUND(
            (CASE WHEN w.translation_text IS NOT NULL AND w.translation_text <> '' THEN 30 ELSE 0 END) +
            (CASE WHEN w.annotation_text IS NOT NULL AND w.annotation_text <> '' THEN 25 ELSE 0 END) +
            (CASE WHEN w.appreciation_text IS NOT NULL AND w.appreciation_text <> '' THEN 20 ELSE 0 END) +
            (CASE WHEN w.char_count BETWEEN 12 AND 220 THEN 10 ELSE 0 END) +
            COALESCE(rel.relation_count, 0) * 0.05 +
            COALESCE(meta.tag_count, 0) * 0.20,
            2
        ) AS hotScore,
        DATE_FORMAT(w.created_at, '%Y-%m-%d %H:%i:%s') AS publishTime
    FROM poetry_work w
    JOIN matched_work mw ON mw.work_id = w.work_id
    LEFT JOIN (
        SELECT work_id, COUNT(*) AS relation_count
        FROM work_relation
        GROUP BY work_id
    ) rel ON rel.work_id = w.work_id
    LEFT JOIN (
        SELECT work_id, COUNT(*) AS tag_count
        FROM work_tag
        GROUP BY work_id
    ) meta ON meta.work_id = w.work_id
)
SELECT
    wm.workId,
    wm.title,
    wm.authorName,
    wm.dynastyName,
    wm.contentPreview,
    (
        SELECT GROUP_CONCAT(t.tag_name ORDER BY t.tag_name SEPARATOR ',')
        FROM work_tag wt2
        JOIN tag t ON t.tag_id = wt2.tag_id
        WHERE wt2.work_id = wm.workId
          AND wt2.tag_id IN (?)
    ) AS matchedTags,
    wm.hotScore,
    wm.publishTime
FROM work_meta wm
ORDER BY wm.hotScore DESC, wm.workId DESC
LIMIT ? OFFSET ?
]
2026-04-21T20:09:13.107+08:00 DEBUG 21432 --- [io-8080-exec-10] o.s.jdbc.core.JdbcTemplate               : Executing prepared SQL statement [WITH matched_work AS (
    SELECT wt.work_id
    FROM work_tag wt
    WHERE wt.tag_id IN (?)
    GROUP BY wt.work_id
    HAVING COUNT(DISTINCT wt.tag_id) = ?
),
work_meta AS (
    SELECT
        w.work_id AS workId,
        w.title,
        w.author_name_cache AS authorName,
        w.dynasty_name AS dynastyName,
        LEFT(w.content_text, 120) AS contentPreview,
        ROUND(
            (CASE WHEN w.translation_text IS NOT NULL AND w.translation_text <> '' THEN 30 ELSE 0 END) +
            (CASE WHEN w.annotation_text IS NOT NULL AND w.annotation_text <> '' THEN 25 ELSE 0 END) +
            (CASE WHEN w.appreciation_text IS NOT NULL AND w.appreciation_text <> '' THEN 20 ELSE 0 END) +
            (CASE WHEN w.char_count BETWEEN 12 AND 220 THEN 10 ELSE 0 END) +
            COALESCE(rel.relation_count, 0) * 0.05 +
            COALESCE(meta.tag_count, 0) * 0.20,
            2
        ) AS hotScore,
        DATE_FORMAT(w.created_at, '%Y-%m-%d %H:%i:%s') AS publishTime
    FROM poetry_work w
    JOIN matched_work mw ON mw.work_id = w.work_id
    LEFT JOIN (
        SELECT work_id, COUNT(*) AS relation_count
        FROM work_relation
        GROUP BY work_id
    ) rel ON rel.work_id = w.work_id
    LEFT JOIN (
        SELECT work_id, COUNT(*) AS tag_count
        FROM work_tag
        GROUP BY work_id
    ) meta ON meta.work_id = w.work_id
)
SELECT
    wm.workId,
    wm.title,
    wm.authorName,
    wm.dynastyName,
    wm.contentPreview,
    (
        SELECT GROUP_CONCAT(t.tag_name ORDER BY t.tag_name SEPARATOR ',')
        FROM work_tag wt2
        JOIN tag t ON t.tag_id = wt2.tag_id
        WHERE wt2.work_id = wm.workId
          AND wt2.tag_id IN (?)
    ) AS matchedTags,
    wm.hotScore,
    wm.publishTime
FROM work_meta wm
ORDER BY wm.hotScore DESC, wm.workId DESC
LIMIT ? OFFSET ?
]
2026-04-21T20:09:16.003+08:00 DEBUG 21432 --- [nio-8080-exec-5] o.s.web.servlet.DispatcherServlet        : GET "/api/poems/search/by-tags?tagIds=15%2C9&sort=hot&page=1&pageSize=20", parameters={masked}
2026-04-21T20:09:16.004+08:00 DEBUG 21432 --- [nio-8080-exec-5] s.w.s.m.m.a.RequestMappingHandlerMapping : Mapped to com.example.poetry.backend.controller.TagSearchController#searchByTags(String, String, int, int)
2026-04-21T20:09:16.005+08:00 DEBUG 21432 --- [nio-8080-exec-5] o.s.jdbc.core.JdbcTemplate               : Executing prepared SQL query
2026-04-21T20:09:16.005+08:00 DEBUG 21432 --- [nio-8080-exec-5] o.s.jdbc.core.JdbcTemplate               : Executing prepared SQL statement [SELECT COUNT(*) FROM (
    SELECT w.work_id
    FROM poetry_work w
    JOIN work_tag wt ON wt.work_id = w.work_id
    WHERE wt.tag_id IN (?, ?)
    GROUP BY w.work_id
    HAVING COUNT(DISTINCT wt.tag_id) = ?
) result_count
]
2026-04-21T20:09:16.938+08:00 DEBUG 21432 --- [nio-8080-exec-2] m.m.a.RequestResponseBodyMethodProcessor : Using 'application/json', given [*/*] and supported [application/json, application/*+json]
2026-04-21T20:09:16.939+08:00 DEBUG 21432 --- [nio-8080-exec-2] m.m.a.RequestResponseBodyMethodProcessor : Writing [[TagDto[tagId=15, tagName=写景, tagType=theme, workCount=96521], TagDto[tagId=6, tagName=山水, tagType=s (truncated)...]
2026-04-21T20:09:16.940+08:00 DEBUG 21432 --- [nio-8080-exec-2] o.s.web.servlet.DispatcherServlet        : Completed 200 OK
2026-04-21T20:09:17.354+08:00 DEBUG 21432 --- [nio-8080-exec-3] o.s.web.servlet.DispatcherServlet        : GET "/api/poems/search/by-tags?tagIds=9&sort=hot&page=1&pageSize=20", parameters={masked}
2026-04-21T20:09:17.355+08:00 DEBUG 21432 --- [nio-8080-exec-3] s.w.s.m.m.a.RequestMappingHandlerMapping : Mapped to com.example.poetry.backend.controller.TagSearchController#searchByTags(String, String, int, int)
2026-04-21T20:09:17.356+08:00 DEBUG 21432 --- [nio-8080-exec-3] o.s.jdbc.core.JdbcTemplate               : Executing prepared SQL query
2026-04-21T20:09:17.357+08:00 DEBUG 21432 --- [nio-8080-exec-3] o.s.jdbc.core.JdbcTemplate               : Executing prepared SQL statement [SELECT COUNT(*) FROM (
    SELECT w.work_id
    FROM poetry_work w
    JOIN work_tag wt ON wt.work_id = w.work_id
    WHERE wt.tag_id IN (?)
    GROUP BY w.work_id
    HAVING COUNT(DISTINCT wt.tag_id) = ?
) result_count
]
2026-04-21T20:09:17.985+08:00 DEBUG 21432 --- [nio-8080-exec-5] o.s.jdbc.core.JdbcTemplate               : Executing prepared SQL query
2026-04-21T20:09:17.986+08:00 DEBUG 21432 --- [nio-8080-exec-5] o.s.jdbc.core.JdbcTemplate               : Executing prepared SQL statement [WITH matched_work AS (
    SELECT wt.work_id
    FROM work_tag wt
    WHERE wt.tag_id IN (?, ?)
    GROUP BY wt.work_id
    HAVING COUNT(DISTINCT wt.tag_id) = ?
),
work_meta AS (
    SELECT
        w.work_id AS workId,
        w.title,
        w.author_name_cache AS authorName,
        w.dynasty_name AS dynastyName,
        LEFT(w.content_text, 120) AS contentPreview,
        ROUND(
            (CASE WHEN w.translation_text IS NOT NULL AND w.translation_text <> '' THEN 30 ELSE 0 END) +
            (CASE WHEN w.annotation_text IS NOT NULL AND w.annotation_text <> '' THEN 25 ELSE 0 END) +
            (CASE WHEN w.appreciation_text IS NOT NULL AND w.appreciation_text <> '' THEN 20 ELSE 0 END) +
            (CASE WHEN w.char_count BETWEEN 12 AND 220 THEN 10 ELSE 0 END) +
            COALESCE(rel.relation_count, 0) * 0.05 +
            COALESCE(meta.tag_count, 0) * 0.20,
            2
        ) AS hotScore,
        DATE_FORMAT(w.created_at, '%Y-%m-%d %H:%i:%s') AS publishTime
    FROM poetry_work w
    JOIN matched_work mw ON mw.work_id = w.work_id
    LEFT JOIN (
        SELECT work_id, COUNT(*) AS relation_count
        FROM work_relation
        GROUP BY work_id
    ) rel ON rel.work_id = w.work_id
    LEFT JOIN (
        SELECT work_id, COUNT(*) AS tag_count
        FROM work_tag
        GROUP BY work_id
    ) meta ON meta.work_id = w.work_id
)
SELECT
    wm.workId,
    wm.title,
    wm.authorName,
    wm.dynastyName,
    wm.contentPreview,
    (
        SELECT GROUP_CONCAT(t.tag_name ORDER BY t.tag_name SEPARATOR ',')
        FROM work_tag wt2
        JOIN tag t ON t.tag_id = wt2.tag_id
        WHERE wt2.work_id = wm.workId
          AND wt2.tag_id IN (?, ?)
    ) AS matchedTags,
    wm.hotScore,
    wm.publishTime
FROM work_meta wm
ORDER BY wm.hotScore DESC, wm.workId DESC
LIMIT ? OFFSET ?
]
2026-04-21T20:09:18.211+08:00 DEBUG 21432 --- [nio-8080-exec-4] o.s.web.servlet.DispatcherServlet        : GET "/api/poems/search/by-tags?tagIds=9&sort=hot&page=1&pageSize=20", parameters={masked}
2026-04-21T20:09:18.212+08:00 DEBUG 21432 --- [nio-8080-exec-4] s.w.s.m.m.a.RequestMappingHandlerMapping : Mapped to com.example.poetry.backend.controller.TagSearchController#searchByTags(String, String, int, int)
2026-04-21T20:09:18.213+08:00 DEBUG 21432 --- [nio-8080-exec-4] o.s.jdbc.core.JdbcTemplate               : Executing prepared SQL query
2026-04-21T20:09:18.213+08:00 DEBUG 21432 --- [nio-8080-exec-4] o.s.jdbc.core.JdbcTemplate               : Executing prepared SQL statement [SELECT COUNT(*) FROM (
    SELECT w.work_id
    FROM poetry_work w
    JOIN work_tag wt ON wt.work_id = w.work_id
    WHERE wt.tag_id IN (?)
    GROUP BY w.work_id
    HAVING COUNT(DISTINCT wt.tag_id) = ?
) result_count
]
2026-04-21T20:09:18.799+08:00 DEBUG 21432 --- [nio-8080-exec-3] o.s.jdbc.core.JdbcTemplate               : Executing prepared SQL query
2026-04-21T20:09:18.799+08:00 DEBUG 21432 --- [nio-8080-exec-3] o.s.jdbc.core.JdbcTemplate               : Executing prepared SQL statement [WITH matched_work AS (
    SELECT wt.work_id
    FROM work_tag wt
    WHERE wt.tag_id IN (?)
    GROUP BY wt.work_id
    HAVING COUNT(DISTINCT wt.tag_id) = ?
),
work_meta AS (
    SELECT
        w.work_id AS workId,
        w.title,
        w.author_name_cache AS authorName,
        w.dynasty_name AS dynastyName,
        LEFT(w.content_text, 120) AS contentPreview,
        ROUND(
            (CASE WHEN w.translation_text IS NOT NULL AND w.translation_text <> '' THEN 30 ELSE 0 END) +
            (CASE WHEN w.annotation_text IS NOT NULL AND w.annotation_text <> '' THEN 25 ELSE 0 END) +
            (CASE WHEN w.appreciation_text IS NOT NULL AND w.appreciation_text <> '' THEN 20 ELSE 0 END) +
            (CASE WHEN w.char_count BETWEEN 12 AND 220 THEN 10 ELSE 0 END) +
            COALESCE(rel.relation_count, 0) * 0.05 +
            COALESCE(meta.tag_count, 0) * 0.20,
            2
        ) AS hotScore,
        DATE_FORMAT(w.created_at, '%Y-%m-%d %H:%i:%s') AS publishTime
    FROM poetry_work w
    JOIN matched_work mw ON mw.work_id = w.work_id
    LEFT JOIN (
        SELECT work_id, COUNT(*) AS relation_count
        FROM work_relation
        GROUP BY work_id
    ) rel ON rel.work_id = w.work_id
    LEFT JOIN (
        SELECT work_id, COUNT(*) AS tag_count
        FROM work_tag
        GROUP BY work_id
    ) meta ON meta.work_id = w.work_id
)
SELECT
    wm.workId,
    wm.title,
    wm.authorName,
    wm.dynastyName,
    wm.contentPreview,
    (
        SELECT GROUP_CONCAT(t.tag_name ORDER BY t.tag_name SEPARATOR ',')
        FROM work_tag wt2
        JOIN tag t ON t.tag_id = wt2.tag_id
        WHERE wt2.work_id = wm.workId
          AND wt2.tag_id IN (?)
    ) AS matchedTags,
    wm.hotScore,
    wm.publishTime
FROM work_meta wm
ORDER BY wm.hotScore DESC, wm.workId DESC
LIMIT ? OFFSET ?
]
2026-04-21T20:09:19.307+08:00 DEBUG 21432 --- [io-8080-exec-10] m.m.a.RequestResponseBodyMethodProcessor : Using 'application/json', given [*/*] and supported [application/json, application/*+json]
2026-04-21T20:09:19.309+08:00 DEBUG 21432 --- [io-8080-exec-10] m.m.a.RequestResponseBodyMethodProcessor : Writing [PoemTagSearchResponse[selectedTagIds=[15], sort=hot, total=96521, items=[PoemSearchItemDto[workId=21 (truncated)...]
2026-04-21T20:09:19.309+08:00 DEBUG 21432 --- [io-8080-exec-10] o.s.web.servlet.DispatcherServlet        : Completed 200 OK
2026-04-21T20:09:19.311+08:00 DEBUG 21432 --- [nio-8080-exec-6] m.m.a.RequestResponseBodyMethodProcessor : Using 'application/json', given [*/*] and supported [application/json, application/*+json]
2026-04-21T20:09:19.312+08:00 DEBUG 21432 --- [nio-8080-exec-6] m.m.a.RequestResponseBodyMethodProcessor : Writing [PoemTagSearchResponse[selectedTagIds=[15], sort=hot, total=96521, items=[PoemSearchItemDto[workId=21 (truncated)...]
2026-04-21T20:09:19.312+08:00 DEBUG 21432 --- [nio-8080-exec-1] o.s.web.servlet.DispatcherServlet        : GET "/api/poems/search/by-tags?tagIds=9&sort=hot&page=1&pageSize=20", parameters={masked}
2026-04-21T20:09:19.312+08:00 DEBUG 21432 --- [nio-8080-exec-6] o.s.web.servlet.DispatcherServlet        : Completed 200 OK
2026-04-21T20:09:19.313+08:00 DEBUG 21432 --- [nio-8080-exec-1] s.w.s.m.m.a.RequestMappingHandlerMapping : Mapped to com.example.poetry.backend.controller.TagSearchController#searchByTags(String, String, int, int)
2026-04-21T20:09:19.314+08:00 DEBUG 21432 --- [nio-8080-exec-1] o.s.jdbc.core.JdbcTemplate               : Executing prepared SQL query
2026-04-21T20:09:19.315+08:00 DEBUG 21432 --- [nio-8080-exec-1] o.s.jdbc.core.JdbcTemplate               : Executing prepared SQL statement [SELECT COUNT(*) FROM (
    SELECT w.work_id
    FROM poetry_work w
    JOIN work_tag wt ON wt.work_id = w.work_id
    WHERE wt.tag_id IN (?)
    GROUP BY w.work_id
    HAVING COUNT(DISTINCT wt.tag_id) = ?
) result_count
]
2026-04-21T20:09:19.672+08:00 DEBUG 21432 --- [nio-8080-exec-4] o.s.jdbc.core.JdbcTemplate               : Executing prepared SQL query
2026-04-21T20:09:19.673+08:00 DEBUG 21432 --- [nio-8080-exec-4] o.s.jdbc.core.JdbcTemplate               : Executing prepared SQL statement [WITH matched_work AS (
    SELECT wt.work_id
    FROM work_tag wt
    WHERE wt.tag_id IN (?)
    GROUP BY wt.work_id
    HAVING COUNT(DISTINCT wt.tag_id) = ?
),
work_meta AS (
    SELECT
        w.work_id AS workId,
        w.title,
        w.author_name_cache AS authorName,
        w.dynasty_name AS dynastyName,
        LEFT(w.content_text, 120) AS contentPreview,
        ROUND(
            (CASE WHEN w.translation_text IS NOT NULL AND w.translation_text <> '' THEN 30 ELSE 0 END) +
            (CASE WHEN w.annotation_text IS NOT NULL AND w.annotation_text <> '' THEN 25 ELSE 0 END) +
            (CASE WHEN w.appreciation_text IS NOT NULL AND w.appreciation_text <> '' THEN 20 ELSE 0 END) +
            (CASE WHEN w.char_count BETWEEN 12 AND 220 THEN 10 ELSE 0 END) +
            COALESCE(rel.relation_count, 0) * 0.05 +
            COALESCE(meta.tag_count, 0) * 0.20,
            2
        ) AS hotScore,
        DATE_FORMAT(w.created_at, '%Y-%m-%d %H:%i:%s') AS publishTime
    FROM poetry_work w
    JOIN matched_work mw ON mw.work_id = w.work_id
    LEFT JOIN (
        SELECT work_id, COUNT(*) AS relation_count
        FROM work_relation
        GROUP BY work_id
    ) rel ON rel.work_id = w.work_id
    LEFT JOIN (
        SELECT work_id, COUNT(*) AS tag_count
        FROM work_tag
        GROUP BY work_id
    ) meta ON meta.work_id = w.work_id
)
SELECT
    wm.workId,
    wm.title,
    wm.authorName,
    wm.dynastyName,
    wm.contentPreview,
    (
        SELECT GROUP_CONCAT(t.tag_name ORDER BY t.tag_name SEPARATOR ',')
        FROM work_tag wt2
        JOIN tag t ON t.tag_id = wt2.tag_id
        WHERE wt2.work_id = wm.workId
          AND wt2.tag_id IN (?)
    ) AS matchedTags,
    wm.hotScore,
    wm.publishTime
FROM work_meta wm
ORDER BY wm.hotScore DESC, wm.workId DESC
LIMIT ? OFFSET ?
]
2026-04-21T20:09:20.750+08:00 DEBUG 21432 --- [nio-8080-exec-1] o.s.jdbc.core.JdbcTemplate               : Executing prepared SQL query
2026-04-21T20:09:20.750+08:00 DEBUG 21432 --- [nio-8080-exec-1] o.s.jdbc.core.JdbcTemplate               : Executing prepared SQL statement [WITH matched_work AS (
    SELECT wt.work_id
    FROM work_tag wt
    WHERE wt.tag_id IN (?)
    GROUP BY wt.work_id
    HAVING COUNT(DISTINCT wt.tag_id) = ?
),
work_meta AS (
    SELECT
        w.work_id AS workId,
        w.title,
        w.author_name_cache AS authorName,
        w.dynasty_name AS dynastyName,
        LEFT(w.content_text, 120) AS contentPreview,
        ROUND(
            (CASE WHEN w.translation_text IS NOT NULL AND w.translation_text <> '' THEN 30 ELSE 0 END) +
            (CASE WHEN w.annotation_text IS NOT NULL AND w.annotation_text <> '' THEN 25 ELSE 0 END) +
            (CASE WHEN w.appreciation_text IS NOT NULL AND w.appreciation_text <> '' THEN 20 ELSE 0 END) +
            (CASE WHEN w.char_count BETWEEN 12 AND 220 THEN 10 ELSE 0 END) +
            COALESCE(rel.relation_count, 0) * 0.05 +
            COALESCE(meta.tag_count, 0) * 0.20,
            2
        ) AS hotScore,
        DATE_FORMAT(w.created_at, '%Y-%m-%d %H:%i:%s') AS publishTime
    FROM poetry_work w
    JOIN matched_work mw ON mw.work_id = w.work_id
    LEFT JOIN (
        SELECT work_id, COUNT(*) AS relation_count
        FROM work_relation
        GROUP BY work_id
    ) rel ON rel.work_id = w.work_id
    LEFT JOIN (
        SELECT work_id, COUNT(*) AS tag_count
        FROM work_tag
        GROUP BY work_id
    ) meta ON meta.work_id = w.work_id
)
SELECT
    wm.workId,
    wm.title,
    wm.authorName,
    wm.dynastyName,
    wm.contentPreview,
    (
        SELECT GROUP_CONCAT(t.tag_name ORDER BY t.tag_name SEPARATOR ',')
        FROM work_tag wt2
        JOIN tag t ON t.tag_id = wt2.tag_id
        WHERE wt2.work_id = wm.workId
          AND wt2.tag_id IN (?)
    ) AS matchedTags,
    wm.hotScore,
    wm.publishTime
FROM work_meta wm
ORDER BY wm.hotScore DESC, wm.workId DESC
LIMIT ? OFFSET ?
]
2026-04-21T20:09:22.913+08:00 DEBUG 21432 --- [nio-8080-exec-5] m.m.a.RequestResponseBodyMethodProcessor : Using 'application/json', given [*/*] and supported [application/json, application/*+json]
2026-04-21T20:09:22.913+08:00 DEBUG 21432 --- [nio-8080-exec-5] m.m.a.RequestResponseBodyMethodProcessor : Writing [PoemTagSearchResponse[selectedTagIds=[15, 9], sort=hot, total=27440, items=[PoemSearchItemDto[workId (truncated)...]
2026-04-21T20:09:22.914+08:00 DEBUG 21432 --- [nio-8080-exec-5] o.s.web.servlet.DispatcherServlet        : Completed 200 OK
2026-04-21T20:09:23.139+08:00 DEBUG 21432 --- [nio-8080-exec-3] m.m.a.RequestResponseBodyMethodProcessor : Using 'application/json', given [*/*] and supported [application/json, application/*+json]
2026-04-21T20:09:23.140+08:00 DEBUG 21432 --- [nio-8080-exec-3] m.m.a.RequestResponseBodyMethodProcessor : Writing [PoemTagSearchResponse[selectedTagIds=[9], sort=hot, total=29892, items=[PoemSearchItemDto[workId=212 (truncated)...]
2026-04-21T20:09:23.142+08:00 DEBUG 21432 --- [nio-8080-exec-3] o.s.web.servlet.DispatcherServlet        : Completed 200 OK
2026-04-21T20:09:23.889+08:00 DEBUG 21432 --- [nio-8080-exec-4] m.m.a.RequestResponseBodyMethodProcessor : Using 'application/json', given [*/*] and supported [application/json, application/*+json]
2026-04-21T20:09:23.890+08:00 DEBUG 21432 --- [nio-8080-exec-4] m.m.a.RequestResponseBodyMethodProcessor : Writing [PoemTagSearchResponse[selectedTagIds=[9], sort=hot, total=29892, items=[PoemSearchItemDto[workId=212 (truncated)...]
2026-04-21T20:09:23.891+08:00 DEBUG 21432 --- [nio-8080-exec-4] o.s.web.servlet.DispatcherServlet        : Completed 200 OK
2026-04-21T20:09:25.387+08:00 DEBUG 21432 --- [nio-8080-exec-1] m.m.a.RequestResponseBodyMethodProcessor : Using 'application/json', given [*/*] and supported [application/json, application/*+json]
2026-04-21T20:09:25.387+08:00 DEBUG 21432 --- [nio-8080-exec-1] m.m.a.RequestResponseBodyMethodProcessor : Writing [PoemTagSearchResponse[selectedTagIds=[9], sort=hot, total=29892, items=[PoemSearchItemDto[workId=212 (truncated)...]
2026-04-21T20:09:25.388+08:00 DEBUG 21432 --- [nio-8080-exec-1] o.s.web.servlet.DispatcherServlet        : Completed 200 OK
2026-04-21T20:09:27.369+08:00 DEBUG 21432 --- [nio-8080-exec-8] o.s.web.servlet.DispatcherServlet        : GET "/api/poems/search/by-tags?tagIds=9&sort=publish_time&page=1&pageSize=20", parameters={masked}
2026-04-21T20:09:27.370+08:00 DEBUG 21432 --- [nio-8080-exec-8] s.w.s.m.m.a.RequestMappingHandlerMapping : Mapped to com.example.poetry.backend.controller.TagSearchController#searchByTags(String, String, int, int)
2026-04-21T20:09:27.370+08:00 DEBUG 21432 --- [nio-8080-exec-8] o.s.jdbc.core.JdbcTemplate               : Executing prepared SQL query
2026-04-21T20:09:27.371+08:00 DEBUG 21432 --- [nio-8080-exec-8] o.s.jdbc.core.JdbcTemplate               : Executing prepared SQL statement [SELECT COUNT(*) FROM (
    SELECT w.work_id
    FROM poetry_work w
    JOIN work_tag wt ON wt.work_id = w.work_id
    WHERE wt.tag_id IN (?)
    GROUP BY w.work_id
    HAVING COUNT(DISTINCT wt.tag_id) = ?
) result_count
]
2026-04-21T20:09:28.692+08:00 DEBUG 21432 --- [nio-8080-exec-8] o.s.jdbc.core.JdbcTemplate               : Executing prepared SQL query
2026-04-21T20:09:28.694+08:00 DEBUG 21432 --- [nio-8080-exec-8] o.s.jdbc.core.JdbcTemplate               : Executing prepared SQL statement [WITH matched_work AS (
    SELECT wt.work_id
    FROM work_tag wt
    WHERE wt.tag_id IN (?)
    GROUP BY wt.work_id
    HAVING COUNT(DISTINCT wt.tag_id) = ?
),
work_meta AS (
    SELECT
        w.work_id AS workId,
        w.title,
        w.author_name_cache AS authorName,
        w.dynasty_name AS dynastyName,
        LEFT(w.content_text, 120) AS contentPreview,
        ROUND(
            (CASE WHEN w.translation_text IS NOT NULL AND w.translation_text <> '' THEN 30 ELSE 0 END) +
            (CASE WHEN w.annotation_text IS NOT NULL AND w.annotation_text <> '' THEN 25 ELSE 0 END) +
            (CASE WHEN w.appreciation_text IS NOT NULL AND w.appreciation_text <> '' THEN 20 ELSE 0 END) +
            (CASE WHEN w.char_count BETWEEN 12 AND 220 THEN 10 ELSE 0 END) +
            COALESCE(rel.relation_count, 0) * 0.05 +
            COALESCE(meta.tag_count, 0) * 0.20,
            2
        ) AS hotScore,
        DATE_FORMAT(w.created_at, '%Y-%m-%d %H:%i:%s') AS publishTime
    FROM poetry_work w
    JOIN matched_work mw ON mw.work_id = w.work_id
    LEFT JOIN (
        SELECT work_id, COUNT(*) AS relation_count
        FROM work_relation
        GROUP BY work_id
    ) rel ON rel.work_id = w.work_id
    LEFT JOIN (
        SELECT work_id, COUNT(*) AS tag_count
        FROM work_tag
        GROUP BY work_id
    ) meta ON meta.work_id = w.work_id
)
SELECT
    wm.workId,
    wm.title,
    wm.authorName,
    wm.dynastyName,
    wm.contentPreview,
    (
        SELECT GROUP_CONCAT(t.tag_name ORDER BY t.tag_name SEPARATOR ',')
        FROM work_tag wt2
        JOIN tag t ON t.tag_id = wt2.tag_id
        WHERE wt2.work_id = wm.workId
          AND wt2.tag_id IN (?)
    ) AS matchedTags,
    wm.hotScore,
    wm.publishTime
FROM work_meta wm
ORDER BY wm.publishTime DESC, wm.workId DESC
LIMIT ? OFFSET ?
]
2026-04-21T20:09:33.293+08:00 DEBUG 21432 --- [nio-8080-exec-8] m.m.a.RequestResponseBodyMethodProcessor : Using 'application/json', given [*/*] and supported [application/json, application/*+json]
2026-04-21T20:09:33.293+08:00 DEBUG 21432 --- [nio-8080-exec-8] m.m.a.RequestResponseBodyMethodProcessor : Writing [PoemTagSearchResponse[selectedTagIds=[9], sort=publish_time, total=29892, items=[PoemSearchItemDto[w (truncated)...]
2026-04-21T20:09:33.294+08:00 DEBUG 21432 --- [nio-8080-exec-8] o.s.web.servlet.DispatcherServlet        : Completed 200 OK
2026-04-21T20:09:38.260+08:00 DEBUG 21432 --- [nio-8080-exec-9] o.s.web.servlet.DispatcherServlet        : GET "/api/tags/hot?limit=20", parameters={masked}
2026-04-21T20:09:38.261+08:00 DEBUG 21432 --- [nio-8080-exec-9] s.w.s.m.m.a.RequestMappingHandlerMapping : Mapped to com.example.poetry.backend.controller.TagSearchController#getHotTags(int)
2026-04-21T20:09:38.262+08:00 DEBUG 21432 --- [nio-8080-exec-9] o.s.jdbc.core.JdbcTemplate               : Executing prepared SQL query
2026-04-21T20:09:38.262+08:00 DEBUG 21432 --- [nio-8080-exec-9] o.s.jdbc.core.JdbcTemplate               : Executing prepared SQL statement [SELECT
    t.tag_id AS tagId,
    t.tag_name AS tagName,
    t.tag_type AS tagType,
    COUNT(wt.work_id) AS workCount
FROM tag t
LEFT JOIN work_tag wt ON wt.tag_id = t.tag_id
GROUP BY t.tag_id, t.tag_name, t.tag_type
ORDER BY workCount DESC, t.tag_id ASC
LIMIT ?
]
2026-04-21T20:09:40.552+08:00 DEBUG 21432 --- [nio-8080-exec-9] m.m.a.RequestResponseBodyMethodProcessor : Using 'application/json', given [*/*] and supported [application/json, application/*+json]
2026-04-21T20:09:40.552+08:00 DEBUG 21432 --- [nio-8080-exec-9] m.m.a.RequestResponseBodyMethodProcessor : Writing [[TagDto[tagId=15, tagName=写景, tagType=theme, workCount=96521], TagDto[tagId=6, tagName=山水, tagType=s (truncated)...]
2026-04-21T20:09:40.554+08:00 DEBUG 21432 --- [nio-8080-exec-9] o.s.web.servlet.DispatcherServlet        : Completed 200 OK
2026-04-21T20:09:43.467+08:00 DEBUG 21432 --- [nio-8080-exec-7] o.s.web.servlet.DispatcherServlet        : GET "/api/poems/search/by-tags?tagIds=15&sort=hot&page=1&pageSize=20", parameters={masked}
2026-04-21T20:09:43.467+08:00 DEBUG 21432 --- [nio-8080-exec-7] s.w.s.m.m.a.RequestMappingHandlerMapping : Mapped to com.example.poetry.backend.controller.TagSearchController#searchByTags(String, String, int, int)
2026-04-21T20:09:43.468+08:00 DEBUG 21432 --- [nio-8080-exec-7] o.s.jdbc.core.JdbcTemplate               : Executing prepared SQL query
2026-04-21T20:09:43.469+08:00 DEBUG 21432 --- [nio-8080-exec-7] o.s.jdbc.core.JdbcTemplate               : Executing prepared SQL statement [SELECT COUNT(*) FROM (
    SELECT w.work_id
    FROM poetry_work w
    JOIN work_tag wt ON wt.work_id = w.work_id
    WHERE wt.tag_id IN (?)
    GROUP BY w.work_id
    HAVING COUNT(DISTINCT wt.tag_id) = ?
) result_count
]
2026-04-21T20:09:44.325+08:00 DEBUG 21432 --- [nio-8080-exec-2] o.s.web.servlet.DispatcherServlet        : GET "/api/poems/search/by-tags?tagIds=15&sort=hot&page=1&pageSize=20", parameters={masked}
2026-04-21T20:09:44.325+08:00 DEBUG 21432 --- [nio-8080-exec-2] s.w.s.m.m.a.RequestMappingHandlerMapping : Mapped to com.example.poetry.backend.controller.TagSearchController#searchByTags(String, String, int, int)
2026-04-21T20:09:44.326+08:00 DEBUG 21432 --- [nio-8080-exec-2] o.s.jdbc.core.JdbcTemplate               : Executing prepared SQL query
2026-04-21T20:09:44.326+08:00 DEBUG 21432 --- [nio-8080-exec-2] o.s.jdbc.core.JdbcTemplate               : Executing prepared SQL statement [SELECT COUNT(*) FROM (
    SELECT w.work_id
    FROM poetry_work w
    JOIN work_tag wt ON wt.work_id = w.work_id
    WHERE wt.tag_id IN (?)
    GROUP BY w.work_id
    HAVING COUNT(DISTINCT wt.tag_id) = ?
) result_count
]
2026-04-21T20:09:44.327+08:00 DEBUG 21432 --- [io-8080-exec-10] o.s.web.servlet.DispatcherServlet        : GET "/api/poems/search/by-tags?tagIds=15&sort=hot&page=1&pageSize=20", parameters={masked}
2026-04-21T20:09:44.328+08:00 DEBUG 21432 --- [io-8080-exec-10] s.w.s.m.m.a.RequestMappingHandlerMapping : Mapped to com.example.poetry.backend.controller.TagSearchController#searchByTags(String, String, int, int)
2026-04-21T20:09:44.329+08:00 DEBUG 21432 --- [io-8080-exec-10] o.s.jdbc.core.JdbcTemplate               : Executing prepared SQL query
2026-04-21T20:09:44.329+08:00 DEBUG 21432 --- [io-8080-exec-10] o.s.jdbc.core.JdbcTemplate               : Executing prepared SQL statement [SELECT COUNT(*) FROM (
    SELECT w.work_id
    FROM poetry_work w
    JOIN work_tag wt ON wt.work_id = w.work_id
    WHERE wt.tag_id IN (?)
    GROUP BY w.work_id
    HAVING COUNT(DISTINCT wt.tag_id) = ?
) result_count
]
2026-04-21T20:09:45.025+08:00 DEBUG 21432 --- [nio-8080-exec-7] o.s.jdbc.core.JdbcTemplate               : Executing prepared SQL query
2026-04-21T20:09:45.025+08:00 DEBUG 21432 --- [nio-8080-exec-7] o.s.jdbc.core.JdbcTemplate               : Executing prepared SQL statement [WITH matched_work AS (
    SELECT wt.work_id
    FROM work_tag wt
    WHERE wt.tag_id IN (?)
    GROUP BY wt.work_id
    HAVING COUNT(DISTINCT wt.tag_id) = ?
),
work_meta AS (
    SELECT
        w.work_id AS workId,
        w.title,
        w.author_name_cache AS authorName,
        w.dynasty_name AS dynastyName,
        LEFT(w.content_text, 120) AS contentPreview,
        ROUND(
            (CASE WHEN w.translation_text IS NOT NULL AND w.translation_text <> '' THEN 30 ELSE 0 END) +
            (CASE WHEN w.annotation_text IS NOT NULL AND w.annotation_text <> '' THEN 25 ELSE 0 END) +
            (CASE WHEN w.appreciation_text IS NOT NULL AND w.appreciation_text <> '' THEN 20 ELSE 0 END) +
            (CASE WHEN w.char_count BETWEEN 12 AND 220 THEN 10 ELSE 0 END) +
            COALESCE(rel.relation_count, 0) * 0.05 +
            COALESCE(meta.tag_count, 0) * 0.20,
            2
        ) AS hotScore,
        DATE_FORMAT(w.created_at, '%Y-%m-%d %H:%i:%s') AS publishTime
    FROM poetry_work w
    JOIN matched_work mw ON mw.work_id = w.work_id
    LEFT JOIN (
        SELECT work_id, COUNT(*) AS relation_count
        FROM work_relation
        GROUP BY work_id
    ) rel ON rel.work_id = w.work_id
    LEFT JOIN (
        SELECT work_id, COUNT(*) AS tag_count
        FROM work_tag
        GROUP BY work_id
    ) meta ON meta.work_id = w.work_id
)
SELECT
    wm.workId,
    wm.title,
    wm.authorName,
    wm.dynastyName,
    wm.contentPreview,
    (
        SELECT GROUP_CONCAT(t.tag_name ORDER BY t.tag_name SEPARATOR ',')
        FROM work_tag wt2
        JOIN tag t ON t.tag_id = wt2.tag_id
        WHERE wt2.work_id = wm.workId
          AND wt2.tag_id IN (?)
    ) AS matchedTags,
    wm.hotScore,
    wm.publishTime
FROM work_meta wm
ORDER BY wm.hotScore DESC, wm.workId DESC
LIMIT ? OFFSET ?
]
2026-04-21T20:09:45.776+08:00 DEBUG 21432 --- [nio-8080-exec-2] o.s.jdbc.core.JdbcTemplate               : Executing prepared SQL query
2026-04-21T20:09:45.777+08:00 DEBUG 21432 --- [nio-8080-exec-2] o.s.jdbc.core.JdbcTemplate               : Executing prepared SQL statement [WITH matched_work AS (
    SELECT wt.work_id
    FROM work_tag wt
    WHERE wt.tag_id IN (?)
    GROUP BY wt.work_id
    HAVING COUNT(DISTINCT wt.tag_id) = ?
),
work_meta AS (
    SELECT
        w.work_id AS workId,
        w.title,
        w.author_name_cache AS authorName,
        w.dynasty_name AS dynastyName,
        LEFT(w.content_text, 120) AS contentPreview,
        ROUND(
            (CASE WHEN w.translation_text IS NOT NULL AND w.translation_text <> '' THEN 30 ELSE 0 END) +
            (CASE WHEN w.annotation_text IS NOT NULL AND w.annotation_text <> '' THEN 25 ELSE 0 END) +
            (CASE WHEN w.appreciation_text IS NOT NULL AND w.appreciation_text <> '' THEN 20 ELSE 0 END) +
            (CASE WHEN w.char_count BETWEEN 12 AND 220 THEN 10 ELSE 0 END) +
            COALESCE(rel.relation_count, 0) * 0.05 +
            COALESCE(meta.tag_count, 0) * 0.20,
            2
        ) AS hotScore,
        DATE_FORMAT(w.created_at, '%Y-%m-%d %H:%i:%s') AS publishTime
    FROM poetry_work w
    JOIN matched_work mw ON mw.work_id = w.work_id
    LEFT JOIN (
        SELECT work_id, COUNT(*) AS relation_count
        FROM work_relation
        GROUP BY work_id
    ) rel ON rel.work_id = w.work_id
    LEFT JOIN (
        SELECT work_id, COUNT(*) AS tag_count
        FROM work_tag
        GROUP BY work_id
    ) meta ON meta.work_id = w.work_id
)
SELECT
    wm.workId,
    wm.title,
    wm.authorName,
    wm.dynastyName,
    wm.contentPreview,
    (
        SELECT GROUP_CONCAT(t.tag_name ORDER BY t.tag_name SEPARATOR ',')
        FROM work_tag wt2
        JOIN tag t ON t.tag_id = wt2.tag_id
        WHERE wt2.work_id = wm.workId
          AND wt2.tag_id IN (?)
    ) AS matchedTags,
    wm.hotScore,
    wm.publishTime
FROM work_meta wm
ORDER BY wm.hotScore DESC, wm.workId DESC
LIMIT ? OFFSET ?
]
2026-04-21T20:09:45.783+08:00 DEBUG 21432 --- [io-8080-exec-10] o.s.jdbc.core.JdbcTemplate               : Executing prepared SQL query
2026-04-21T20:09:45.784+08:00 DEBUG 21432 --- [io-8080-exec-10] o.s.jdbc.core.JdbcTemplate               : Executing prepared SQL statement [WITH matched_work AS (
    SELECT wt.work_id
    FROM work_tag wt
    WHERE wt.tag_id IN (?)
    GROUP BY wt.work_id
    HAVING COUNT(DISTINCT wt.tag_id) = ?
),
work_meta AS (
    SELECT
        w.work_id AS workId,
        w.title,
        w.author_name_cache AS authorName,
        w.dynasty_name AS dynastyName,
        LEFT(w.content_text, 120) AS contentPreview,
        ROUND(
            (CASE WHEN w.translation_text IS NOT NULL AND w.translation_text <> '' THEN 30 ELSE 0 END) +
            (CASE WHEN w.annotation_text IS NOT NULL AND w.annotation_text <> '' THEN 25 ELSE 0 END) +
            (CASE WHEN w.appreciation_text IS NOT NULL AND w.appreciation_text <> '' THEN 20 ELSE 0 END) +
            (CASE WHEN w.char_count BETWEEN 12 AND 220 THEN 10 ELSE 0 END) +
            COALESCE(rel.relation_count, 0) * 0.05 +
            COALESCE(meta.tag_count, 0) * 0.20,
            2
        ) AS hotScore,
        DATE_FORMAT(w.created_at, '%Y-%m-%d %H:%i:%s') AS publishTime
    FROM poetry_work w
    JOIN matched_work mw ON mw.work_id = w.work_id
    LEFT JOIN (
        SELECT work_id, COUNT(*) AS relation_count
        FROM work_relation
        GROUP BY work_id
    ) rel ON rel.work_id = w.work_id
    LEFT JOIN (
        SELECT work_id, COUNT(*) AS tag_count
        FROM work_tag
        GROUP BY work_id
    ) meta ON meta.work_id = w.work_id
)
SELECT
    wm.workId,
    wm.title,
    wm.authorName,
    wm.dynastyName,
    wm.contentPreview,
    (
        SELECT GROUP_CONCAT(t.tag_name ORDER BY t.tag_name SEPARATOR ',')
        FROM work_tag wt2
        JOIN tag t ON t.tag_id = wt2.tag_id
        WHERE wt2.work_id = wm.workId
          AND wt2.tag_id IN (?)
    ) AS matchedTags,
    wm.hotScore,
    wm.publishTime
FROM work_meta wm
ORDER BY wm.hotScore DESC, wm.workId DESC
LIMIT ? OFFSET ?
]
2026-04-21T20:09:51.256+08:00 DEBUG 21432 --- [nio-8080-exec-7] m.m.a.RequestResponseBodyMethodProcessor : Using 'application/json', given [*/*] and supported [application/json, application/*+json]
2026-04-21T20:09:51.257+08:00 DEBUG 21432 --- [nio-8080-exec-7] m.m.a.RequestResponseBodyMethodProcessor : Writing [PoemTagSearchResponse[selectedTagIds=[15], sort=hot, total=96521, items=[PoemSearchItemDto[workId=21 (truncated)...]
2026-04-21T20:09:51.258+08:00 DEBUG 21432 --- [nio-8080-exec-7] o.s.web.servlet.DispatcherServlet        : Completed 200 OK
2026-04-21T20:09:51.488+08:00 DEBUG 21432 --- [nio-8080-exec-2] m.m.a.RequestResponseBodyMethodProcessor : Using 'application/json', given [*/*] and supported [application/json, application/*+json]
2026-04-21T20:09:51.489+08:00 DEBUG 21432 --- [nio-8080-exec-2] m.m.a.RequestResponseBodyMethodProcessor : Writing [PoemTagSearchResponse[selectedTagIds=[15], sort=hot, total=96521, items=[PoemSearchItemDto[workId=21 (truncated)...]
2026-04-21T20:09:51.489+08:00 DEBUG 21432 --- [io-8080-exec-10] m.m.a.RequestResponseBodyMethodProcessor : Using 'application/json', given [*/*] and supported [application/json, application/*+json]
2026-04-21T20:09:51.490+08:00 DEBUG 21432 --- [nio-8080-exec-2] o.s.web.servlet.DispatcherServlet        : Completed 200 OK
2026-04-21T20:09:51.490+08:00 DEBUG 21432 --- [io-8080-exec-10] m.m.a.RequestResponseBodyMethodProcessor : Writing [PoemTagSearchResponse[selectedTagIds=[15], sort=hot, total=96521, items=[PoemSearchItemDto[workId=21 (truncated)...]
2026-04-21T20:09:51.490+08:00 DEBUG 21432 --- [io-8080-exec-10] o.s.web.servlet.DispatcherServlet        : Completed 200 OK
2026-04-21T20:09:52.604+08:00 DEBUG 21432 --- [nio-8080-exec-6] o.s.web.servlet.DispatcherServlet        : GET "/api/poems/search/by-tags?tagIds=15&sort=publish_time&page=1&pageSize=20", parameters={masked}
2026-04-21T20:09:52.605+08:00 DEBUG 21432 --- [nio-8080-exec-6] s.w.s.m.m.a.RequestMappingHandlerMapping : Mapped to com.example.poetry.backend.controller.TagSearchController#searchByTags(String, String, int, int)
2026-04-21T20:09:52.606+08:00 DEBUG 21432 --- [nio-8080-exec-6] o.s.jdbc.core.JdbcTemplate               : Executing prepared SQL query
2026-04-21T20:09:52.606+08:00 DEBUG 21432 --- [nio-8080-exec-6] o.s.jdbc.core.JdbcTemplate               : Executing prepared SQL statement [SELECT COUNT(*) FROM (
    SELECT w.work_id
    FROM poetry_work w
    JOIN work_tag wt ON wt.work_id = w.work_id
    WHERE wt.tag_id IN (?)
    GROUP BY w.work_id
    HAVING COUNT(DISTINCT wt.tag_id) = ?
) result_count
]
2026-04-21T20:09:54.536+08:00 DEBUG 21432 --- [nio-8080-exec-6] o.s.jdbc.core.JdbcTemplate               : Executing prepared SQL query
2026-04-21T20:09:54.536+08:00 DEBUG 21432 --- [nio-8080-exec-6] o.s.jdbc.core.JdbcTemplate               : Executing prepared SQL statement [WITH matched_work AS (
    SELECT wt.work_id
    FROM work_tag wt
    WHERE wt.tag_id IN (?)
    GROUP BY wt.work_id
    HAVING COUNT(DISTINCT wt.tag_id) = ?
),
work_meta AS (
    SELECT
        w.work_id AS workId,
        w.title,
        w.author_name_cache AS authorName,
        w.dynasty_name AS dynastyName,
        LEFT(w.content_text, 120) AS contentPreview,
        ROUND(
            (CASE WHEN w.translation_text IS NOT NULL AND w.translation_text <> '' THEN 30 ELSE 0 END) +
            (CASE WHEN w.annotation_text IS NOT NULL AND w.annotation_text <> '' THEN 25 ELSE 0 END) +
            (CASE WHEN w.appreciation_text IS NOT NULL AND w.appreciation_text <> '' THEN 20 ELSE 0 END) +
            (CASE WHEN w.char_count BETWEEN 12 AND 220 THEN 10 ELSE 0 END) +
            COALESCE(rel.relation_count, 0) * 0.05 +
            COALESCE(meta.tag_count, 0) * 0.20,
            2
        ) AS hotScore,
        DATE_FORMAT(w.created_at, '%Y-%m-%d %H:%i:%s') AS publishTime
    FROM poetry_work w
    JOIN matched_work mw ON mw.work_id = w.work_id
    LEFT JOIN (
        SELECT work_id, COUNT(*) AS relation_count
        FROM work_relation
        GROUP BY work_id
    ) rel ON rel.work_id = w.work_id
    LEFT JOIN (
        SELECT work_id, COUNT(*) AS tag_count
        FROM work_tag
        GROUP BY work_id
    ) meta ON meta.work_id = w.work_id
)
SELECT
    wm.workId,
    wm.title,
    wm.authorName,
    wm.dynastyName,
    wm.contentPreview,
    (
        SELECT GROUP_CONCAT(t.tag_name ORDER BY t.tag_name SEPARATOR ',')
        FROM work_tag wt2
        JOIN tag t ON t.tag_id = wt2.tag_id
        WHERE wt2.work_id = wm.workId
          AND wt2.tag_id IN (?)
    ) AS matchedTags,
    wm.hotScore,
    wm.publishTime
FROM work_meta wm
ORDER BY wm.publishTime DESC, wm.workId DESC
LIMIT ? OFFSET ?
]
2026-04-21T20:10:01.964+08:00 DEBUG 21432 --- [nio-8080-exec-6] m.m.a.RequestResponseBodyMethodProcessor : Using 'application/json', given [*/*] and supported [application/json, application/*+json]
2026-04-21T20:10:01.965+08:00 DEBUG 21432 --- [nio-8080-exec-6] m.m.a.RequestResponseBodyMethodProcessor : Writing [PoemTagSearchResponse[selectedTagIds=[15], sort=publish_time, total=96521, items=[PoemSearchItemDto[ (truncated)...]
2026-04-21T20:10:01.965+08:00 DEBUG 21432 --- [nio-8080-exec-6] o.s.web.servlet.DispatcherServlet        : Completed 200 OK
2026-04-21T20:10:31.902+08:00 DEBUG 21432 --- [nio-8080-exec-4] o.s.web.servlet.DispatcherServlet        : GET "/api/poems/search/by-tags?tagIds=15&sort=hot&page=1&pageSize=20", parameters={masked}
2026-04-21T20:10:31.903+08:00 DEBUG 21432 --- [nio-8080-exec-4] s.w.s.m.m.a.RequestMappingHandlerMapping : Mapped to com.example.poetry.backend.controller.TagSearchController#searchByTags(String, String, int, int)
2026-04-21T20:10:31.904+08:00 DEBUG 21432 --- [nio-8080-exec-4] o.s.jdbc.core.JdbcTemplate               : Executing prepared SQL query
2026-04-21T20:10:31.904+08:00 DEBUG 21432 --- [nio-8080-exec-4] o.s.jdbc.core.JdbcTemplate               : Executing prepared SQL statement [SELECT COUNT(*) FROM (
    SELECT w.work_id
    FROM poetry_work w
    JOIN work_tag wt ON wt.work_id = w.work_id
    WHERE wt.tag_id IN (?)
    GROUP BY w.work_id
    HAVING COUNT(DISTINCT wt.tag_id) = ?
) result_count
]
2026-04-21T20:10:33.401+08:00 DEBUG 21432 --- [nio-8080-exec-4] o.s.jdbc.core.JdbcTemplate               : Executing prepared SQL query
2026-04-21T20:10:33.401+08:00 DEBUG 21432 --- [nio-8080-exec-4] o.s.jdbc.core.JdbcTemplate               : Executing prepared SQL statement [WITH matched_work AS (
    SELECT wt.work_id
    FROM work_tag wt
    WHERE wt.tag_id IN (?)
    GROUP BY wt.work_id
    HAVING COUNT(DISTINCT wt.tag_id) = ?
),
work_meta AS (
    SELECT
        w.work_id AS workId,
        w.title,
        w.author_name_cache AS authorName,
        w.dynasty_name AS dynastyName,
        LEFT(w.content_text, 120) AS contentPreview,
        ROUND(
            (CASE WHEN w.translation_text IS NOT NULL AND w.translation_text <> '' THEN 30 ELSE 0 END) +
            (CASE WHEN w.annotation_text IS NOT NULL AND w.annotation_text <> '' THEN 25 ELSE 0 END) +
            (CASE WHEN w.appreciation_text IS NOT NULL AND w.appreciation_text <> '' THEN 20 ELSE 0 END) +
            (CASE WHEN w.char_count BETWEEN 12 AND 220 THEN 10 ELSE 0 END) +
            COALESCE(rel.relation_count, 0) * 0.05 +
            COALESCE(meta.tag_count, 0) * 0.20,
            2
        ) AS hotScore,
        DATE_FORMAT(w.created_at, '%Y-%m-%d %H:%i:%s') AS publishTime
    FROM poetry_work w
    JOIN matched_work mw ON mw.work_id = w.work_id
    LEFT JOIN (
        SELECT work_id, COUNT(*) AS relation_count
        FROM work_relation
        GROUP BY work_id
    ) rel ON rel.work_id = w.work_id
    LEFT JOIN (
        SELECT work_id, COUNT(*) AS tag_count
        FROM work_tag
        GROUP BY work_id
    ) meta ON meta.work_id = w.work_id
)
SELECT
    wm.workId,
    wm.title,
    wm.authorName,
    wm.dynastyName,
    wm.contentPreview,
    (
        SELECT GROUP_CONCAT(t.tag_name ORDER BY t.tag_name SEPARATOR ',')
        FROM work_tag wt2
        JOIN tag t ON t.tag_id = wt2.tag_id
        WHERE wt2.work_id = wm.workId
          AND wt2.tag_id IN (?)
    ) AS matchedTags,
    wm.hotScore,
    wm.publishTime
FROM work_meta wm
ORDER BY wm.hotScore DESC, wm.workId DESC
LIMIT ? OFFSET ?
]
2026-04-21T20:10:40.412+08:00 DEBUG 21432 --- [nio-8080-exec-4] m.m.a.RequestResponseBodyMethodProcessor : Using 'application/json', given [*/*] and supported [application/json, application/*+json]
2026-04-21T20:10:40.413+08:00 DEBUG 21432 --- [nio-8080-exec-4] m.m.a.RequestResponseBodyMethodProcessor : Writing [PoemTagSearchResponse[selectedTagIds=[15], sort=hot, total=96521, items=[PoemSearchItemDto[workId=21 (truncated)...]
2026-04-21T20:10:40.414+08:00 DEBUG 21432 --- [nio-8080-exec-4] o.s.web.servlet.DispatcherServlet        : Completed 200 OK
2026-04-21T20:10:42.948+08:00 DEBUG 21432 --- [nio-8080-exec-1] o.s.web.servlet.DispatcherServlet        : GET "/api/tags/hot?limit=20", parameters={masked}
2026-04-21T20:10:42.948+08:00 DEBUG 21432 --- [nio-8080-exec-1] s.w.s.m.m.a.RequestMappingHandlerMapping : Mapped to com.example.poetry.backend.controller.TagSearchController#getHotTags(int)
2026-04-21T20:10:42.948+08:00 DEBUG 21432 --- [nio-8080-exec-1] o.s.jdbc.core.JdbcTemplate               : Executing prepared SQL query
2026-04-21T20:10:42.950+08:00 DEBUG 21432 --- [nio-8080-exec-1] o.s.jdbc.core.JdbcTemplate               : Executing prepared SQL statement [SELECT
    t.tag_id AS tagId,
    t.tag_name AS tagName,
    t.tag_type AS tagType,
    COUNT(wt.work_id) AS workCount
FROM tag t
LEFT JOIN work_tag wt ON wt.tag_id = t.tag_id
GROUP BY t.tag_id, t.tag_name, t.tag_type
ORDER BY workCount DESC, t.tag_id ASC
LIMIT ?
]
2026-04-21T20:10:45.138+08:00 DEBUG 21432 --- [nio-8080-exec-1] m.m.a.RequestResponseBodyMethodProcessor : Using 'application/json', given [*/*] and supported [application/json, application/*+json]
2026-04-21T20:10:45.139+08:00 DEBUG 21432 --- [nio-8080-exec-1] m.m.a.RequestResponseBodyMethodProcessor : Writing [[TagDto[tagId=15, tagName=写景, tagType=theme, workCount=96521], TagDto[tagId=6, tagName=山水, tagType=s (truncated)...]
2026-04-21T20:10:45.140+08:00 DEBUG 21432 --- [nio-8080-exec-1] o.s.web.servlet.DispatcherServlet        : Completed 200 OK
2026-04-21T20:10:46.067+08:00 DEBUG 21432 --- [nio-8080-exec-8] o.s.web.servlet.DispatcherServlet        : GET "/api/poems/search/by-tags?tagIds=15%2C6&sort=hot&page=1&pageSize=20", parameters={masked}
2026-04-21T20:10:46.067+08:00 DEBUG 21432 --- [nio-8080-exec-8] s.w.s.m.m.a.RequestMappingHandlerMapping : Mapped to com.example.poetry.backend.controller.TagSearchController#searchByTags(String, String, int, int)
2026-04-21T20:10:46.068+08:00 DEBUG 21432 --- [nio-8080-exec-8] o.s.jdbc.core.JdbcTemplate               : Executing prepared SQL query
2026-04-21T20:10:46.069+08:00 DEBUG 21432 --- [nio-8080-exec-8] o.s.jdbc.core.JdbcTemplate               : Executing prepared SQL statement [SELECT COUNT(*) FROM (
    SELECT w.work_id
    FROM poetry_work w
    JOIN work_tag wt ON wt.work_id = w.work_id
    WHERE wt.tag_id IN (?, ?)
    GROUP BY w.work_id
    HAVING COUNT(DISTINCT wt.tag_id) = ?
) result_count
]
2026-04-21T20:10:46.465+08:00 DEBUG 21432 --- [nio-8080-exec-9] o.s.web.servlet.DispatcherServlet        : GET "/api/poems/search/by-tags?tagIds=6&sort=hot&page=1&pageSize=20", parameters={masked}
2026-04-21T20:10:46.466+08:00 DEBUG 21432 --- [nio-8080-exec-9] s.w.s.m.m.a.RequestMappingHandlerMapping : Mapped to com.example.poetry.backend.controller.TagSearchController#searchByTags(String, String, int, int)
2026-04-21T20:10:46.467+08:00 DEBUG 21432 --- [nio-8080-exec-9] o.s.jdbc.core.JdbcTemplate               : Executing prepared SQL query
2026-04-21T20:10:46.468+08:00 DEBUG 21432 --- [nio-8080-exec-9] o.s.jdbc.core.JdbcTemplate               : Executing prepared SQL statement [SELECT COUNT(*) FROM (
    SELECT w.work_id
    FROM poetry_work w
    JOIN work_tag wt ON wt.work_id = w.work_id
    WHERE wt.tag_id IN (?)
    GROUP BY w.work_id
    HAVING COUNT(DISTINCT wt.tag_id) = ?
) result_count
]
2026-04-21T20:10:47.226+08:00 DEBUG 21432 --- [nio-8080-exec-7] o.s.web.servlet.DispatcherServlet        : GET "/api/poems/search/by-tags?tagIds=6&sort=hot&page=1&pageSize=20", parameters={masked}
2026-04-21T20:10:47.227+08:00 DEBUG 21432 --- [nio-8080-exec-7] s.w.s.m.m.a.RequestMappingHandlerMapping : Mapped to com.example.poetry.backend.controller.TagSearchController#searchByTags(String, String, int, int)
2026-04-21T20:10:47.228+08:00 DEBUG 21432 --- [nio-8080-exec-7] o.s.jdbc.core.JdbcTemplate               : Executing prepared SQL query
2026-04-21T20:10:47.228+08:00 DEBUG 21432 --- [nio-8080-exec-7] o.s.jdbc.core.JdbcTemplate               : Executing prepared SQL statement [SELECT COUNT(*) FROM (
    SELECT w.work_id
    FROM poetry_work w
    JOIN work_tag wt ON wt.work_id = w.work_id
    WHERE wt.tag_id IN (?)
    GROUP BY w.work_id
    HAVING COUNT(DISTINCT wt.tag_id) = ?
) result_count
]
2026-04-21T20:10:47.232+08:00 DEBUG 21432 --- [nio-8080-exec-2] o.s.web.servlet.DispatcherServlet        : GET "/api/poems/search/by-tags?tagIds=6&sort=hot&page=1&pageSize=20", parameters={masked}
2026-04-21T20:10:47.232+08:00 DEBUG 21432 --- [nio-8080-exec-2] s.w.s.m.m.a.RequestMappingHandlerMapping : Mapped to com.example.poetry.backend.controller.TagSearchController#searchByTags(String, String, int, int)
2026-04-21T20:10:47.234+08:00 DEBUG 21432 --- [nio-8080-exec-2] o.s.jdbc.core.JdbcTemplate               : Executing prepared SQL query
2026-04-21T20:10:47.234+08:00 DEBUG 21432 --- [nio-8080-exec-2] o.s.jdbc.core.JdbcTemplate               : Executing prepared SQL statement [SELECT COUNT(*) FROM (
    SELECT w.work_id
    FROM poetry_work w
    JOIN work_tag wt ON wt.work_id = w.work_id
    WHERE wt.tag_id IN (?)
    GROUP BY w.work_id
    HAVING COUNT(DISTINCT wt.tag_id) = ?
) result_count
]
2026-04-21T20:10:47.614+08:00 DEBUG 21432 --- [nio-8080-exec-9] o.s.jdbc.core.JdbcTemplate               : Executing prepared SQL query
2026-04-21T20:10:47.614+08:00 DEBUG 21432 --- [nio-8080-exec-9] o.s.jdbc.core.JdbcTemplate               : Executing prepared SQL statement [WITH matched_work AS (
    SELECT wt.work_id
    FROM work_tag wt
    WHERE wt.tag_id IN (?)
    GROUP BY wt.work_id
    HAVING COUNT(DISTINCT wt.tag_id) = ?
),
work_meta AS (
    SELECT
        w.work_id AS workId,
        w.title,
        w.author_name_cache AS authorName,
        w.dynasty_name AS dynastyName,
        LEFT(w.content_text, 120) AS contentPreview,
        ROUND(
            (CASE WHEN w.translation_text IS NOT NULL AND w.translation_text <> '' THEN 30 ELSE 0 END) +
            (CASE WHEN w.annotation_text IS NOT NULL AND w.annotation_text <> '' THEN 25 ELSE 0 END) +
            (CASE WHEN w.appreciation_text IS NOT NULL AND w.appreciation_text <> '' THEN 20 ELSE 0 END) +
            (CASE WHEN w.char_count BETWEEN 12 AND 220 THEN 10 ELSE 0 END) +
            COALESCE(rel.relation_count, 0) * 0.05 +
            COALESCE(meta.tag_count, 0) * 0.20,
            2
        ) AS hotScore,
        DATE_FORMAT(w.created_at, '%Y-%m-%d %H:%i:%s') AS publishTime
    FROM poetry_work w
    JOIN matched_work mw ON mw.work_id = w.work_id
    LEFT JOIN (
        SELECT work_id, COUNT(*) AS relation_count
        FROM work_relation
        GROUP BY work_id
    ) rel ON rel.work_id = w.work_id
    LEFT JOIN (
        SELECT work_id, COUNT(*) AS tag_count
        FROM work_tag
        GROUP BY work_id
    ) meta ON meta.work_id = w.work_id
)
SELECT
    wm.workId,
    wm.title,
    wm.authorName,
    wm.dynastyName,
    wm.contentPreview,
    (
        SELECT GROUP_CONCAT(t.tag_name ORDER BY t.tag_name SEPARATOR ',')
        FROM work_tag wt2
        JOIN tag t ON t.tag_id = wt2.tag_id
        WHERE wt2.work_id = wm.workId
          AND wt2.tag_id IN (?)
    ) AS matchedTags,
    wm.hotScore,
    wm.publishTime
FROM work_meta wm
ORDER BY wm.hotScore DESC, wm.workId DESC
LIMIT ? OFFSET ?
]
2026-04-21T20:10:47.636+08:00 DEBUG 21432 --- [nio-8080-exec-8] o.s.jdbc.core.JdbcTemplate               : Executing prepared SQL query
2026-04-21T20:10:47.636+08:00 DEBUG 21432 --- [nio-8080-exec-8] o.s.jdbc.core.JdbcTemplate               : Executing prepared SQL statement [WITH matched_work AS (
    SELECT wt.work_id
    FROM work_tag wt
    WHERE wt.tag_id IN (?, ?)
    GROUP BY wt.work_id
    HAVING COUNT(DISTINCT wt.tag_id) = ?
),
work_meta AS (
    SELECT
        w.work_id AS workId,
        w.title,
        w.author_name_cache AS authorName,
        w.dynasty_name AS dynastyName,
        LEFT(w.content_text, 120) AS contentPreview,
        ROUND(
            (CASE WHEN w.translation_text IS NOT NULL AND w.translation_text <> '' THEN 30 ELSE 0 END) +
            (CASE WHEN w.annotation_text IS NOT NULL AND w.annotation_text <> '' THEN 25 ELSE 0 END) +
            (CASE WHEN w.appreciation_text IS NOT NULL AND w.appreciation_text <> '' THEN 20 ELSE 0 END) +
            (CASE WHEN w.char_count BETWEEN 12 AND 220 THEN 10 ELSE 0 END) +
            COALESCE(rel.relation_count, 0) * 0.05 +
            COALESCE(meta.tag_count, 0) * 0.20,
            2
        ) AS hotScore,
        DATE_FORMAT(w.created_at, '%Y-%m-%d %H:%i:%s') AS publishTime
    FROM poetry_work w
    JOIN matched_work mw ON mw.work_id = w.work_id
    LEFT JOIN (
        SELECT work_id, COUNT(*) AS relation_count
        FROM work_relation
        GROUP BY work_id
    ) rel ON rel.work_id = w.work_id
    LEFT JOIN (
        SELECT work_id, COUNT(*) AS tag_count
        FROM work_tag
        GROUP BY work_id
    ) meta ON meta.work_id = w.work_id
)
SELECT
    wm.workId,
    wm.title,
    wm.authorName,
    wm.dynastyName,
    wm.contentPreview,
    (
        SELECT GROUP_CONCAT(t.tag_name ORDER BY t.tag_name SEPARATOR ',')
        FROM work_tag wt2
        JOIN tag t ON t.tag_id = wt2.tag_id
        WHERE wt2.work_id = wm.workId
          AND wt2.tag_id IN (?, ?)
    ) AS matchedTags,
    wm.hotScore,
    wm.publishTime
FROM work_meta wm
ORDER BY wm.hotScore DESC, wm.workId DESC
LIMIT ? OFFSET ?
]
2026-04-21T20:10:48.495+08:00 DEBUG 21432 --- [nio-8080-exec-7] o.s.jdbc.core.JdbcTemplate               : Executing prepared SQL query
2026-04-21T20:10:48.496+08:00 DEBUG 21432 --- [nio-8080-exec-7] o.s.jdbc.core.JdbcTemplate               : Executing prepared SQL statement [WITH matched_work AS (
    SELECT wt.work_id
    FROM work_tag wt
    WHERE wt.tag_id IN (?)
    GROUP BY wt.work_id
    HAVING COUNT(DISTINCT wt.tag_id) = ?
),
work_meta AS (
    SELECT
        w.work_id AS workId,
        w.title,
        w.author_name_cache AS authorName,
        w.dynasty_name AS dynastyName,
        LEFT(w.content_text, 120) AS contentPreview,
        ROUND(
            (CASE WHEN w.translation_text IS NOT NULL AND w.translation_text <> '' THEN 30 ELSE 0 END) +
            (CASE WHEN w.annotation_text IS NOT NULL AND w.annotation_text <> '' THEN 25 ELSE 0 END) +
            (CASE WHEN w.appreciation_text IS NOT NULL AND w.appreciation_text <> '' THEN 20 ELSE 0 END) +
            (CASE WHEN w.char_count BETWEEN 12 AND 220 THEN 10 ELSE 0 END) +
            COALESCE(rel.relation_count, 0) * 0.05 +
            COALESCE(meta.tag_count, 0) * 0.20,
            2
        ) AS hotScore,
        DATE_FORMAT(w.created_at, '%Y-%m-%d %H:%i:%s') AS publishTime
    FROM poetry_work w
    JOIN matched_work mw ON mw.work_id = w.work_id
    LEFT JOIN (
        SELECT work_id, COUNT(*) AS relation_count
        FROM work_relation
        GROUP BY work_id
    ) rel ON rel.work_id = w.work_id
    LEFT JOIN (
        SELECT work_id, COUNT(*) AS tag_count
        FROM work_tag
        GROUP BY work_id
    ) meta ON meta.work_id = w.work_id
)
SELECT
    wm.workId,
    wm.title,
    wm.authorName,
    wm.dynastyName,
    wm.contentPreview,
    (
        SELECT GROUP_CONCAT(t.tag_name ORDER BY t.tag_name SEPARATOR ',')
        FROM work_tag wt2
        JOIN tag t ON t.tag_id = wt2.tag_id
        WHERE wt2.work_id = wm.workId
          AND wt2.tag_id IN (?)
    ) AS matchedTags,
    wm.hotScore,
    wm.publishTime
FROM work_meta wm
ORDER BY wm.hotScore DESC, wm.workId DESC
LIMIT ? OFFSET ?
]
2026-04-21T20:10:48.496+08:00 DEBUG 21432 --- [nio-8080-exec-2] o.s.jdbc.core.JdbcTemplate               : Executing prepared SQL query
2026-04-21T20:10:48.497+08:00 DEBUG 21432 --- [nio-8080-exec-2] o.s.jdbc.core.JdbcTemplate               : Executing prepared SQL statement [WITH matched_work AS (
    SELECT wt.work_id
    FROM work_tag wt
    WHERE wt.tag_id IN (?)
    GROUP BY wt.work_id
    HAVING COUNT(DISTINCT wt.tag_id) = ?
),
work_meta AS (
    SELECT
        w.work_id AS workId,
        w.title,
        w.author_name_cache AS authorName,
        w.dynasty_name AS dynastyName,
        LEFT(w.content_text, 120) AS contentPreview,
        ROUND(
            (CASE WHEN w.translation_text IS NOT NULL AND w.translation_text <> '' THEN 30 ELSE 0 END) +
            (CASE WHEN w.annotation_text IS NOT NULL AND w.annotation_text <> '' THEN 25 ELSE 0 END) +
            (CASE WHEN w.appreciation_text IS NOT NULL AND w.appreciation_text <> '' THEN 20 ELSE 0 END) +
            (CASE WHEN w.char_count BETWEEN 12 AND 220 THEN 10 ELSE 0 END) +
            COALESCE(rel.relation_count, 0) * 0.05 +
            COALESCE(meta.tag_count, 0) * 0.20,
            2
        ) AS hotScore,
        DATE_FORMAT(w.created_at, '%Y-%m-%d %H:%i:%s') AS publishTime
    FROM poetry_work w
    JOIN matched_work mw ON mw.work_id = w.work_id
    LEFT JOIN (
        SELECT work_id, COUNT(*) AS relation_count
        FROM work_relation
        GROUP BY work_id
    ) rel ON rel.work_id = w.work_id
    LEFT JOIN (
        SELECT work_id, COUNT(*) AS tag_count
        FROM work_tag
        GROUP BY work_id
    ) meta ON meta.work_id = w.work_id
)
SELECT
    wm.workId,
    wm.title,
    wm.authorName,
    wm.dynastyName,
    wm.contentPreview,
    (
        SELECT GROUP_CONCAT(t.tag_name ORDER BY t.tag_name SEPARATOR ',')
        FROM work_tag wt2
        JOIN tag t ON t.tag_id = wt2.tag_id
        WHERE wt2.work_id = wm.workId
          AND wt2.tag_id IN (?)
    ) AS matchedTags,
    wm.hotScore,
    wm.publishTime
FROM work_meta wm
ORDER BY wm.hotScore DESC, wm.workId DESC
LIMIT ? OFFSET ?
]
2026-04-21T20:10:52.994+08:00 DEBUG 21432 --- [nio-8080-exec-8] m.m.a.RequestResponseBodyMethodProcessor : Using 'application/json', given [*/*] and supported [application/json, application/*+json]
2026-04-21T20:10:52.995+08:00 DEBUG 21432 --- [nio-8080-exec-8] m.m.a.RequestResponseBodyMethodProcessor : Writing [PoemTagSearchResponse[selectedTagIds=[15, 6], sort=hot, total=66482, items=[PoemSearchItemDto[workId (truncated)...]
2026-04-21T20:10:52.995+08:00 DEBUG 21432 --- [nio-8080-exec-9] m.m.a.RequestResponseBodyMethodProcessor : Using 'application/json', given [*/*] and supported [application/json, application/*+json]
2026-04-21T20:10:52.996+08:00 DEBUG 21432 --- [nio-8080-exec-8] o.s.web.servlet.DispatcherServlet        : Completed 200 OK
2026-04-21T20:10:52.996+08:00 DEBUG 21432 --- [nio-8080-exec-9] m.m.a.RequestResponseBodyMethodProcessor : Writing [PoemTagSearchResponse[selectedTagIds=[6], sort=hot, total=68980, items=[PoemSearchItemDto[workId=215 (truncated)...]
2026-04-21T20:10:52.999+08:00 DEBUG 21432 --- [nio-8080-exec-9] o.s.web.servlet.DispatcherServlet        : Completed 200 OK
2026-04-21T20:10:53.397+08:00 DEBUG 21432 --- [nio-8080-exec-7] m.m.a.RequestResponseBodyMethodProcessor : Using 'application/json', given [*/*] and supported [application/json, application/*+json]
2026-04-21T20:10:53.398+08:00 DEBUG 21432 --- [nio-8080-exec-2] m.m.a.RequestResponseBodyMethodProcessor : Using 'application/json', given [*/*] and supported [application/json, application/*+json]
2026-04-21T20:10:53.398+08:00 DEBUG 21432 --- [nio-8080-exec-7] m.m.a.RequestResponseBodyMethodProcessor : Writing [PoemTagSearchResponse[selectedTagIds=[6], sort=hot, total=68980, items=[PoemSearchItemDto[workId=215 (truncated)...]
2026-04-21T20:10:53.398+08:00 DEBUG 21432 --- [nio-8080-exec-2] m.m.a.RequestResponseBodyMethodProcessor : Writing [PoemTagSearchResponse[selectedTagIds=[6], sort=hot, total=68980, items=[PoemSearchItemDto[workId=215 (truncated)...]
2026-04-21T20:10:53.399+08:00 DEBUG 21432 --- [nio-8080-exec-7] o.s.web.servlet.DispatcherServlet        : Completed 200 OK
2026-04-21T20:10:53.399+08:00 DEBUG 21432 --- [nio-8080-exec-2] o.s.web.servlet.DispatcherServlet        : Completed 200 OK
2026-04-21T20:10:56.604+08:00 DEBUG 21432 --- [io-8080-exec-10] o.s.web.servlet.DispatcherServlet        : GET "/api/poems/search/by-tags?tagIds=6&sort=publish_time&page=1&pageSize=20", parameters={masked}
2026-04-21T20:10:56.604+08:00 DEBUG 21432 --- [io-8080-exec-10] s.w.s.m.m.a.RequestMappingHandlerMapping : Mapped to com.example.poetry.backend.controller.TagSearchController#searchByTags(String, String, int, int)
2026-04-21T20:10:56.605+08:00 DEBUG 21432 --- [io-8080-exec-10] o.s.jdbc.core.JdbcTemplate               : Executing prepared SQL query
2026-04-21T20:10:56.606+08:00 DEBUG 21432 --- [io-8080-exec-10] o.s.jdbc.core.JdbcTemplate               : Executing prepared SQL statement [SELECT COUNT(*) FROM (
    SELECT w.work_id
    FROM poetry_work w
    JOIN work_tag wt ON wt.work_id = w.work_id
    WHERE wt.tag_id IN (?)
    GROUP BY w.work_id
    HAVING COUNT(DISTINCT wt.tag_id) = ?
) result_count
]
2026-04-21T20:10:58.470+08:00 DEBUG 21432 --- [io-8080-exec-10] o.s.jdbc.core.JdbcTemplate               : Executing prepared SQL query
2026-04-21T20:10:58.470+08:00 DEBUG 21432 --- [io-8080-exec-10] o.s.jdbc.core.JdbcTemplate               : Executing prepared SQL statement [WITH matched_work AS (
    SELECT wt.work_id
    FROM work_tag wt
    WHERE wt.tag_id IN (?)
    GROUP BY wt.work_id
    HAVING COUNT(DISTINCT wt.tag_id) = ?
),
work_meta AS (
    SELECT
        w.work_id AS workId,
        w.title,
        w.author_name_cache AS authorName,
        w.dynasty_name AS dynastyName,
        LEFT(w.content_text, 120) AS contentPreview,
        ROUND(
            (CASE WHEN w.translation_text IS NOT NULL AND w.translation_text <> '' THEN 30 ELSE 0 END) +
            (CASE WHEN w.annotation_text IS NOT NULL AND w.annotation_text <> '' THEN 25 ELSE 0 END) +
            (CASE WHEN w.appreciation_text IS NOT NULL AND w.appreciation_text <> '' THEN 20 ELSE 0 END) +
            (CASE WHEN w.char_count BETWEEN 12 AND 220 THEN 10 ELSE 0 END) +
            COALESCE(rel.relation_count, 0) * 0.05 +
            COALESCE(meta.tag_count, 0) * 0.20,
            2
        ) AS hotScore,
        DATE_FORMAT(w.created_at, '%Y-%m-%d %H:%i:%s') AS publishTime
    FROM poetry_work w
    JOIN matched_work mw ON mw.work_id = w.work_id
    LEFT JOIN (
        SELECT work_id, COUNT(*) AS relation_count
        FROM work_relation
        GROUP BY work_id
    ) rel ON rel.work_id = w.work_id
    LEFT JOIN (
        SELECT work_id, COUNT(*) AS tag_count
        FROM work_tag
        GROUP BY work_id
    ) meta ON meta.work_id = w.work_id
)
SELECT
    wm.workId,
    wm.title,
    wm.authorName,
    wm.dynastyName,
    wm.contentPreview,
    (
        SELECT GROUP_CONCAT(t.tag_name ORDER BY t.tag_name SEPARATOR ',')
        FROM work_tag wt2
        JOIN tag t ON t.tag_id = wt2.tag_id
        WHERE wt2.work_id = wm.workId
          AND wt2.tag_id IN (?)
    ) AS matchedTags,
    wm.hotScore,
    wm.publishTime
FROM work_meta wm
ORDER BY wm.publishTime DESC, wm.workId DESC
LIMIT ? OFFSET ?
]
2026-04-21T20:11:05.285+08:00 DEBUG 21432 --- [io-8080-exec-10] m.m.a.RequestResponseBodyMethodProcessor : Using 'application/json', given [*/*] and supported [application/json, application/*+json]
2026-04-21T20:11:05.286+08:00 DEBUG 21432 --- [io-8080-exec-10] m.m.a.RequestResponseBodyMethodProcessor : Writing [PoemTagSearchResponse[selectedTagIds=[6], sort=publish_time, total=68980, items=[PoemSearchItemDto[w (truncated)...]
2026-04-21T20:11:05.287+08:00 DEBUG 21432 --- [io-8080-exec-10] o.s.web.servlet.DispatcherServlet        : Completed 200 OK
